/*
 Navicat Premium Data Transfer

 Source Server         : youcai
 Source Server Type    : MySQL
 Source Server Version : 50723
 Source Host           : localhost:3306
 Source Schema         : table_youcai

 Target Server Type    : MySQL
 Target Server Version : 50723
 File Encoding         : 65001

 Date: 03/09/2018 16:28:55
*/

SET NAMES utf8mb4;
SET FOREIGN_KEY_CHECKS = 0;

-- ----------------------------
-- Table structure for category
-- ----------------------------
DROP TABLE IF EXISTS `category`;
CREATE TABLE `category` (
  `code` varchar(4) NOT NULL,
  `name` varchar(20) DEFAULT NULL,
  `note` varchar(100) DEFAULT NULL,
  PRIMARY KEY (`code`) USING BTREE
) ENGINE=InnoDB DEFAULT CHARSET=utf8 ROW_FORMAT=DYNAMIC COMMENT='产品大类编码表';

-- ----------------------------
-- Records of category
-- ----------------------------
BEGIN;
INSERT INTO `category` VALUES ('0100', '蔬菜类', NULL);
INSERT INTO `category` VALUES ('0200', '肉类', NULL);
INSERT INTO `category` VALUES ('0300', '鱼类', NULL);
INSERT INTO `category` VALUES ('0400', '干货粮油类', NULL);
INSERT INTO `category` VALUES ('0500', '杂货类', NULL);
COMMIT;

-- ----------------------------
-- Table structure for d_list
-- ----------------------------
DROP TABLE IF EXISTS `d_list`;
CREATE TABLE `d_list` (
  `oid` varchar(4) NOT NULL COMMENT '订单编号',
  `guest_id` varchar(10) NOT NULL COMMENT '客户编号',
  `ddate` date NOT NULL COMMENT '送货时间',
  `product_id` varchar(10) NOT NULL COMMENT '产品编号',
  `state` varchar(40) NOT NULL,
  `order_date` date NOT NULL,
  `price` decimal(20,2) DEFAULT NULL COMMENT '产品单价',
  `num` decimal(12,2) DEFAULT NULL COMMENT '产品数量',
  `amount` decimal(20,2) DEFAULT NULL,
  `note` varchar(100) DEFAULT NULL,
  PRIMARY KEY (`oid`,`guest_id`,`ddate`,`product_id`,`state`,`order_date`) USING BTREE
) ENGINE=InnoDB DEFAULT CHARSET=utf8 ROW_FORMAT=DYNAMIC COMMENT='送货单';

-- ----------------------------
-- Records of d_list
-- ----------------------------
BEGIN;
INSERT INTO `d_list` VALUES ('3', '5699569414', '2018-08-17', '1296095373', '1', '2018-08-17', 1.10, 10.00, 11.00, '');
INSERT INTO `d_list` VALUES ('3', '5699569414', '2018-08-17', '1299761438', '1', '2018-08-17', 1.00, 10.00, 10.00, '');
INSERT INTO `d_list` VALUES ('3', '5699569414', '2018-08-17', '1325688661', '1', '2018-08-17', 1.60, 10.00, 16.00, '');
INSERT INTO `d_list` VALUES ('3', '5699569414', '2018-08-17', '3099892929', '1', '2018-08-17', 1.50, 5.00, 7.50, '');
INSERT INTO `d_list` VALUES ('3', '5699569414', '2018-08-17', '5882224231', '1', '2018-08-17', 1.10, 5.00, 5.50, '');
INSERT INTO `d_list` VALUES ('3', '5699569414', '2018-08-17', '7086896795', '1', '2018-08-17', 4.00, 5.00, 20.00, '');
INSERT INTO `d_list` VALUES ('3', '7598031251', '2018-08-05', '2340144496', '2', '2018-08-05', 9.00, 2.30, 20.70, '送货喽');
INSERT INTO `d_list` VALUES ('3', '7598031251', '2018-08-05', '9004622336', '2', '2018-08-05', 0.80, 1.50, 1.20, '');
INSERT INTO `d_list` VALUES ('3', '7598031251', '2018-08-06', '2340144496', '2', '2018-08-06', 9.00, 2.30, 20.70, '');
INSERT INTO `d_list` VALUES ('3', '7598031251', '2018-08-06', '2376115770', '2', '2018-08-06', 4.00, 2.56, 10.24, '');
INSERT INTO `d_list` VALUES ('3', '7598031251', '2018-08-06', '9004622336', '2', '2018-08-06', 0.80, 1.50, 1.20, '');
COMMIT;

-- ----------------------------
-- Table structure for goodscart
-- ----------------------------
DROP TABLE IF EXISTS `goodscart`;
CREATE TABLE `goodscart` (
  `id` bigint(20) NOT NULL AUTO_INCREMENT,
  `addtime` datetime DEFAULT NULL,
  `deletestatus` bit(1) NOT NULL,
  `count` decimal(11,0) NOT NULL,
  `price` decimal(12,2) DEFAULT NULL,
  `spec_info` varchar(0) DEFAULT NULL,
  `product_id` varchar(20) DEFAULT NULL,
  PRIMARY KEY (`id`),
  KEY `index1` (`product_id`) USING BTREE,
  CONSTRAINT `good_fk1` FOREIGN KEY (`product_id`) REFERENCES `product` (`id`) ON DELETE SET NULL
) ENGINE=InnoDB AUTO_INCREMENT=229690 DEFAULT CHARSET=utf8;

-- ----------------------------
-- Table structure for guest
-- ----------------------------
DROP TABLE IF EXISTS `guest`;
CREATE TABLE `guest` (
  `id` varchar(10) NOT NULL,
  `pwd` varchar(20) DEFAULT NULL,
  `name` varchar(60) DEFAULT NULL,
  `addr` varchar(100) DEFAULT NULL,
  `phone` varchar(30) DEFAULT NULL,
  `note` varchar(100) DEFAULT NULL,
  PRIMARY KEY (`id`) USING BTREE
) ENGINE=InnoDB DEFAULT CHARSET=utf8 ROW_FORMAT=DYNAMIC COMMENT='客户与后台管理人员表';

-- ----------------------------
-- Records of guest
-- ----------------------------
BEGIN;
INSERT INTO `guest` VALUES ('3130695333', 'x16YjoF1LNE=', '测试9', '', '18888888889', '');
INSERT INTO `guest` VALUES ('3822842297', 'RaFutWeh0ww=', 'QQ', 'QQ', '18912345678', NULL);
INSERT INTO `guest` VALUES ('3833629842', 'x16YjoF1LNE=', '测试4', '', '18888888884', '');
INSERT INTO `guest` VALUES ('4709401596', 'x16YjoF1LNE=', '西安邮电大学', 'xupt', '13076538659', NULL);
INSERT INTO `guest` VALUES ('4917673264', 'x16YjoF1LNE=', '测试7', '', '18888888887', '');
INSERT INTO `guest` VALUES ('5486618313', 'x16YjoF1LNE=', '测试3', '', '18888888883', '');
INSERT INTO `guest` VALUES ('5699569414', 'x16YjoF1LNE=', '测试1', '', '18888888881', '');
INSERT INTO `guest` VALUES ('6020683334', 'x16YjoF1LNE=', '测试8', '', '18888888888', '');
INSERT INTO `guest` VALUES ('6297594079', 'x16YjoF1LNE=', '测试2', '', '18888888882', '');
INSERT INTO `guest` VALUES ('6351341711', 'x16YjoF1LNE=', '西安邮电', '西安市长安区郭杜街道西安邮电大学', '18829488670', NULL);
INSERT INTO `guest` VALUES ('7361131487', 'x16YjoF1LNE=', '西安邮电大学东区', '西安邮电大学', '18829468670', NULL);
INSERT INTO `guest` VALUES ('7598031251', 'x16YjoF1LNE=', 'one', '', '18829534050', '');
INSERT INTO `guest` VALUES ('7685662425', 'x16YjoF1LNE=', '测试6', '', '18888888886', '');
INSERT INTO `guest` VALUES ('8711645491', 'x16YjoF1LNE=', '测试5', '', '18888888885', '');
INSERT INTO `guest` VALUES ('8983528410', 'x16YjoF1LNE=', '西安邮电大学', '西安邮电大学', '18800008888', NULL);
INSERT INTO `guest` VALUES ('9511631184', 'x16YjoF1LNE=', 'syuban', 'xian', '18829596273', NULL);
INSERT INTO `guest` VALUES ('admin', 'RaFutWeh0ww=', '优菜网管理系统管理员', '陕西西安', '', '管理人员...');
COMMIT;

-- ----------------------------
-- Table structure for orders
-- ----------------------------
DROP TABLE IF EXISTS `orders`;
CREATE TABLE `orders` (
  `oid` int(11) NOT NULL,
  `odate` datetime NOT NULL COMMENT '订货日期',
  `guest_id` varchar(10) NOT NULL,
  `product_id` varchar(10) NOT NULL,
  `state` varchar(50) NOT NULL COMMENT '状态（0正常，其它表示已退回）',
  `price` decimal(12,2) DEFAULT NULL COMMENT '报价',
  `num` decimal(12,2) DEFAULT NULL COMMENT '下单量',
  `amount` decimal(20,2) DEFAULT NULL COMMENT '该货物订购总金额',
  `station` varchar(255) DEFAULT NULL,
  `note` varchar(100) DEFAULT NULL,
  PRIMARY KEY (`oid`,`odate`,`guest_id`,`product_id`,`state`) USING BTREE
) ENGINE=InnoDB DEFAULT CHARSET=utf8 ROW_FORMAT=DYNAMIC COMMENT='客户采购单';

-- ----------------------------
-- Records of orders
-- ----------------------------
BEGIN;
INSERT INTO `orders` VALUES (0, '2018-08-05 00:00:00', '7598031251', '1041469823', '2-0ccbfdef-d744', 8.00, 0.00, 0.00, NULL, '');
INSERT INTO `orders` VALUES (0, '2018-08-05 00:00:00', '7598031251', '1041469823', '4', 8.00, 0.00, 0.00, NULL, '');
INSERT INTO `orders` VALUES (0, '2018-08-05 00:00:00', '7598031251', '1042606726', '2-0ccbfdef-d744', 5.00, 0.00, 0.00, NULL, '');
INSERT INTO `orders` VALUES (0, '2018-08-05 00:00:00', '7598031251', '1042606726', '4', 5.00, 0.00, 0.00, NULL, '');
INSERT INTO `orders` VALUES (0, '2018-08-05 00:00:00', '7598031251', '1046188992', '2-0ccbfdef-d744', 6.00, 0.00, 0.00, NULL, '');
INSERT INTO `orders` VALUES (0, '2018-08-05 00:00:00', '7598031251', '1046188992', '4', 6.00, 0.00, 0.00, NULL, '');
INSERT INTO `orders` VALUES (0, '2018-08-05 00:00:00', '7598031251', '1058568708', '2-0ccbfdef-d744', 12.00, 0.00, 0.00, NULL, '');
INSERT INTO `orders` VALUES (0, '2018-08-05 00:00:00', '7598031251', '1058568708', '4', 12.00, 0.00, 0.00, NULL, '');
INSERT INTO `orders` VALUES (0, '2018-08-05 00:00:00', '7598031251', '1119882026', '2-0ccbfdef-d744', 15.00, 0.00, 0.00, NULL, '');
INSERT INTO `orders` VALUES (0, '2018-08-05 00:00:00', '7598031251', '1119882026', '4', 15.00, 0.00, 0.00, NULL, '');
INSERT INTO `orders` VALUES (0, '2018-08-05 00:00:00', '7598031251', '1253110852', '2-0ccbfdef-d744', 9.00, 0.00, 0.00, NULL, '');
INSERT INTO `orders` VALUES (0, '2018-08-05 00:00:00', '7598031251', '1253110852', '4', 9.00, 0.00, 0.00, NULL, '');
INSERT INTO `orders` VALUES (0, '2018-08-05 00:00:00', '7598031251', '1278639234', '2-0ccbfdef-d744', 10.00, 0.00, 0.00, NULL, '');
INSERT INTO `orders` VALUES (0, '2018-08-05 00:00:00', '7598031251', '1278639234', '4', 10.00, 0.00, 0.00, NULL, '');
INSERT INTO `orders` VALUES (0, '2018-08-05 00:00:00', '7598031251', '1296095373', '2-0ccbfdef-d744', 1.10, 0.00, 0.00, NULL, '');
INSERT INTO `orders` VALUES (0, '2018-08-05 00:00:00', '7598031251', '1296095373', '4', 1.10, 0.00, 0.00, NULL, '');
INSERT INTO `orders` VALUES (0, '2018-08-05 00:00:00', '7598031251', '1299761438', '2-0ccbfdef-d744', 1.00, 0.00, 0.00, NULL, '');
INSERT INTO `orders` VALUES (0, '2018-08-05 00:00:00', '7598031251', '1299761438', '4', 1.00, 0.00, 0.00, NULL, '');
INSERT INTO `orders` VALUES (0, '2018-08-05 00:00:00', '7598031251', '1325688661', '2-0ccbfdef-d744', 1.60, 0.00, 0.00, NULL, '');
INSERT INTO `orders` VALUES (0, '2018-08-05 00:00:00', '7598031251', '1325688661', '4', 1.60, 0.00, 0.00, NULL, '');
INSERT INTO `orders` VALUES (0, '2018-08-05 00:00:00', '7598031251', '1381082106', '2-0ccbfdef-d744', 1.80, 0.00, 0.00, NULL, '');
INSERT INTO `orders` VALUES (0, '2018-08-05 00:00:00', '7598031251', '1381082106', '4', 1.80, 0.00, 0.00, NULL, '');
INSERT INTO `orders` VALUES (0, '2018-08-05 00:00:00', '7598031251', '1431930409', '2-0ccbfdef-d744', 4.00, 0.00, 0.00, NULL, '');
INSERT INTO `orders` VALUES (0, '2018-08-05 00:00:00', '7598031251', '1431930409', '4', 4.00, 0.00, 0.00, NULL, '');
INSERT INTO `orders` VALUES (0, '2018-08-05 00:00:00', '7598031251', '1617370687', '2-0ccbfdef-d744', 165.00, 0.00, 0.00, NULL, '');
INSERT INTO `orders` VALUES (0, '2018-08-05 00:00:00', '7598031251', '1617370687', '4', 165.00, 0.00, 0.00, NULL, '');
INSERT INTO `orders` VALUES (0, '2018-08-05 00:00:00', '7598031251', '1686051240', '2-0ccbfdef-d744', 9.00, 0.00, 0.00, NULL, '');
INSERT INTO `orders` VALUES (0, '2018-08-05 00:00:00', '7598031251', '1686051240', '4', 9.00, 0.00, 0.00, NULL, '');
INSERT INTO `orders` VALUES (0, '2018-08-05 00:00:00', '7598031251', '1773025230', '2-0ccbfdef-d744', 11.00, 0.00, 0.00, NULL, '');
INSERT INTO `orders` VALUES (0, '2018-08-05 00:00:00', '7598031251', '1773025230', '4', 11.00, 0.00, 0.00, NULL, '');
INSERT INTO `orders` VALUES (0, '2018-08-05 00:00:00', '7598031251', '1782077120', '2-0ccbfdef-d744', 10.00, 0.00, 0.00, NULL, '');
INSERT INTO `orders` VALUES (0, '2018-08-05 00:00:00', '7598031251', '1782077120', '4', 10.00, 0.00, 0.00, NULL, '');
INSERT INTO `orders` VALUES (0, '2018-08-05 00:00:00', '7598031251', '1843039038', '2-0ccbfdef-d744', 5.00, 0.00, 0.00, NULL, '');
INSERT INTO `orders` VALUES (0, '2018-08-05 00:00:00', '7598031251', '1843039038', '4', 5.00, 0.00, 0.00, NULL, '');
INSERT INTO `orders` VALUES (0, '2018-08-05 00:00:00', '7598031251', '1875977295', '2-0ccbfdef-d744', 13.00, 0.00, 0.00, NULL, '');
INSERT INTO `orders` VALUES (0, '2018-08-05 00:00:00', '7598031251', '1875977295', '4', 13.00, 0.00, 0.00, NULL, '');
INSERT INTO `orders` VALUES (0, '2018-08-05 00:00:00', '7598031251', '1882866591', '2-0ccbfdef-d744', 12.50, 0.00, 0.00, NULL, '');
INSERT INTO `orders` VALUES (0, '2018-08-05 00:00:00', '7598031251', '1882866591', '4', 12.50, 0.00, 0.00, NULL, '');
INSERT INTO `orders` VALUES (0, '2018-08-05 00:00:00', '7598031251', '1887593880', '2-0ccbfdef-d744', 9.00, 0.00, 0.00, NULL, '');
INSERT INTO `orders` VALUES (0, '2018-08-05 00:00:00', '7598031251', '1887593880', '4', 9.00, 0.00, 0.00, NULL, '');
INSERT INTO `orders` VALUES (0, '2018-08-05 00:00:00', '7598031251', '1964137379', '2-0ccbfdef-d744', 4.00, 0.00, 0.00, NULL, '');
INSERT INTO `orders` VALUES (0, '2018-08-05 00:00:00', '7598031251', '1964137379', '4', 4.00, 0.00, 0.00, NULL, '');
INSERT INTO `orders` VALUES (0, '2018-08-05 00:00:00', '7598031251', '2059731698', '2-0ccbfdef-d744', 1.30, 0.00, 0.00, NULL, '');
INSERT INTO `orders` VALUES (0, '2018-08-05 00:00:00', '7598031251', '2059731698', '4', 1.30, 0.00, 0.00, NULL, '');
INSERT INTO `orders` VALUES (0, '2018-08-05 00:00:00', '7598031251', '2092387274', '2-0ccbfdef-d744', 0.80, 0.00, 0.00, NULL, '');
INSERT INTO `orders` VALUES (0, '2018-08-05 00:00:00', '7598031251', '2092387274', '4', 0.80, 0.00, 0.00, NULL, '');
INSERT INTO `orders` VALUES (0, '2018-08-05 00:00:00', '7598031251', '2144477998', '2-0ccbfdef-d744', 1.10, 0.00, 0.00, NULL, '');
INSERT INTO `orders` VALUES (0, '2018-08-05 00:00:00', '7598031251', '2144477998', '4', 1.10, 0.00, 0.00, NULL, '');
INSERT INTO `orders` VALUES (0, '2018-08-05 00:00:00', '7598031251', '2217839163', '2-0ccbfdef-d744', 15.00, 0.00, 0.00, NULL, '');
INSERT INTO `orders` VALUES (0, '2018-08-05 00:00:00', '7598031251', '2217839163', '4', 15.00, 0.00, 0.00, NULL, '');
INSERT INTO `orders` VALUES (0, '2018-08-05 00:00:00', '7598031251', '2218391566', '2-0ccbfdef-d744', 3.45, 0.00, 0.00, NULL, '');
INSERT INTO `orders` VALUES (0, '2018-08-05 00:00:00', '7598031251', '2218391566', '4', 3.45, 0.00, 0.00, NULL, '');
INSERT INTO `orders` VALUES (0, '2018-08-05 00:00:00', '7598031251', '2340144496', '2-0ccbfdef-d744', 9.00, 0.00, 0.00, NULL, '');
INSERT INTO `orders` VALUES (0, '2018-08-05 00:00:00', '7598031251', '2340144496', '4', 9.00, 2.30, 20.70, NULL, '');
INSERT INTO `orders` VALUES (0, '2018-08-05 00:00:00', '7598031251', '2376115770', '2-0ccbfdef-d744', 4.00, 0.00, 0.00, NULL, '');
INSERT INTO `orders` VALUES (0, '2018-08-05 00:00:00', '7598031251', '2376115770', '4', 4.00, 0.00, 0.00, NULL, '');
INSERT INTO `orders` VALUES (0, '2018-08-05 00:00:00', '7598031251', '2386592860', '2-0ccbfdef-d744', 10.00, 0.00, 0.00, NULL, '');
INSERT INTO `orders` VALUES (0, '2018-08-05 00:00:00', '7598031251', '2386592860', '4', 10.00, 0.00, 0.00, NULL, '');
INSERT INTO `orders` VALUES (0, '2018-08-05 00:00:00', '7598031251', '2402044242', '2-0ccbfdef-d744', 0.70, 0.00, 0.00, NULL, '');
INSERT INTO `orders` VALUES (0, '2018-08-05 00:00:00', '7598031251', '2402044242', '4', 0.70, 0.00, 0.00, NULL, '');
INSERT INTO `orders` VALUES (0, '2018-08-05 00:00:00', '7598031251', '2439481821', '2-0ccbfdef-d744', 1.10, 0.00, 0.00, NULL, '');
INSERT INTO `orders` VALUES (0, '2018-08-05 00:00:00', '7598031251', '2439481821', '4', 1.10, 0.00, 0.00, NULL, '');
INSERT INTO `orders` VALUES (0, '2018-08-05 00:00:00', '7598031251', '2447068729', '2-0ccbfdef-d744', 6.50, 0.00, 0.00, NULL, '');
INSERT INTO `orders` VALUES (0, '2018-08-05 00:00:00', '7598031251', '2447068729', '4', 6.50, 0.00, 0.00, NULL, '');
INSERT INTO `orders` VALUES (0, '2018-08-05 00:00:00', '7598031251', '2470669174', '2-0ccbfdef-d744', 165.00, 0.00, 0.00, NULL, '');
INSERT INTO `orders` VALUES (0, '2018-08-05 00:00:00', '7598031251', '2470669174', '4', 165.00, 0.00, 0.00, NULL, '');
INSERT INTO `orders` VALUES (0, '2018-08-05 00:00:00', '7598031251', '2489986206', '2-0ccbfdef-d744', 10.00, 0.00, 0.00, NULL, '');
INSERT INTO `orders` VALUES (0, '2018-08-05 00:00:00', '7598031251', '2489986206', '4', 10.00, 0.00, 0.00, NULL, '');
INSERT INTO `orders` VALUES (0, '2018-08-05 00:00:00', '7598031251', '2518784346', '2-0ccbfdef-d744', 1.00, 0.00, 0.00, NULL, '');
INSERT INTO `orders` VALUES (0, '2018-08-05 00:00:00', '7598031251', '2518784346', '4', 1.00, 0.00, 0.00, NULL, '');
INSERT INTO `orders` VALUES (0, '2018-08-05 00:00:00', '7598031251', '2622033657', '2-0ccbfdef-d744', 1.00, 0.00, 0.00, NULL, '');
INSERT INTO `orders` VALUES (0, '2018-08-05 00:00:00', '7598031251', '2622033657', '4', 1.00, 0.00, 0.00, NULL, '');
INSERT INTO `orders` VALUES (0, '2018-08-05 00:00:00', '7598031251', '2665881419', '2-0ccbfdef-d744', 3.50, 0.00, 0.00, NULL, '');
INSERT INTO `orders` VALUES (0, '2018-08-05 00:00:00', '7598031251', '2665881419', '4', 3.50, 0.00, 0.00, NULL, '');
INSERT INTO `orders` VALUES (0, '2018-08-05 00:00:00', '7598031251', '2706579578', '2-0ccbfdef-d744', 33.00, 0.00, 0.00, NULL, '');
INSERT INTO `orders` VALUES (0, '2018-08-05 00:00:00', '7598031251', '2706579578', '4', 33.00, 0.00, 0.00, NULL, '');
INSERT INTO `orders` VALUES (0, '2018-08-05 00:00:00', '7598031251', '2891769070', '2-0ccbfdef-d744', 3.00, 0.00, 0.00, NULL, '');
INSERT INTO `orders` VALUES (0, '2018-08-05 00:00:00', '7598031251', '2891769070', '4', 3.00, 0.00, 0.00, NULL, '');
INSERT INTO `orders` VALUES (0, '2018-08-05 00:00:00', '7598031251', '2939243318', '2-0ccbfdef-d744', 11.00, 0.00, 0.00, NULL, '');
INSERT INTO `orders` VALUES (0, '2018-08-05 00:00:00', '7598031251', '2939243318', '4', 11.00, 0.00, 0.00, NULL, '');
INSERT INTO `orders` VALUES (0, '2018-08-05 00:00:00', '7598031251', '3016444663', '2-0ccbfdef-d744', 1.00, 0.00, 0.00, NULL, '');
INSERT INTO `orders` VALUES (0, '2018-08-05 00:00:00', '7598031251', '3016444663', '4', 1.00, 0.00, 0.00, NULL, '');
INSERT INTO `orders` VALUES (0, '2018-08-05 00:00:00', '7598031251', '3023632558', '2-0ccbfdef-d744', 1.40, 0.00, 0.00, NULL, '');
INSERT INTO `orders` VALUES (0, '2018-08-05 00:00:00', '7598031251', '3023632558', '4', 1.40, 0.00, 0.00, NULL, '');
INSERT INTO `orders` VALUES (0, '2018-08-05 00:00:00', '7598031251', '3056817336', '2-0ccbfdef-d744', 1.10, 0.00, 0.00, NULL, '');
INSERT INTO `orders` VALUES (0, '2018-08-05 00:00:00', '7598031251', '3056817336', '4', 1.10, 0.00, 0.00, NULL, '');
INSERT INTO `orders` VALUES (0, '2018-08-05 00:00:00', '7598031251', '3094205075', '2-0ccbfdef-d744', 18.50, 0.00, 0.00, NULL, '');
INSERT INTO `orders` VALUES (0, '2018-08-05 00:00:00', '7598031251', '3094205075', '4', 18.50, 0.00, 0.00, NULL, '');
INSERT INTO `orders` VALUES (0, '2018-08-05 00:00:00', '7598031251', '3099892929', '2-0ccbfdef-d744', 1.50, 0.00, 0.00, NULL, '');
INSERT INTO `orders` VALUES (0, '2018-08-05 00:00:00', '7598031251', '3099892929', '4', 1.50, 0.00, 0.00, NULL, '');
INSERT INTO `orders` VALUES (0, '2018-08-05 00:00:00', '7598031251', '3160041190', '2-0ccbfdef-d744', 16.00, 0.00, 0.00, NULL, '');
INSERT INTO `orders` VALUES (0, '2018-08-05 00:00:00', '7598031251', '3160041190', '4', 16.00, 0.00, 0.00, NULL, '');
INSERT INTO `orders` VALUES (0, '2018-08-05 00:00:00', '7598031251', '3162567339', '2-0ccbfdef-d744', 1.20, 0.00, 0.00, NULL, '');
INSERT INTO `orders` VALUES (0, '2018-08-05 00:00:00', '7598031251', '3162567339', '4', 1.20, 0.00, 0.00, NULL, '');
INSERT INTO `orders` VALUES (0, '2018-08-05 00:00:00', '7598031251', '3178759691', '2-0ccbfdef-d744', 1.20, 0.00, 0.00, NULL, '');
INSERT INTO `orders` VALUES (0, '2018-08-05 00:00:00', '7598031251', '3178759691', '4', 1.20, 0.00, 0.00, NULL, '');
INSERT INTO `orders` VALUES (0, '2018-08-05 00:00:00', '7598031251', '3188702778', '2-0ccbfdef-d744', 3.00, 0.00, 0.00, NULL, '');
INSERT INTO `orders` VALUES (0, '2018-08-05 00:00:00', '7598031251', '3188702778', '4', 3.00, 0.00, 0.00, NULL, '');
INSERT INTO `orders` VALUES (0, '2018-08-05 00:00:00', '7598031251', '3243098095', '2-0ccbfdef-d744', 9.50, 0.00, 0.00, NULL, '');
INSERT INTO `orders` VALUES (0, '2018-08-05 00:00:00', '7598031251', '3243098095', '4', 9.50, 0.00, 0.00, NULL, '');
INSERT INTO `orders` VALUES (0, '2018-08-05 00:00:00', '7598031251', '3419469228', '2-0ccbfdef-d744', 2.00, 0.00, 0.00, NULL, '');
INSERT INTO `orders` VALUES (0, '2018-08-05 00:00:00', '7598031251', '3419469228', '4', 2.00, 0.00, 0.00, NULL, '');
INSERT INTO `orders` VALUES (0, '2018-08-05 00:00:00', '7598031251', '3444024192', '2-0ccbfdef-d744', 1.30, 0.00, 0.00, NULL, '');
INSERT INTO `orders` VALUES (0, '2018-08-05 00:00:00', '7598031251', '3444024192', '4', 1.30, 0.00, 0.00, NULL, '');
INSERT INTO `orders` VALUES (0, '2018-08-05 00:00:00', '7598031251', '3448485863', '2-0ccbfdef-d744', 2.00, 0.00, 0.00, NULL, '');
INSERT INTO `orders` VALUES (0, '2018-08-05 00:00:00', '7598031251', '3448485863', '4', 2.00, 0.00, 0.00, NULL, '');
INSERT INTO `orders` VALUES (0, '2018-08-05 00:00:00', '7598031251', '3497438452', '2-0ccbfdef-d744', 4.50, 0.00, 0.00, NULL, '');
INSERT INTO `orders` VALUES (0, '2018-08-05 00:00:00', '7598031251', '3497438452', '4', 4.50, 0.00, 0.00, NULL, '');
INSERT INTO `orders` VALUES (0, '2018-08-05 00:00:00', '7598031251', '3591198584', '2-0ccbfdef-d744', 15.00, 0.00, 0.00, NULL, '');
INSERT INTO `orders` VALUES (0, '2018-08-05 00:00:00', '7598031251', '3591198584', '4', 15.00, 0.00, 0.00, NULL, '');
INSERT INTO `orders` VALUES (0, '2018-08-05 00:00:00', '7598031251', '3617680481', '2-0ccbfdef-d744', 8.00, 0.00, 0.00, NULL, '');
INSERT INTO `orders` VALUES (0, '2018-08-05 00:00:00', '7598031251', '3617680481', '4', 8.00, 0.00, 0.00, NULL, '');
INSERT INTO `orders` VALUES (0, '2018-08-05 00:00:00', '7598031251', '3661049799', '2-0ccbfdef-d744', 7.00, 0.00, 0.00, NULL, '');
INSERT INTO `orders` VALUES (0, '2018-08-05 00:00:00', '7598031251', '3661049799', '4', 7.00, 0.00, 0.00, NULL, '');
INSERT INTO `orders` VALUES (0, '2018-08-05 00:00:00', '7598031251', '3732823387', '2-0ccbfdef-d744', 2.30, 0.00, 0.00, NULL, '');
INSERT INTO `orders` VALUES (0, '2018-08-05 00:00:00', '7598031251', '3732823387', '4', 2.30, 0.00, 0.00, NULL, '');
INSERT INTO `orders` VALUES (0, '2018-08-05 00:00:00', '7598031251', '3740315096', '2-0ccbfdef-d744', 1.30, 0.00, 0.00, NULL, '');
INSERT INTO `orders` VALUES (0, '2018-08-05 00:00:00', '7598031251', '3740315096', '4', 1.30, 0.00, 0.00, NULL, '');
INSERT INTO `orders` VALUES (0, '2018-08-05 00:00:00', '7598031251', '3774722053', '2-0ccbfdef-d744', 1.20, 0.00, 0.00, NULL, '');
INSERT INTO `orders` VALUES (0, '2018-08-05 00:00:00', '7598031251', '3774722053', '4', 1.20, 0.00, 0.00, NULL, '');
INSERT INTO `orders` VALUES (0, '2018-08-05 00:00:00', '7598031251', '3780568777', '2-0ccbfdef-d744', 33.00, 0.00, 0.00, NULL, '');
INSERT INTO `orders` VALUES (0, '2018-08-05 00:00:00', '7598031251', '3780568777', '4', 33.00, 0.00, 0.00, NULL, '');
INSERT INTO `orders` VALUES (0, '2018-08-05 00:00:00', '7598031251', '3805459728', '2-0ccbfdef-d744', 2.20, 0.00, 0.00, NULL, '');
INSERT INTO `orders` VALUES (0, '2018-08-05 00:00:00', '7598031251', '3805459728', '4', 2.20, 0.00, 0.00, NULL, '');
INSERT INTO `orders` VALUES (0, '2018-08-05 00:00:00', '7598031251', '3956131993', '2-0ccbfdef-d744', 12.00, 0.00, 0.00, NULL, '');
INSERT INTO `orders` VALUES (0, '2018-08-05 00:00:00', '7598031251', '3956131993', '4', 12.00, 0.00, 0.00, NULL, '');
INSERT INTO `orders` VALUES (0, '2018-08-05 00:00:00', '7598031251', '3987923651', '2-0ccbfdef-d744', 1.00, 0.00, 0.00, NULL, '');
INSERT INTO `orders` VALUES (0, '2018-08-05 00:00:00', '7598031251', '3987923651', '4', 1.00, 0.00, 0.00, NULL, '');
INSERT INTO `orders` VALUES (0, '2018-08-05 00:00:00', '7598031251', '4037153291', '2-0ccbfdef-d744', 7.00, 0.00, 0.00, NULL, '');
INSERT INTO `orders` VALUES (0, '2018-08-05 00:00:00', '7598031251', '4037153291', '4', 7.00, 0.00, 0.00, NULL, '');
INSERT INTO `orders` VALUES (0, '2018-08-05 00:00:00', '7598031251', '4044824591', '2-0ccbfdef-d744', 1.00, 0.00, 0.00, NULL, '');
INSERT INTO `orders` VALUES (0, '2018-08-05 00:00:00', '7598031251', '4044824591', '4', 1.00, 0.00, 0.00, NULL, '');
INSERT INTO `orders` VALUES (0, '2018-08-05 00:00:00', '7598031251', '4076010936', '2-0ccbfdef-d744', 9.50, 0.00, 0.00, NULL, '');
INSERT INTO `orders` VALUES (0, '2018-08-05 00:00:00', '7598031251', '4076010936', '4', 9.50, 0.00, 0.00, NULL, '');
INSERT INTO `orders` VALUES (0, '2018-08-05 00:00:00', '7598031251', '4164086601', '2-0ccbfdef-d744', 1.50, 0.00, 0.00, NULL, '');
INSERT INTO `orders` VALUES (0, '2018-08-05 00:00:00', '7598031251', '4164086601', '4', 1.50, 0.00, 0.00, NULL, '');
INSERT INTO `orders` VALUES (0, '2018-08-05 00:00:00', '7598031251', '4169014486', '2-0ccbfdef-d744', 7.50, 0.00, 0.00, NULL, '');
INSERT INTO `orders` VALUES (0, '2018-08-05 00:00:00', '7598031251', '4169014486', '4', 7.50, 0.00, 0.00, NULL, '');
INSERT INTO `orders` VALUES (0, '2018-08-05 00:00:00', '7598031251', '4177129835', '2-0ccbfdef-d744', 0.90, 0.00, 0.00, NULL, '');
INSERT INTO `orders` VALUES (0, '2018-08-05 00:00:00', '7598031251', '4177129835', '4', 0.90, 0.00, 0.00, NULL, '');
INSERT INTO `orders` VALUES (0, '2018-08-05 00:00:00', '7598031251', '4202172518', '2-0ccbfdef-d744', 6.00, 0.00, 0.00, NULL, '');
INSERT INTO `orders` VALUES (0, '2018-08-05 00:00:00', '7598031251', '4202172518', '4', 6.00, 0.00, 0.00, NULL, '');
INSERT INTO `orders` VALUES (0, '2018-08-05 00:00:00', '7598031251', '4234311537', '2-0ccbfdef-d744', 4.00, 0.00, 0.00, NULL, '');
INSERT INTO `orders` VALUES (0, '2018-08-05 00:00:00', '7598031251', '4234311537', '4', 4.00, 0.00, 0.00, NULL, '');
INSERT INTO `orders` VALUES (0, '2018-08-05 00:00:00', '7598031251', '4340963053', '2-0ccbfdef-d744', 23.00, 0.00, 0.00, NULL, '');
INSERT INTO `orders` VALUES (0, '2018-08-05 00:00:00', '7598031251', '4340963053', '4', 23.00, 0.00, 0.00, NULL, '');
INSERT INTO `orders` VALUES (0, '2018-08-05 00:00:00', '7598031251', '4399922351', '2-0ccbfdef-d744', 23.00, 0.00, 0.00, NULL, '');
INSERT INTO `orders` VALUES (0, '2018-08-05 00:00:00', '7598031251', '4399922351', '4', 23.00, 0.00, 0.00, NULL, '');
INSERT INTO `orders` VALUES (0, '2018-08-05 00:00:00', '7598031251', '4411895875', '2-0ccbfdef-d744', 15.00, 0.00, 0.00, NULL, '');
INSERT INTO `orders` VALUES (0, '2018-08-05 00:00:00', '7598031251', '4411895875', '4', 15.00, 0.00, 0.00, NULL, '');
INSERT INTO `orders` VALUES (0, '2018-08-05 00:00:00', '7598031251', '4421343082', '2-0ccbfdef-d744', 2.50, 0.00, 0.00, NULL, '');
INSERT INTO `orders` VALUES (0, '2018-08-05 00:00:00', '7598031251', '4421343082', '4', 2.50, 0.00, 0.00, NULL, '');
INSERT INTO `orders` VALUES (0, '2018-08-05 00:00:00', '7598031251', '4434416067', '2-0ccbfdef-d744', 5.00, 0.00, 0.00, NULL, '');
INSERT INTO `orders` VALUES (0, '2018-08-05 00:00:00', '7598031251', '4434416067', '4', 5.00, 0.00, 0.00, NULL, '');
INSERT INTO `orders` VALUES (0, '2018-08-05 00:00:00', '7598031251', '4455760666', '2-0ccbfdef-d744', 1.40, 0.00, 0.00, NULL, '');
INSERT INTO `orders` VALUES (0, '2018-08-05 00:00:00', '7598031251', '4455760666', '4', 1.40, 0.00, 0.00, NULL, '');
INSERT INTO `orders` VALUES (0, '2018-08-05 00:00:00', '7598031251', '4591015300', '2-0ccbfdef-d744', 7.00, 0.00, 0.00, NULL, '');
INSERT INTO `orders` VALUES (0, '2018-08-05 00:00:00', '7598031251', '4591015300', '4', 7.00, 0.00, 0.00, NULL, '');
INSERT INTO `orders` VALUES (0, '2018-08-05 00:00:00', '7598031251', '4594795794', '2-0ccbfdef-d744', 3.00, 0.00, 0.00, NULL, '');
INSERT INTO `orders` VALUES (0, '2018-08-05 00:00:00', '7598031251', '4594795794', '4', 3.00, 0.00, 0.00, NULL, '');
INSERT INTO `orders` VALUES (0, '2018-08-05 00:00:00', '7598031251', '4685632727', '2-0ccbfdef-d744', 200.00, 0.00, 0.00, NULL, '');
INSERT INTO `orders` VALUES (0, '2018-08-05 00:00:00', '7598031251', '4685632727', '4', 200.00, 0.00, 0.00, NULL, '');
INSERT INTO `orders` VALUES (0, '2018-08-05 00:00:00', '7598031251', '4686909047', '2-0ccbfdef-d744', 50.00, 0.00, 0.00, NULL, '');
INSERT INTO `orders` VALUES (0, '2018-08-05 00:00:00', '7598031251', '4686909047', '4', 50.00, 0.00, 0.00, NULL, '');
INSERT INTO `orders` VALUES (0, '2018-08-05 00:00:00', '7598031251', '4712273099', '2-0ccbfdef-d744', 123.00, 0.00, 0.00, NULL, '');
INSERT INTO `orders` VALUES (0, '2018-08-05 00:00:00', '7598031251', '4712273099', '4', 123.00, 0.00, 0.00, NULL, '');
INSERT INTO `orders` VALUES (0, '2018-08-05 00:00:00', '7598031251', '4745365835', '2-0ccbfdef-d744', 1.10, 0.00, 0.00, NULL, '');
INSERT INTO `orders` VALUES (0, '2018-08-05 00:00:00', '7598031251', '4745365835', '4', 1.10, 0.00, 0.00, NULL, '');
INSERT INTO `orders` VALUES (0, '2018-08-05 00:00:00', '7598031251', '4766658531', '2-0ccbfdef-d744', 1.50, 0.00, 0.00, NULL, '');
INSERT INTO `orders` VALUES (0, '2018-08-05 00:00:00', '7598031251', '4766658531', '4', 1.50, 0.00, 0.00, NULL, '');
INSERT INTO `orders` VALUES (0, '2018-08-05 00:00:00', '7598031251', '4801952018', '2-0ccbfdef-d744', 1.30, 0.00, 0.00, NULL, '');
INSERT INTO `orders` VALUES (0, '2018-08-05 00:00:00', '7598031251', '4801952018', '4', 1.30, 0.00, 0.00, NULL, '');
INSERT INTO `orders` VALUES (0, '2018-08-05 00:00:00', '7598031251', '4812160306', '2-0ccbfdef-d744', 7.50, 0.00, 0.00, NULL, '');
INSERT INTO `orders` VALUES (0, '2018-08-05 00:00:00', '7598031251', '4812160306', '4', 7.50, 0.00, 0.00, NULL, '');
INSERT INTO `orders` VALUES (0, '2018-08-05 00:00:00', '7598031251', '4814352197', '2-0ccbfdef-d744', 60.00, 0.00, 0.00, NULL, '');
INSERT INTO `orders` VALUES (0, '2018-08-05 00:00:00', '7598031251', '4814352197', '4', 60.00, 0.00, 0.00, NULL, '');
INSERT INTO `orders` VALUES (0, '2018-08-05 00:00:00', '7598031251', '4822924224', '2-0ccbfdef-d744', 0.90, 0.00, 0.00, NULL, '');
INSERT INTO `orders` VALUES (0, '2018-08-05 00:00:00', '7598031251', '4822924224', '4', 0.90, 0.00, 0.00, NULL, '');
INSERT INTO `orders` VALUES (0, '2018-08-05 00:00:00', '7598031251', '4850081664', '2-0ccbfdef-d744', 10.00, 0.00, 0.00, NULL, '');
INSERT INTO `orders` VALUES (0, '2018-08-05 00:00:00', '7598031251', '4850081664', '4', 10.00, 0.00, 0.00, NULL, '');
INSERT INTO `orders` VALUES (0, '2018-08-05 00:00:00', '7598031251', '4896987422', '2-0ccbfdef-d744', 60.00, 1.00, 60.00, NULL, '');
INSERT INTO `orders` VALUES (0, '2018-08-05 00:00:00', '7598031251', '4896987422', '4', 60.00, 0.00, 0.00, NULL, '');
INSERT INTO `orders` VALUES (0, '2018-08-05 00:00:00', '7598031251', '4928499129', '2-0ccbfdef-d744', 45.00, 0.00, 0.00, NULL, '');
INSERT INTO `orders` VALUES (0, '2018-08-05 00:00:00', '7598031251', '4928499129', '4', 45.00, 0.00, 0.00, NULL, '');
INSERT INTO `orders` VALUES (0, '2018-08-05 00:00:00', '7598031251', '4957025013', '2-0ccbfdef-d744', 5.00, 0.00, 0.00, NULL, '');
INSERT INTO `orders` VALUES (0, '2018-08-05 00:00:00', '7598031251', '4957025013', '4', 5.00, 0.00, 0.00, NULL, '');
INSERT INTO `orders` VALUES (0, '2018-08-05 00:00:00', '7598031251', '4991861029', '2-0ccbfdef-d744', 3.00, 0.00, 0.00, NULL, '');
INSERT INTO `orders` VALUES (0, '2018-08-05 00:00:00', '7598031251', '4991861029', '4', 3.00, 0.00, 0.00, NULL, '');
INSERT INTO `orders` VALUES (0, '2018-08-05 00:00:00', '7598031251', '5040969610', '2-0ccbfdef-d744', 1.10, 0.00, 0.00, NULL, '');
INSERT INTO `orders` VALUES (0, '2018-08-05 00:00:00', '7598031251', '5040969610', '4', 1.10, 0.00, 0.00, NULL, '');
INSERT INTO `orders` VALUES (0, '2018-08-05 00:00:00', '7598031251', '5065144201', '2-0ccbfdef-d744', 0.80, 0.00, 0.00, NULL, '');
INSERT INTO `orders` VALUES (0, '2018-08-05 00:00:00', '7598031251', '5065144201', '4', 0.80, 0.00, 0.00, NULL, '');
INSERT INTO `orders` VALUES (0, '2018-08-05 00:00:00', '7598031251', '5089781709', '2-0ccbfdef-d744', 2.00, 0.00, 0.00, NULL, '');
INSERT INTO `orders` VALUES (0, '2018-08-05 00:00:00', '7598031251', '5089781709', '4', 2.00, 0.00, 0.00, NULL, '');
INSERT INTO `orders` VALUES (0, '2018-08-05 00:00:00', '7598031251', '5167290843', '2-0ccbfdef-d744', 6.00, 0.00, 0.00, NULL, '');
INSERT INTO `orders` VALUES (0, '2018-08-05 00:00:00', '7598031251', '5167290843', '4', 6.00, 0.00, 0.00, NULL, '');
INSERT INTO `orders` VALUES (0, '2018-08-05 00:00:00', '7598031251', '5184173124', '2-0ccbfdef-d744', 7.00, 0.00, 0.00, NULL, '');
INSERT INTO `orders` VALUES (0, '2018-08-05 00:00:00', '7598031251', '5184173124', '4', 7.00, 0.00, 0.00, NULL, '');
INSERT INTO `orders` VALUES (0, '2018-08-05 00:00:00', '7598031251', '5191818306', '2-0ccbfdef-d744', 2.00, 0.00, 0.00, NULL, '');
INSERT INTO `orders` VALUES (0, '2018-08-05 00:00:00', '7598031251', '5191818306', '4', 2.00, 0.00, 0.00, NULL, '');
INSERT INTO `orders` VALUES (0, '2018-08-05 00:00:00', '7598031251', '5203541055', '2-0ccbfdef-d744', 1.40, 0.00, 0.00, NULL, '');
INSERT INTO `orders` VALUES (0, '2018-08-05 00:00:00', '7598031251', '5203541055', '4', 1.40, 0.00, 0.00, NULL, '');
INSERT INTO `orders` VALUES (0, '2018-08-05 00:00:00', '7598031251', '5242211150', '2-0ccbfdef-d744', 6.50, 0.00, 0.00, NULL, '');
INSERT INTO `orders` VALUES (0, '2018-08-05 00:00:00', '7598031251', '5242211150', '4', 6.50, 0.00, 0.00, NULL, '');
INSERT INTO `orders` VALUES (0, '2018-08-05 00:00:00', '7598031251', '5252812277', '2-0ccbfdef-d744', 1.30, 0.00, 0.00, NULL, '');
INSERT INTO `orders` VALUES (0, '2018-08-05 00:00:00', '7598031251', '5252812277', '4', 1.30, 0.00, 0.00, NULL, '');
INSERT INTO `orders` VALUES (0, '2018-08-05 00:00:00', '7598031251', '5255220090', '2-0ccbfdef-d744', 6.50, 0.00, 0.00, NULL, '');
INSERT INTO `orders` VALUES (0, '2018-08-05 00:00:00', '7598031251', '5255220090', '4', 6.50, 0.00, 0.00, NULL, '');
INSERT INTO `orders` VALUES (0, '2018-08-05 00:00:00', '7598031251', '5299725679', '2-0ccbfdef-d744', 1.20, 0.00, 0.00, NULL, '');
INSERT INTO `orders` VALUES (0, '2018-08-05 00:00:00', '7598031251', '5299725679', '4', 1.20, 0.00, 0.00, NULL, '');
INSERT INTO `orders` VALUES (0, '2018-08-05 00:00:00', '7598031251', '5335808266', '2-0ccbfdef-d744', 11.00, 0.00, 0.00, NULL, '');
INSERT INTO `orders` VALUES (0, '2018-08-05 00:00:00', '7598031251', '5335808266', '4', 11.00, 0.00, 0.00, NULL, '');
INSERT INTO `orders` VALUES (0, '2018-08-05 00:00:00', '7598031251', '5347163080', '2-0ccbfdef-d744', 4.00, 0.00, 0.00, NULL, '');
INSERT INTO `orders` VALUES (0, '2018-08-05 00:00:00', '7598031251', '5347163080', '4', 4.00, 0.00, 0.00, NULL, '');
INSERT INTO `orders` VALUES (0, '2018-08-05 00:00:00', '7598031251', '5451175943', '2-0ccbfdef-d744', 6.50, 0.00, 0.00, NULL, '');
INSERT INTO `orders` VALUES (0, '2018-08-05 00:00:00', '7598031251', '5451175943', '4', 6.50, 0.00, 0.00, NULL, '');
INSERT INTO `orders` VALUES (0, '2018-08-05 00:00:00', '7598031251', '5504620877', '2-0ccbfdef-d744', 3.50, 0.00, 0.00, NULL, '');
INSERT INTO `orders` VALUES (0, '2018-08-05 00:00:00', '7598031251', '5504620877', '4', 3.50, 0.00, 0.00, NULL, '');
INSERT INTO `orders` VALUES (0, '2018-08-05 00:00:00', '7598031251', '5551150325', '2-0ccbfdef-d744', 6.50, 0.00, 0.00, NULL, '');
INSERT INTO `orders` VALUES (0, '2018-08-05 00:00:00', '7598031251', '5551150325', '4', 6.50, 0.00, 0.00, NULL, '');
INSERT INTO `orders` VALUES (0, '2018-08-05 00:00:00', '7598031251', '5607706622', '2-0ccbfdef-d744', 3.70, 0.00, 0.00, NULL, '');
INSERT INTO `orders` VALUES (0, '2018-08-05 00:00:00', '7598031251', '5607706622', '4', 3.00, 0.00, 0.00, NULL, '');
INSERT INTO `orders` VALUES (0, '2018-08-05 00:00:00', '7598031251', '5620504187', '2-0ccbfdef-d744', 7.00, 0.00, 0.00, NULL, '');
INSERT INTO `orders` VALUES (0, '2018-08-05 00:00:00', '7598031251', '5620504187', '4', 7.00, 0.00, 0.00, NULL, '');
INSERT INTO `orders` VALUES (0, '2018-08-05 00:00:00', '7598031251', '5663487202', '2-0ccbfdef-d744', 3.50, 0.00, 0.00, NULL, '');
INSERT INTO `orders` VALUES (0, '2018-08-05 00:00:00', '7598031251', '5663487202', '4', 3.50, 0.00, 0.00, NULL, '');
INSERT INTO `orders` VALUES (0, '2018-08-05 00:00:00', '7598031251', '5714962799', '2-0ccbfdef-d744', 6.00, 0.00, 0.00, NULL, '');
INSERT INTO `orders` VALUES (0, '2018-08-05 00:00:00', '7598031251', '5714962799', '4', 6.00, 0.00, 0.00, NULL, '');
INSERT INTO `orders` VALUES (0, '2018-08-05 00:00:00', '7598031251', '5715329370', '2-0ccbfdef-d744', 1.10, 0.00, 0.00, NULL, '');
INSERT INTO `orders` VALUES (0, '2018-08-05 00:00:00', '7598031251', '5715329370', '4', 1.10, 0.00, 0.00, NULL, '');
INSERT INTO `orders` VALUES (0, '2018-08-05 00:00:00', '7598031251', '5733002595', '2-0ccbfdef-d744', 0.80, 0.00, 0.00, NULL, '');
INSERT INTO `orders` VALUES (0, '2018-08-05 00:00:00', '7598031251', '5733002595', '4', 0.80, 0.00, 0.00, NULL, '');
INSERT INTO `orders` VALUES (0, '2018-08-05 00:00:00', '7598031251', '5766270834', '2-0ccbfdef-d744', 20.00, 0.00, 0.00, NULL, '');
INSERT INTO `orders` VALUES (0, '2018-08-05 00:00:00', '7598031251', '5766270834', '4', 20.00, 0.00, 0.00, NULL, '');
INSERT INTO `orders` VALUES (0, '2018-08-05 00:00:00', '7598031251', '5781131408', '2-0ccbfdef-d744', 1.50, 0.00, 0.00, NULL, '');
INSERT INTO `orders` VALUES (0, '2018-08-05 00:00:00', '7598031251', '5781131408', '4', 1.50, 0.00, 0.00, NULL, '');
INSERT INTO `orders` VALUES (0, '2018-08-05 00:00:00', '7598031251', '5824739244', '2-0ccbfdef-d744', 1.20, 0.00, 0.00, NULL, '');
INSERT INTO `orders` VALUES (0, '2018-08-05 00:00:00', '7598031251', '5824739244', '4', 1.20, 0.00, 0.00, NULL, '');
INSERT INTO `orders` VALUES (0, '2018-08-05 00:00:00', '7598031251', '5845973926', '2-0ccbfdef-d744', 7.00, 0.00, 0.00, NULL, '');
INSERT INTO `orders` VALUES (0, '2018-08-05 00:00:00', '7598031251', '5845973926', '4', 7.00, 0.00, 0.00, NULL, '');
INSERT INTO `orders` VALUES (0, '2018-08-05 00:00:00', '7598031251', '5859242506', '2-0ccbfdef-d744', 8.00, 0.00, 0.00, NULL, '');
INSERT INTO `orders` VALUES (0, '2018-08-05 00:00:00', '7598031251', '5859242506', '4', 8.00, 0.00, 0.00, NULL, '');
INSERT INTO `orders` VALUES (0, '2018-08-05 00:00:00', '7598031251', '5862618468', '2-0ccbfdef-d744', 2.50, 0.00, 0.00, NULL, '');
INSERT INTO `orders` VALUES (0, '2018-08-05 00:00:00', '7598031251', '5862618468', '4', 2.50, 0.00, 0.00, NULL, '');
INSERT INTO `orders` VALUES (0, '2018-08-05 00:00:00', '7598031251', '5882224231', '2-0ccbfdef-d744', 1.10, 0.00, 0.00, NULL, '');
INSERT INTO `orders` VALUES (0, '2018-08-05 00:00:00', '7598031251', '5882224231', '4', 1.10, 0.00, 0.00, NULL, '');
INSERT INTO `orders` VALUES (0, '2018-08-05 00:00:00', '7598031251', '5918989045', '2-0ccbfdef-d744', 1.10, 0.00, 0.00, NULL, '');
INSERT INTO `orders` VALUES (0, '2018-08-05 00:00:00', '7598031251', '5918989045', '4', 1.10, 0.00, 0.00, NULL, '');
INSERT INTO `orders` VALUES (0, '2018-08-05 00:00:00', '7598031251', '5924191058', '2-0ccbfdef-d744', 8.00, 0.00, 0.00, NULL, '');
INSERT INTO `orders` VALUES (0, '2018-08-05 00:00:00', '7598031251', '5924191058', '4', 8.00, 0.00, 0.00, NULL, '');
INSERT INTO `orders` VALUES (0, '2018-08-05 00:00:00', '7598031251', '5928083942', '2-0ccbfdef-d744', 6.00, 0.00, 0.00, NULL, '');
INSERT INTO `orders` VALUES (0, '2018-08-05 00:00:00', '7598031251', '5928083942', '4', 6.00, 0.00, 0.00, NULL, '');
INSERT INTO `orders` VALUES (0, '2018-08-05 00:00:00', '7598031251', '5964010623', '2-0ccbfdef-d744', 45.00, 0.00, 0.00, NULL, '');
INSERT INTO `orders` VALUES (0, '2018-08-05 00:00:00', '7598031251', '5964010623', '4', 45.00, 0.00, 0.00, NULL, '');
INSERT INTO `orders` VALUES (0, '2018-08-05 00:00:00', '7598031251', '6001283739', '2-0ccbfdef-d744', 2.00, 0.00, 0.00, NULL, '');
INSERT INTO `orders` VALUES (0, '2018-08-05 00:00:00', '7598031251', '6001283739', '4', 2.00, 0.00, 0.00, NULL, '');
INSERT INTO `orders` VALUES (0, '2018-08-05 00:00:00', '7598031251', '6022008157', '2-0ccbfdef-d744', 1.10, 0.00, 0.00, NULL, '');
INSERT INTO `orders` VALUES (0, '2018-08-05 00:00:00', '7598031251', '6022008157', '4', 1.10, 0.00, 0.00, NULL, '');
INSERT INTO `orders` VALUES (0, '2018-08-05 00:00:00', '7598031251', '6065941223', '2-0ccbfdef-d744', 1.00, 0.00, 0.00, NULL, '');
INSERT INTO `orders` VALUES (0, '2018-08-05 00:00:00', '7598031251', '6065941223', '4', 1.00, 0.00, 0.00, NULL, '');
INSERT INTO `orders` VALUES (0, '2018-08-05 00:00:00', '7598031251', '6126824458', '2-0ccbfdef-d744', 11.00, 0.00, 0.00, NULL, '');
INSERT INTO `orders` VALUES (0, '2018-08-05 00:00:00', '7598031251', '6126824458', '4', 11.00, 0.00, 0.00, NULL, '');
INSERT INTO `orders` VALUES (0, '2018-08-05 00:00:00', '7598031251', '6244808547', '2-0ccbfdef-d744', 5.00, 0.00, 0.00, NULL, '');
INSERT INTO `orders` VALUES (0, '2018-08-05 00:00:00', '7598031251', '6244808547', '4', 5.00, 0.00, 0.00, NULL, '');
INSERT INTO `orders` VALUES (0, '2018-08-05 00:00:00', '7598031251', '6277612628', '2-0ccbfdef-d744', 8.50, 0.00, 0.00, NULL, '');
INSERT INTO `orders` VALUES (0, '2018-08-05 00:00:00', '7598031251', '6277612628', '4', 8.50, 0.00, 0.00, NULL, '');
INSERT INTO `orders` VALUES (0, '2018-08-05 00:00:00', '7598031251', '6375002341', '2-0ccbfdef-d744', 8.00, 0.00, 0.00, NULL, '');
INSERT INTO `orders` VALUES (0, '2018-08-05 00:00:00', '7598031251', '6375002341', '4', 8.00, 0.00, 0.00, NULL, '');
INSERT INTO `orders` VALUES (0, '2018-08-05 00:00:00', '7598031251', '6380213495', '2-0ccbfdef-d744', 13.00, 0.00, 0.00, NULL, '');
INSERT INTO `orders` VALUES (0, '2018-08-05 00:00:00', '7598031251', '6380213495', '4', 13.00, 0.00, 0.00, NULL, '');
INSERT INTO `orders` VALUES (0, '2018-08-05 00:00:00', '7598031251', '6418643655', '2-0ccbfdef-d744', 9.00, 0.00, 0.00, NULL, '');
INSERT INTO `orders` VALUES (0, '2018-08-05 00:00:00', '7598031251', '6418643655', '4', 9.00, 0.00, 0.00, NULL, '');
INSERT INTO `orders` VALUES (0, '2018-08-05 00:00:00', '7598031251', '6420205838', '2-0ccbfdef-d744', 1.30, 0.00, 0.00, NULL, '');
INSERT INTO `orders` VALUES (0, '2018-08-05 00:00:00', '7598031251', '6420205838', '4', 1.30, 0.00, 0.00, NULL, '');
INSERT INTO `orders` VALUES (0, '2018-08-05 00:00:00', '7598031251', '6438951213', '2-0ccbfdef-d744', 13.00, 0.00, 0.00, NULL, '');
INSERT INTO `orders` VALUES (0, '2018-08-05 00:00:00', '7598031251', '6438951213', '4', 13.00, 0.00, 0.00, NULL, '');
INSERT INTO `orders` VALUES (0, '2018-08-05 00:00:00', '7598031251', '6458996488', '2-0ccbfdef-d744', 12.00, 0.00, 0.00, NULL, '');
INSERT INTO `orders` VALUES (0, '2018-08-05 00:00:00', '7598031251', '6458996488', '4', 12.00, 0.00, 0.00, NULL, '');
INSERT INTO `orders` VALUES (0, '2018-08-05 00:00:00', '7598031251', '6466751433', '2-0ccbfdef-d744', 1.20, 0.00, 0.00, NULL, '');
INSERT INTO `orders` VALUES (0, '2018-08-05 00:00:00', '7598031251', '6466751433', '4', 1.20, 0.00, 0.00, NULL, '');
INSERT INTO `orders` VALUES (0, '2018-08-05 00:00:00', '7598031251', '6497669424', '2-0ccbfdef-d744', 2.50, 0.00, 0.00, NULL, '');
INSERT INTO `orders` VALUES (0, '2018-08-05 00:00:00', '7598031251', '6497669424', '4', 2.50, 0.00, 0.00, NULL, '');
INSERT INTO `orders` VALUES (0, '2018-08-05 00:00:00', '7598031251', '6512542255', '2-0ccbfdef-d744', 5.00, 0.00, 0.00, NULL, '');
INSERT INTO `orders` VALUES (0, '2018-08-05 00:00:00', '7598031251', '6512542255', '4', 5.00, 0.00, 0.00, NULL, '');
INSERT INTO `orders` VALUES (0, '2018-08-05 00:00:00', '7598031251', '6526989490', '2-0ccbfdef-d744', 30.00, 0.00, 0.00, NULL, '');
INSERT INTO `orders` VALUES (0, '2018-08-05 00:00:00', '7598031251', '6526989490', '4', 30.00, 0.00, 0.00, NULL, '');
INSERT INTO `orders` VALUES (0, '2018-08-05 00:00:00', '7598031251', '6564333307', '2-0ccbfdef-d744', 8.50, 0.00, 0.00, NULL, '');
INSERT INTO `orders` VALUES (0, '2018-08-05 00:00:00', '7598031251', '6564333307', '4', 8.50, 0.00, 0.00, NULL, '');
INSERT INTO `orders` VALUES (0, '2018-08-05 00:00:00', '7598031251', '6647557457', '2-0ccbfdef-d744', 4.50, 0.00, 0.00, NULL, '');
INSERT INTO `orders` VALUES (0, '2018-08-05 00:00:00', '7598031251', '6647557457', '4', 4.50, 0.00, 0.00, NULL, '');
INSERT INTO `orders` VALUES (0, '2018-08-05 00:00:00', '7598031251', '6668349642', '2-0ccbfdef-d744', 9.00, 0.00, 0.00, NULL, '');
INSERT INTO `orders` VALUES (0, '2018-08-05 00:00:00', '7598031251', '6668349642', '4', 9.00, 0.00, 0.00, NULL, '');
INSERT INTO `orders` VALUES (0, '2018-08-05 00:00:00', '7598031251', '6865217141', '2-0ccbfdef-d744', 9.00, 0.00, 0.00, NULL, '');
INSERT INTO `orders` VALUES (0, '2018-08-05 00:00:00', '7598031251', '6865217141', '4', 9.00, 0.00, 0.00, NULL, '');
INSERT INTO `orders` VALUES (0, '2018-08-05 00:00:00', '7598031251', '6872724399', '2-0ccbfdef-d744', 35.00, 0.00, 0.00, NULL, '');
INSERT INTO `orders` VALUES (0, '2018-08-05 00:00:00', '7598031251', '6872724399', '4', 35.00, 0.00, 0.00, NULL, '');
INSERT INTO `orders` VALUES (0, '2018-08-05 00:00:00', '7598031251', '6898673996', '2-0ccbfdef-d744', 18.00, 0.00, 0.00, NULL, '');
INSERT INTO `orders` VALUES (0, '2018-08-05 00:00:00', '7598031251', '6898673996', '4', 18.00, 0.00, 0.00, NULL, '');
INSERT INTO `orders` VALUES (0, '2018-08-05 00:00:00', '7598031251', '6912962156', '2-0ccbfdef-d744', 3.50, 0.00, 0.00, NULL, '');
INSERT INTO `orders` VALUES (0, '2018-08-05 00:00:00', '7598031251', '6912962156', '4', 3.50, 0.00, 0.00, NULL, '');
INSERT INTO `orders` VALUES (0, '2018-08-05 00:00:00', '7598031251', '6949650672', '2-0ccbfdef-d744', 1.00, 0.00, 0.00, NULL, '');
INSERT INTO `orders` VALUES (0, '2018-08-05 00:00:00', '7598031251', '6949650672', '4', 1.00, 0.00, 0.00, NULL, '');
INSERT INTO `orders` VALUES (0, '2018-08-05 00:00:00', '7598031251', '7043470353', '2-0ccbfdef-d744', 1.10, 0.00, 0.00, NULL, '');
INSERT INTO `orders` VALUES (0, '2018-08-05 00:00:00', '7598031251', '7043470353', '4', 1.10, 0.00, 0.00, NULL, '');
INSERT INTO `orders` VALUES (0, '2018-08-05 00:00:00', '7598031251', '7045094024', '2-0ccbfdef-d744', 15.00, 0.00, 0.00, NULL, '');
INSERT INTO `orders` VALUES (0, '2018-08-05 00:00:00', '7598031251', '7045094024', '4', 15.00, 0.00, 0.00, NULL, '');
INSERT INTO `orders` VALUES (0, '2018-08-05 00:00:00', '7598031251', '7061651843', '2-0ccbfdef-d744', 0.85, 0.00, 0.00, NULL, '');
INSERT INTO `orders` VALUES (0, '2018-08-05 00:00:00', '7598031251', '7061651843', '4', 0.85, 0.00, 0.00, NULL, '');
INSERT INTO `orders` VALUES (0, '2018-08-05 00:00:00', '7598031251', '7086896795', '2-0ccbfdef-d744', 4.00, 0.00, 0.00, NULL, '');
INSERT INTO `orders` VALUES (0, '2018-08-05 00:00:00', '7598031251', '7086896795', '4', 4.00, 0.00, 0.00, NULL, '');
INSERT INTO `orders` VALUES (0, '2018-08-05 00:00:00', '7598031251', '7103127704', '2-0ccbfdef-d744', 45.00, 0.00, 0.00, NULL, '');
INSERT INTO `orders` VALUES (0, '2018-08-05 00:00:00', '7598031251', '7103127704', '4', 45.00, 0.00, 0.00, NULL, '');
INSERT INTO `orders` VALUES (0, '2018-08-05 00:00:00', '7598031251', '7111113768', '2-0ccbfdef-d744', 12.00, 0.00, 0.00, NULL, '');
INSERT INTO `orders` VALUES (0, '2018-08-05 00:00:00', '7598031251', '7111113768', '4', 12.00, 0.00, 0.00, NULL, '');
INSERT INTO `orders` VALUES (0, '2018-08-05 00:00:00', '7598031251', '7141162769', '2-0ccbfdef-d744', 12.00, 0.00, 0.00, NULL, '');
INSERT INTO `orders` VALUES (0, '2018-08-05 00:00:00', '7598031251', '7141162769', '4', 12.00, 0.00, 0.00, NULL, '');
INSERT INTO `orders` VALUES (0, '2018-08-05 00:00:00', '7598031251', '7161453628', '2-0ccbfdef-d744', 1.00, 0.00, 0.00, NULL, '');
INSERT INTO `orders` VALUES (0, '2018-08-05 00:00:00', '7598031251', '7161453628', '4', 1.00, 0.00, 0.00, NULL, '');
INSERT INTO `orders` VALUES (0, '2018-08-05 00:00:00', '7598031251', '7274691547', '2-0ccbfdef-d744', 12.00, 0.00, 0.00, NULL, '');
INSERT INTO `orders` VALUES (0, '2018-08-05 00:00:00', '7598031251', '7274691547', '4', 12.00, 0.00, 0.00, NULL, '');
INSERT INTO `orders` VALUES (0, '2018-08-05 00:00:00', '7598031251', '7289610944', '2-0ccbfdef-d744', 35.00, 0.00, 0.00, NULL, '');
INSERT INTO `orders` VALUES (0, '2018-08-05 00:00:00', '7598031251', '7289610944', '4', 35.00, 0.00, 0.00, NULL, '');
INSERT INTO `orders` VALUES (0, '2018-08-05 00:00:00', '7598031251', '7325831945', '2-0ccbfdef-d744', 2.50, 0.00, 0.00, NULL, '');
INSERT INTO `orders` VALUES (0, '2018-08-05 00:00:00', '7598031251', '7325831945', '4', 2.50, 0.00, 0.00, NULL, '');
INSERT INTO `orders` VALUES (0, '2018-08-05 00:00:00', '7598031251', '7384054974', '2-0ccbfdef-d744', 11.50, 0.00, 0.00, NULL, '');
INSERT INTO `orders` VALUES (0, '2018-08-05 00:00:00', '7598031251', '7384054974', '4', 11.50, 0.00, 0.00, NULL, '');
INSERT INTO `orders` VALUES (0, '2018-08-05 00:00:00', '7598031251', '7546287244', '2-0ccbfdef-d744', 22.00, 0.00, 0.00, NULL, '');
INSERT INTO `orders` VALUES (0, '2018-08-05 00:00:00', '7598031251', '7546287244', '4', 22.00, 0.00, 0.00, NULL, '');
INSERT INTO `orders` VALUES (0, '2018-08-05 00:00:00', '7598031251', '7579304373', '2-0ccbfdef-d744', 23.00, 0.00, 0.00, NULL, '');
INSERT INTO `orders` VALUES (0, '2018-08-05 00:00:00', '7598031251', '7579304373', '4', 23.00, 0.00, 0.00, NULL, '');
INSERT INTO `orders` VALUES (0, '2018-08-05 00:00:00', '7598031251', '7593881042', '2-0ccbfdef-d744', 5.00, 0.00, 0.00, NULL, '');
INSERT INTO `orders` VALUES (0, '2018-08-05 00:00:00', '7598031251', '7593881042', '4', 5.00, 0.00, 0.00, NULL, '');
INSERT INTO `orders` VALUES (0, '2018-08-05 00:00:00', '7598031251', '7615368955', '2-0ccbfdef-d744', 65.00, 0.00, 0.00, NULL, '');
INSERT INTO `orders` VALUES (0, '2018-08-05 00:00:00', '7598031251', '7615368955', '4', 65.00, 0.00, 0.00, NULL, '');
INSERT INTO `orders` VALUES (0, '2018-08-05 00:00:00', '7598031251', '7615750388', '2-0ccbfdef-d744', 7.00, 0.00, 0.00, NULL, '');
INSERT INTO `orders` VALUES (0, '2018-08-05 00:00:00', '7598031251', '7615750388', '4', 7.00, 0.00, 0.00, NULL, '');
INSERT INTO `orders` VALUES (0, '2018-08-05 00:00:00', '7598031251', '7649649933', '2-0ccbfdef-d744', 150.00, 0.00, 0.00, NULL, '');
INSERT INTO `orders` VALUES (0, '2018-08-05 00:00:00', '7598031251', '7649649933', '4', 150.00, 0.00, 0.00, NULL, '');
INSERT INTO `orders` VALUES (0, '2018-08-05 00:00:00', '7598031251', '7671914417', '2-0ccbfdef-d744', 4.50, 0.00, 0.00, NULL, '');
INSERT INTO `orders` VALUES (0, '2018-08-05 00:00:00', '7598031251', '7671914417', '4', 4.50, 0.00, 0.00, NULL, '');
INSERT INTO `orders` VALUES (0, '2018-08-05 00:00:00', '7598031251', '7749739543', '2-0ccbfdef-d744', 5.00, 0.00, 0.00, NULL, '');
INSERT INTO `orders` VALUES (0, '2018-08-05 00:00:00', '7598031251', '7749739543', '4', 5.00, 0.00, 0.00, NULL, '');
INSERT INTO `orders` VALUES (0, '2018-08-05 00:00:00', '7598031251', '7797066007', '2-0ccbfdef-d744', 3.00, 0.00, 0.00, NULL, '');
INSERT INTO `orders` VALUES (0, '2018-08-05 00:00:00', '7598031251', '7797066007', '4', 3.00, 0.00, 0.00, NULL, '');
INSERT INTO `orders` VALUES (0, '2018-08-05 00:00:00', '7598031251', '7838987258', '2-0ccbfdef-d744', 3.00, 0.00, 0.00, NULL, '');
INSERT INTO `orders` VALUES (0, '2018-08-05 00:00:00', '7598031251', '7838987258', '4', 3.00, 0.00, 0.00, NULL, '');
INSERT INTO `orders` VALUES (0, '2018-08-05 00:00:00', '7598031251', '7843854261', '2-0ccbfdef-d744', 8.50, 0.00, 0.00, NULL, '');
INSERT INTO `orders` VALUES (0, '2018-08-05 00:00:00', '7598031251', '7843854261', '4', 8.50, 0.00, 0.00, NULL, '');
INSERT INTO `orders` VALUES (0, '2018-08-05 00:00:00', '7598031251', '7862046815', '2-0ccbfdef-d744', 1.20, 0.00, 0.00, NULL, '');
INSERT INTO `orders` VALUES (0, '2018-08-05 00:00:00', '7598031251', '7862046815', '4', 1.20, 0.00, 0.00, NULL, '');
INSERT INTO `orders` VALUES (0, '2018-08-05 00:00:00', '7598031251', '7863849544', '2-0ccbfdef-d744', 1.30, 0.00, 0.00, NULL, '');
INSERT INTO `orders` VALUES (0, '2018-08-05 00:00:00', '7598031251', '7863849544', '4', 1.30, 0.00, 0.00, NULL, '');
INSERT INTO `orders` VALUES (0, '2018-08-05 00:00:00', '7598031251', '7883073348', '2-0ccbfdef-d744', 11.50, 0.00, 0.00, NULL, '');
INSERT INTO `orders` VALUES (0, '2018-08-05 00:00:00', '7598031251', '7883073348', '4', 11.50, 0.00, 0.00, NULL, '');
INSERT INTO `orders` VALUES (0, '2018-08-05 00:00:00', '7598031251', '7945139022', '2-0ccbfdef-d744', 15.00, 0.00, 0.00, NULL, '');
INSERT INTO `orders` VALUES (0, '2018-08-05 00:00:00', '7598031251', '7945139022', '4', 15.00, 0.00, 0.00, NULL, '');
INSERT INTO `orders` VALUES (0, '2018-08-05 00:00:00', '7598031251', '7963058637', '2-0ccbfdef-d744', 10.00, 0.00, 0.00, NULL, '');
INSERT INTO `orders` VALUES (0, '2018-08-05 00:00:00', '7598031251', '7963058637', '4', 10.00, 0.00, 0.00, NULL, '');
INSERT INTO `orders` VALUES (0, '2018-08-05 00:00:00', '7598031251', '7963974750', '2-0ccbfdef-d744', 8.00, 2.00, 16.00, NULL, '');
INSERT INTO `orders` VALUES (0, '2018-08-05 00:00:00', '7598031251', '7963974750', '4', 8.00, 0.00, 0.00, NULL, '');
INSERT INTO `orders` VALUES (0, '2018-08-05 00:00:00', '7598031251', '8012263384', '2-0ccbfdef-d744', 40.00, 0.00, 0.00, NULL, '');
INSERT INTO `orders` VALUES (0, '2018-08-05 00:00:00', '7598031251', '8012263384', '4', 40.00, 0.00, 0.00, NULL, '');
INSERT INTO `orders` VALUES (0, '2018-08-05 00:00:00', '7598031251', '8034228775', '2-0ccbfdef-d744', 112.00, 0.00, 0.00, NULL, '');
INSERT INTO `orders` VALUES (0, '2018-08-05 00:00:00', '7598031251', '8034228775', '4', 112.00, 0.00, 0.00, NULL, '');
INSERT INTO `orders` VALUES (0, '2018-08-05 00:00:00', '7598031251', '8094580699', '2-0ccbfdef-d744', 6.00, 0.00, 0.00, NULL, '');
INSERT INTO `orders` VALUES (0, '2018-08-05 00:00:00', '7598031251', '8094580699', '4', 6.00, 0.00, 0.00, NULL, '');
INSERT INTO `orders` VALUES (0, '2018-08-05 00:00:00', '7598031251', '8102038698', '2-0ccbfdef-d744', 18.00, 0.00, 0.00, NULL, '');
INSERT INTO `orders` VALUES (0, '2018-08-05 00:00:00', '7598031251', '8102038698', '4', 18.00, 0.00, 0.00, NULL, '');
INSERT INTO `orders` VALUES (0, '2018-08-05 00:00:00', '7598031251', '8147104681', '2-0ccbfdef-d744', 25.00, 0.00, 0.00, NULL, '');
INSERT INTO `orders` VALUES (0, '2018-08-05 00:00:00', '7598031251', '8147104681', '4', 25.00, 0.00, 0.00, NULL, '');
INSERT INTO `orders` VALUES (0, '2018-08-05 00:00:00', '7598031251', '8210958178', '2-0ccbfdef-d744', 6.50, 0.00, 0.00, NULL, '');
INSERT INTO `orders` VALUES (0, '2018-08-05 00:00:00', '7598031251', '8210958178', '4', 6.50, 0.00, 0.00, NULL, '');
INSERT INTO `orders` VALUES (0, '2018-08-05 00:00:00', '7598031251', '8296971819', '2-0ccbfdef-d744', 0.90, 0.00, 0.00, NULL, '');
INSERT INTO `orders` VALUES (0, '2018-08-05 00:00:00', '7598031251', '8296971819', '4', 0.90, 0.00, 0.00, NULL, '');
INSERT INTO `orders` VALUES (0, '2018-08-05 00:00:00', '7598031251', '8309122901', '2-0ccbfdef-d744', 13.00, 0.00, 0.00, NULL, '');
INSERT INTO `orders` VALUES (0, '2018-08-05 00:00:00', '7598031251', '8309122901', '4', 13.00, 0.00, 0.00, NULL, '');
INSERT INTO `orders` VALUES (0, '2018-08-05 00:00:00', '7598031251', '8333595391', '2-0ccbfdef-d744', 35.00, 0.00, 0.00, NULL, '');
INSERT INTO `orders` VALUES (0, '2018-08-05 00:00:00', '7598031251', '8333595391', '4', 35.00, 0.00, 0.00, NULL, '');
INSERT INTO `orders` VALUES (0, '2018-08-05 00:00:00', '7598031251', '8341043567', '2-0ccbfdef-d744', 23.00, 0.00, 0.00, NULL, '');
INSERT INTO `orders` VALUES (0, '2018-08-05 00:00:00', '7598031251', '8341043567', '4', 23.00, 0.00, 0.00, NULL, '');
INSERT INTO `orders` VALUES (0, '2018-08-05 00:00:00', '7598031251', '8429230840', '2-0ccbfdef-d744', 6.00, 0.00, 0.00, NULL, '');
INSERT INTO `orders` VALUES (0, '2018-08-05 00:00:00', '7598031251', '8429230840', '4', 6.00, 0.00, 0.00, NULL, '');
INSERT INTO `orders` VALUES (0, '2018-08-05 00:00:00', '7598031251', '8457579240', '2-0ccbfdef-d744', 0.90, 0.00, 0.00, NULL, '');
INSERT INTO `orders` VALUES (0, '2018-08-05 00:00:00', '7598031251', '8457579240', '4', 0.90, 0.00, 0.00, NULL, '');
INSERT INTO `orders` VALUES (0, '2018-08-05 00:00:00', '7598031251', '8493807360', '2-0ccbfdef-d744', 3.00, 0.00, 0.00, NULL, '');
INSERT INTO `orders` VALUES (0, '2018-08-05 00:00:00', '7598031251', '8493807360', '4', 3.00, 0.00, 0.00, NULL, '');
INSERT INTO `orders` VALUES (0, '2018-08-05 00:00:00', '7598031251', '8507256892', '2-0ccbfdef-d744', 15.50, 0.00, 0.00, NULL, '');
INSERT INTO `orders` VALUES (0, '2018-08-05 00:00:00', '7598031251', '8507256892', '4', 15.50, 0.00, 0.00, NULL, '');
INSERT INTO `orders` VALUES (0, '2018-08-05 00:00:00', '7598031251', '8512527513', '2-0ccbfdef-d744', 4.00, 0.00, 0.00, NULL, '');
INSERT INTO `orders` VALUES (0, '2018-08-05 00:00:00', '7598031251', '8512527513', '4', 4.00, 0.00, 0.00, NULL, '');
INSERT INTO `orders` VALUES (0, '2018-08-05 00:00:00', '7598031251', '8559706225', '2-0ccbfdef-d744', 16.00, 0.00, 0.00, NULL, '');
INSERT INTO `orders` VALUES (0, '2018-08-05 00:00:00', '7598031251', '8559706225', '4', 16.00, 0.00, 0.00, NULL, '');
INSERT INTO `orders` VALUES (0, '2018-08-05 00:00:00', '7598031251', '8596776390', '2-0ccbfdef-d744', 9.00, 0.00, 0.00, NULL, '');
INSERT INTO `orders` VALUES (0, '2018-08-05 00:00:00', '7598031251', '8596776390', '4', 9.00, 0.00, 0.00, NULL, '');
INSERT INTO `orders` VALUES (0, '2018-08-05 00:00:00', '7598031251', '8614319524', '2-0ccbfdef-d744', 260.00, 0.00, 0.00, NULL, '');
INSERT INTO `orders` VALUES (0, '2018-08-05 00:00:00', '7598031251', '8614319524', '4', 260.00, 0.00, 0.00, NULL, '');
INSERT INTO `orders` VALUES (0, '2018-08-05 00:00:00', '7598031251', '8620607666', '2-0ccbfdef-d744', 3.50, 0.00, 0.00, NULL, '');
INSERT INTO `orders` VALUES (0, '2018-08-05 00:00:00', '7598031251', '8620607666', '4', 3.50, 0.00, 0.00, NULL, '');
INSERT INTO `orders` VALUES (0, '2018-08-05 00:00:00', '7598031251', '8641947894', '2-0ccbfdef-d744', 4.50, 0.00, 0.00, NULL, '');
INSERT INTO `orders` VALUES (0, '2018-08-05 00:00:00', '7598031251', '8641947894', '4', 4.50, 0.00, 0.00, NULL, '');
INSERT INTO `orders` VALUES (0, '2018-08-05 00:00:00', '7598031251', '8726765162', '2-0ccbfdef-d744', 1.20, 0.00, 0.00, NULL, '');
INSERT INTO `orders` VALUES (0, '2018-08-05 00:00:00', '7598031251', '8726765162', '4', 1.20, 0.00, 0.00, NULL, '');
INSERT INTO `orders` VALUES (0, '2018-08-05 00:00:00', '7598031251', '8764267383', '2-0ccbfdef-d744', 0.80, 0.00, 0.00, NULL, '');
INSERT INTO `orders` VALUES (0, '2018-08-05 00:00:00', '7598031251', '8764267383', '4', 0.80, 0.00, 0.00, NULL, '');
INSERT INTO `orders` VALUES (0, '2018-08-05 00:00:00', '7598031251', '8774791780', '2-0ccbfdef-d744', 10.00, 0.00, 0.00, NULL, '');
INSERT INTO `orders` VALUES (0, '2018-08-05 00:00:00', '7598031251', '8774791780', '4', 10.00, 0.00, 0.00, NULL, '');
INSERT INTO `orders` VALUES (0, '2018-08-05 00:00:00', '7598031251', '8985870590', '2-0ccbfdef-d744', 4.00, 0.00, 0.00, NULL, '');
INSERT INTO `orders` VALUES (0, '2018-08-05 00:00:00', '7598031251', '8985870590', '4', 4.00, 0.00, 0.00, NULL, '');
INSERT INTO `orders` VALUES (0, '2018-08-05 00:00:00', '7598031251', '9001062832', '2-0ccbfdef-d744', 11.50, 0.00, 0.00, NULL, '');
INSERT INTO `orders` VALUES (0, '2018-08-05 00:00:00', '7598031251', '9001062832', '4', 11.50, 0.00, 0.00, NULL, '');
INSERT INTO `orders` VALUES (0, '2018-08-05 00:00:00', '7598031251', '9004622336', '2-0ccbfdef-d744', 0.80, 0.00, 0.00, NULL, '');
INSERT INTO `orders` VALUES (0, '2018-08-05 00:00:00', '7598031251', '9004622336', '4', 0.80, 1.50, 1.20, NULL, '');
INSERT INTO `orders` VALUES (0, '2018-08-05 00:00:00', '7598031251', '9012657274', '2-0ccbfdef-d744', 4.00, 0.00, 0.00, NULL, '');
INSERT INTO `orders` VALUES (0, '2018-08-05 00:00:00', '7598031251', '9012657274', '4', 4.00, 0.00, 0.00, NULL, '');
INSERT INTO `orders` VALUES (0, '2018-08-05 00:00:00', '7598031251', '9017134824', '2-0ccbfdef-d744', 13.00, 0.00, 0.00, NULL, '');
INSERT INTO `orders` VALUES (0, '2018-08-05 00:00:00', '7598031251', '9017134824', '4', 13.00, 0.00, 0.00, NULL, '');
INSERT INTO `orders` VALUES (0, '2018-08-05 00:00:00', '7598031251', '9084077863', '2-0ccbfdef-d744', 8.00, 0.00, 0.00, NULL, '');
INSERT INTO `orders` VALUES (0, '2018-08-05 00:00:00', '7598031251', '9084077863', '4', 8.00, 0.00, 0.00, NULL, '');
INSERT INTO `orders` VALUES (0, '2018-08-05 00:00:00', '7598031251', '9098838391', '2-0ccbfdef-d744', 1.10, 0.00, 0.00, NULL, '');
INSERT INTO `orders` VALUES (0, '2018-08-05 00:00:00', '7598031251', '9098838391', '4', 1.10, 0.00, 0.00, NULL, '');
INSERT INTO `orders` VALUES (0, '2018-08-05 00:00:00', '7598031251', '9266709676', '2-0ccbfdef-d744', 1.00, 0.00, 0.00, NULL, '');
INSERT INTO `orders` VALUES (0, '2018-08-05 00:00:00', '7598031251', '9266709676', '4', 1.00, 0.00, 0.00, NULL, '');
INSERT INTO `orders` VALUES (0, '2018-08-05 00:00:00', '7598031251', '9269385462', '2-0ccbfdef-d744', 165.00, 0.00, 0.00, NULL, '');
INSERT INTO `orders` VALUES (0, '2018-08-05 00:00:00', '7598031251', '9269385462', '4', 165.00, 0.00, 0.00, NULL, '');
INSERT INTO `orders` VALUES (0, '2018-08-05 00:00:00', '7598031251', '9293911524', '2-0ccbfdef-d744', 2.50, 0.00, 0.00, NULL, '');
INSERT INTO `orders` VALUES (0, '2018-08-05 00:00:00', '7598031251', '9293911524', '4', 2.50, 0.00, 0.00, NULL, '');
INSERT INTO `orders` VALUES (0, '2018-08-05 00:00:00', '7598031251', '9324935106', '2-0ccbfdef-d744', 1.20, 0.00, 0.00, NULL, '');
INSERT INTO `orders` VALUES (0, '2018-08-05 00:00:00', '7598031251', '9324935106', '4', 1.20, 0.00, 0.00, NULL, '');
INSERT INTO `orders` VALUES (0, '2018-08-05 00:00:00', '7598031251', '9332182245', '2-0ccbfdef-d744', 3.00, 0.00, 0.00, NULL, '');
INSERT INTO `orders` VALUES (0, '2018-08-05 00:00:00', '7598031251', '9332182245', '4', 3.00, 0.00, 0.00, NULL, '');
INSERT INTO `orders` VALUES (0, '2018-08-05 00:00:00', '7598031251', '9352724164', '2-0ccbfdef-d744', 17.00, 0.00, 0.00, NULL, '');
INSERT INTO `orders` VALUES (0, '2018-08-05 00:00:00', '7598031251', '9352724164', '4', 17.00, 0.00, 0.00, NULL, '');
INSERT INTO `orders` VALUES (0, '2018-08-05 00:00:00', '7598031251', '9409057759', '2-0ccbfdef-d744', 2.50, 0.00, 0.00, NULL, '');
INSERT INTO `orders` VALUES (0, '2018-08-05 00:00:00', '7598031251', '9409057759', '4', 2.50, 0.00, 0.00, NULL, '');
INSERT INTO `orders` VALUES (0, '2018-08-05 00:00:00', '7598031251', '9442631342', '2-0ccbfdef-d744', 5.00, 0.00, 0.00, NULL, '');
INSERT INTO `orders` VALUES (0, '2018-08-05 00:00:00', '7598031251', '9442631342', '4', 5.00, 0.00, 0.00, NULL, '');
INSERT INTO `orders` VALUES (0, '2018-08-05 00:00:00', '7598031251', '9491454388', '2-0ccbfdef-d744', 6.00, 0.00, 0.00, NULL, '');
INSERT INTO `orders` VALUES (0, '2018-08-05 00:00:00', '7598031251', '9491454388', '4', 6.00, 0.00, 0.00, NULL, '');
INSERT INTO `orders` VALUES (0, '2018-08-05 00:00:00', '7598031251', '9591999672', '2-0ccbfdef-d744', 50.00, 0.00, 0.00, NULL, '');
INSERT INTO `orders` VALUES (0, '2018-08-05 00:00:00', '7598031251', '9591999672', '4', 50.00, 0.00, 0.00, NULL, '');
INSERT INTO `orders` VALUES (0, '2018-08-05 00:00:00', '7598031251', '9680295770', '2-0ccbfdef-d744', 1.00, 0.00, 0.00, NULL, '');
INSERT INTO `orders` VALUES (0, '2018-08-05 00:00:00', '7598031251', '9680295770', '4', 1.00, 0.00, 0.00, NULL, '');
INSERT INTO `orders` VALUES (0, '2018-08-05 00:00:00', '7598031251', '9755692256', '2-0ccbfdef-d744', 3.50, 0.00, 0.00, NULL, '');
INSERT INTO `orders` VALUES (0, '2018-08-05 00:00:00', '7598031251', '9755692256', '4', 3.50, 0.00, 0.00, NULL, '');
INSERT INTO `orders` VALUES (0, '2018-08-05 00:00:00', '7598031251', '9908727289', '2-0ccbfdef-d744', 3.00, 0.00, 0.00, NULL, '');
INSERT INTO `orders` VALUES (0, '2018-08-05 00:00:00', '7598031251', '9908727289', '4', 3.00, 0.00, 0.00, NULL, '');
INSERT INTO `orders` VALUES (0, '2018-08-05 00:00:00', '7598031251', '9914435668', '2-0ccbfdef-d744', 2.40, 0.00, 0.00, NULL, '');
INSERT INTO `orders` VALUES (0, '2018-08-05 00:00:00', '7598031251', '9914435668', '4', 2.40, 0.00, 0.00, NULL, '');
INSERT INTO `orders` VALUES (0, '2018-08-05 00:00:00', '7598031251', '9970027287', '2-0ccbfdef-d744', 11.00, 0.00, 0.00, NULL, '');
INSERT INTO `orders` VALUES (0, '2018-08-05 00:00:00', '7598031251', '9970027287', '4', 11.00, 0.00, 0.00, NULL, '');
INSERT INTO `orders` VALUES (0, '2018-08-06 00:00:00', '7598031251', '1041469823', '4', 8.00, 0.00, 0.00, NULL, '');
INSERT INTO `orders` VALUES (0, '2018-08-06 00:00:00', '7598031251', '1042606726', '4', 5.00, 0.00, 0.00, NULL, '');
INSERT INTO `orders` VALUES (0, '2018-08-06 00:00:00', '7598031251', '1046188992', '4', 6.00, 0.00, 0.00, NULL, '');
INSERT INTO `orders` VALUES (0, '2018-08-06 00:00:00', '7598031251', '1058568708', '4', 12.00, 0.00, 0.00, NULL, '');
INSERT INTO `orders` VALUES (0, '2018-08-06 00:00:00', '7598031251', '1119882026', '4', 15.00, 0.00, 0.00, NULL, '');
INSERT INTO `orders` VALUES (0, '2018-08-06 00:00:00', '7598031251', '1253110852', '4', 9.00, 0.00, 0.00, NULL, '');
INSERT INTO `orders` VALUES (0, '2018-08-06 00:00:00', '7598031251', '1278639234', '4', 10.00, 0.00, 0.00, NULL, '');
INSERT INTO `orders` VALUES (0, '2018-08-06 00:00:00', '7598031251', '1296095373', '4', 1.10, 0.00, 0.00, NULL, '');
INSERT INTO `orders` VALUES (0, '2018-08-06 00:00:00', '7598031251', '1299761438', '4', 1.00, 0.00, 0.00, NULL, '');
INSERT INTO `orders` VALUES (0, '2018-08-06 00:00:00', '7598031251', '1325688661', '4', 1.60, 0.00, 0.00, NULL, '');
INSERT INTO `orders` VALUES (0, '2018-08-06 00:00:00', '7598031251', '1381082106', '4', 1.80, 0.00, 0.00, NULL, '');
INSERT INTO `orders` VALUES (0, '2018-08-06 00:00:00', '7598031251', '1431930409', '4', 4.00, 0.00, 0.00, NULL, '');
INSERT INTO `orders` VALUES (0, '2018-08-06 00:00:00', '7598031251', '1617370687', '4', 165.00, 0.00, 0.00, NULL, '');
INSERT INTO `orders` VALUES (0, '2018-08-06 00:00:00', '7598031251', '1686051240', '4', 9.00, 0.00, 0.00, NULL, '');
INSERT INTO `orders` VALUES (0, '2018-08-06 00:00:00', '7598031251', '1773025230', '4', 11.00, 0.00, 0.00, NULL, '');
INSERT INTO `orders` VALUES (0, '2018-08-06 00:00:00', '7598031251', '1782077120', '4', 10.00, 0.00, 0.00, NULL, '');
INSERT INTO `orders` VALUES (0, '2018-08-06 00:00:00', '7598031251', '1843039038', '4', 5.00, 0.00, 0.00, NULL, '');
INSERT INTO `orders` VALUES (0, '2018-08-06 00:00:00', '7598031251', '1875977295', '4', 13.00, 0.00, 0.00, NULL, '');
INSERT INTO `orders` VALUES (0, '2018-08-06 00:00:00', '7598031251', '1882866591', '4', 12.50, 0.00, 0.00, NULL, '');
INSERT INTO `orders` VALUES (0, '2018-08-06 00:00:00', '7598031251', '1887593880', '4', 9.00, 0.00, 0.00, NULL, '');
INSERT INTO `orders` VALUES (0, '2018-08-06 00:00:00', '7598031251', '1964137379', '4', 4.00, 0.00, 0.00, NULL, '');
INSERT INTO `orders` VALUES (0, '2018-08-06 00:00:00', '7598031251', '2059731698', '4', 1.30, 0.00, 0.00, NULL, '');
INSERT INTO `orders` VALUES (0, '2018-08-06 00:00:00', '7598031251', '2092387274', '4', 0.80, 0.00, 0.00, NULL, '');
INSERT INTO `orders` VALUES (0, '2018-08-06 00:00:00', '7598031251', '2144477998', '4', 1.10, 0.00, 0.00, NULL, '');
INSERT INTO `orders` VALUES (0, '2018-08-06 00:00:00', '7598031251', '2217839163', '4', 15.00, 0.00, 0.00, NULL, '');
INSERT INTO `orders` VALUES (0, '2018-08-06 00:00:00', '7598031251', '2218391566', '4', 3.45, 0.00, 0.00, NULL, '');
INSERT INTO `orders` VALUES (0, '2018-08-06 00:00:00', '7598031251', '2340144496', '4', 9.00, 2.30, 20.70, NULL, '');
INSERT INTO `orders` VALUES (0, '2018-08-06 00:00:00', '7598031251', '2376115770', '4', 4.00, 2.56, 10.24, NULL, '');
INSERT INTO `orders` VALUES (0, '2018-08-06 00:00:00', '7598031251', '2386592860', '4', 10.00, 0.00, 0.00, NULL, '');
INSERT INTO `orders` VALUES (0, '2018-08-06 00:00:00', '7598031251', '2402044242', '4', 0.70, 0.00, 0.00, NULL, '');
INSERT INTO `orders` VALUES (0, '2018-08-06 00:00:00', '7598031251', '2439481821', '4', 1.10, 0.00, 0.00, NULL, '');
INSERT INTO `orders` VALUES (0, '2018-08-06 00:00:00', '7598031251', '2447068729', '4', 6.50, 0.00, 0.00, NULL, '');
INSERT INTO `orders` VALUES (0, '2018-08-06 00:00:00', '7598031251', '2470669174', '4', 165.00, 0.00, 0.00, NULL, '');
INSERT INTO `orders` VALUES (0, '2018-08-06 00:00:00', '7598031251', '2489986206', '4', 10.00, 0.00, 0.00, NULL, '');
INSERT INTO `orders` VALUES (0, '2018-08-06 00:00:00', '7598031251', '2518784346', '4', 1.00, 0.00, 0.00, NULL, '');
INSERT INTO `orders` VALUES (0, '2018-08-06 00:00:00', '7598031251', '2622033657', '4', 1.00, 0.00, 0.00, NULL, '');
INSERT INTO `orders` VALUES (0, '2018-08-06 00:00:00', '7598031251', '2665881419', '4', 3.50, 0.00, 0.00, NULL, '');
INSERT INTO `orders` VALUES (0, '2018-08-06 00:00:00', '7598031251', '2706579578', '4', 33.00, 0.00, 0.00, NULL, '');
INSERT INTO `orders` VALUES (0, '2018-08-06 00:00:00', '7598031251', '2891769070', '4', 3.00, 0.00, 0.00, NULL, '');
INSERT INTO `orders` VALUES (0, '2018-08-06 00:00:00', '7598031251', '2939243318', '4', 11.00, 0.00, 0.00, NULL, '');
INSERT INTO `orders` VALUES (0, '2018-08-06 00:00:00', '7598031251', '3016444663', '4', 1.00, 0.00, 0.00, NULL, '');
INSERT INTO `orders` VALUES (0, '2018-08-06 00:00:00', '7598031251', '3023632558', '4', 1.40, 0.00, 0.00, NULL, '');
INSERT INTO `orders` VALUES (0, '2018-08-06 00:00:00', '7598031251', '3056817336', '4', 1.10, 0.00, 0.00, NULL, '');
INSERT INTO `orders` VALUES (0, '2018-08-06 00:00:00', '7598031251', '3094205075', '4', 18.50, 0.00, 0.00, NULL, '');
INSERT INTO `orders` VALUES (0, '2018-08-06 00:00:00', '7598031251', '3099892929', '4', 1.50, 0.00, 0.00, NULL, '');
INSERT INTO `orders` VALUES (0, '2018-08-06 00:00:00', '7598031251', '3160041190', '4', 16.00, 0.00, 0.00, NULL, '');
INSERT INTO `orders` VALUES (0, '2018-08-06 00:00:00', '7598031251', '3162567339', '4', 1.20, 0.00, 0.00, NULL, '');
INSERT INTO `orders` VALUES (0, '2018-08-06 00:00:00', '7598031251', '3178759691', '4', 1.20, 0.00, 0.00, NULL, '');
INSERT INTO `orders` VALUES (0, '2018-08-06 00:00:00', '7598031251', '3188702778', '4', 3.00, 0.00, 0.00, NULL, '');
INSERT INTO `orders` VALUES (0, '2018-08-06 00:00:00', '7598031251', '3243098095', '4', 9.50, 0.00, 0.00, NULL, '');
INSERT INTO `orders` VALUES (0, '2018-08-06 00:00:00', '7598031251', '3419469228', '4', 2.00, 0.00, 0.00, NULL, '');
INSERT INTO `orders` VALUES (0, '2018-08-06 00:00:00', '7598031251', '3444024192', '4', 1.30, 0.00, 0.00, NULL, '');
INSERT INTO `orders` VALUES (0, '2018-08-06 00:00:00', '7598031251', '3448485863', '4', 2.00, 0.00, 0.00, NULL, '');
INSERT INTO `orders` VALUES (0, '2018-08-06 00:00:00', '7598031251', '3497438452', '4', 4.50, 0.00, 0.00, NULL, '');
INSERT INTO `orders` VALUES (0, '2018-08-06 00:00:00', '7598031251', '3591198584', '4', 15.00, 0.00, 0.00, NULL, '');
INSERT INTO `orders` VALUES (0, '2018-08-06 00:00:00', '7598031251', '3617680481', '4', 8.00, 0.00, 0.00, NULL, '');
INSERT INTO `orders` VALUES (0, '2018-08-06 00:00:00', '7598031251', '3661049799', '4', 7.00, 0.00, 0.00, NULL, '');
INSERT INTO `orders` VALUES (0, '2018-08-06 00:00:00', '7598031251', '3732823387', '4', 2.30, 0.00, 0.00, NULL, '');
INSERT INTO `orders` VALUES (0, '2018-08-06 00:00:00', '7598031251', '3740315096', '4', 1.30, 0.00, 0.00, NULL, '');
INSERT INTO `orders` VALUES (0, '2018-08-06 00:00:00', '7598031251', '3774722053', '4', 1.20, 0.00, 0.00, NULL, '');
INSERT INTO `orders` VALUES (0, '2018-08-06 00:00:00', '7598031251', '3780568777', '4', 33.00, 0.00, 0.00, NULL, '');
INSERT INTO `orders` VALUES (0, '2018-08-06 00:00:00', '7598031251', '3805459728', '4', 2.20, 0.00, 0.00, NULL, '');
INSERT INTO `orders` VALUES (0, '2018-08-06 00:00:00', '7598031251', '3956131993', '4', 12.00, 0.00, 0.00, NULL, '');
INSERT INTO `orders` VALUES (0, '2018-08-06 00:00:00', '7598031251', '3987923651', '4', 1.00, 0.00, 0.00, NULL, '');
INSERT INTO `orders` VALUES (0, '2018-08-06 00:00:00', '7598031251', '4037153291', '4', 7.00, 0.00, 0.00, NULL, '');
INSERT INTO `orders` VALUES (0, '2018-08-06 00:00:00', '7598031251', '4044824591', '4', 1.00, 0.00, 0.00, NULL, '');
INSERT INTO `orders` VALUES (0, '2018-08-06 00:00:00', '7598031251', '4076010936', '4', 9.50, 0.00, 0.00, NULL, '');
INSERT INTO `orders` VALUES (0, '2018-08-06 00:00:00', '7598031251', '4164086601', '4', 1.50, 0.00, 0.00, NULL, '');
INSERT INTO `orders` VALUES (0, '2018-08-06 00:00:00', '7598031251', '4169014486', '4', 7.50, 0.00, 0.00, NULL, '');
INSERT INTO `orders` VALUES (0, '2018-08-06 00:00:00', '7598031251', '4177129835', '4', 0.90, 0.00, 0.00, NULL, '');
INSERT INTO `orders` VALUES (0, '2018-08-06 00:00:00', '7598031251', '4202172518', '4', 6.00, 0.00, 0.00, NULL, '');
INSERT INTO `orders` VALUES (0, '2018-08-06 00:00:00', '7598031251', '4234311537', '4', 4.00, 0.00, 0.00, NULL, '');
INSERT INTO `orders` VALUES (0, '2018-08-06 00:00:00', '7598031251', '4340963053', '4', 23.00, 0.00, 0.00, NULL, '');
INSERT INTO `orders` VALUES (0, '2018-08-06 00:00:00', '7598031251', '4399922351', '4', 23.00, 0.00, 0.00, NULL, '');
INSERT INTO `orders` VALUES (0, '2018-08-06 00:00:00', '7598031251', '4411895875', '4', 15.00, 0.00, 0.00, NULL, '');
INSERT INTO `orders` VALUES (0, '2018-08-06 00:00:00', '7598031251', '4421343082', '4', 2.50, 0.00, 0.00, NULL, '');
INSERT INTO `orders` VALUES (0, '2018-08-06 00:00:00', '7598031251', '4434416067', '4', 5.00, 0.00, 0.00, NULL, '');
INSERT INTO `orders` VALUES (0, '2018-08-06 00:00:00', '7598031251', '4455760666', '4', 1.40, 0.00, 0.00, NULL, '');
INSERT INTO `orders` VALUES (0, '2018-08-06 00:00:00', '7598031251', '4591015300', '4', 7.00, 0.00, 0.00, NULL, '');
INSERT INTO `orders` VALUES (0, '2018-08-06 00:00:00', '7598031251', '4594795794', '4', 3.00, 0.00, 0.00, NULL, '');
INSERT INTO `orders` VALUES (0, '2018-08-06 00:00:00', '7598031251', '4685632727', '4', 200.00, 0.00, 0.00, NULL, '');
INSERT INTO `orders` VALUES (0, '2018-08-06 00:00:00', '7598031251', '4686909047', '4', 50.00, 0.00, 0.00, NULL, '');
INSERT INTO `orders` VALUES (0, '2018-08-06 00:00:00', '7598031251', '4712273099', '4', 123.00, 0.00, 0.00, NULL, '');
INSERT INTO `orders` VALUES (0, '2018-08-06 00:00:00', '7598031251', '4745365835', '4', 1.10, 0.00, 0.00, NULL, '');
INSERT INTO `orders` VALUES (0, '2018-08-06 00:00:00', '7598031251', '4766658531', '4', 1.50, 0.00, 0.00, NULL, '');
INSERT INTO `orders` VALUES (0, '2018-08-06 00:00:00', '7598031251', '4801952018', '4', 1.30, 0.00, 0.00, NULL, '');
INSERT INTO `orders` VALUES (0, '2018-08-06 00:00:00', '7598031251', '4812160306', '4', 7.50, 0.00, 0.00, NULL, '');
INSERT INTO `orders` VALUES (0, '2018-08-06 00:00:00', '7598031251', '4814352197', '4', 60.00, 0.00, 0.00, NULL, '');
INSERT INTO `orders` VALUES (0, '2018-08-06 00:00:00', '7598031251', '4822924224', '4', 0.90, 0.00, 0.00, NULL, '');
INSERT INTO `orders` VALUES (0, '2018-08-06 00:00:00', '7598031251', '4850081664', '4', 10.00, 0.00, 0.00, NULL, '');
INSERT INTO `orders` VALUES (0, '2018-08-06 00:00:00', '7598031251', '4896987422', '4', 60.00, 0.00, 0.00, NULL, '');
INSERT INTO `orders` VALUES (0, '2018-08-06 00:00:00', '7598031251', '4928499129', '4', 45.00, 0.00, 0.00, NULL, '');
INSERT INTO `orders` VALUES (0, '2018-08-06 00:00:00', '7598031251', '4957025013', '4', 5.00, 0.00, 0.00, NULL, '');
INSERT INTO `orders` VALUES (0, '2018-08-06 00:00:00', '7598031251', '4991861029', '4', 3.00, 0.00, 0.00, NULL, '');
INSERT INTO `orders` VALUES (0, '2018-08-06 00:00:00', '7598031251', '5040969610', '4', 1.10, 0.00, 0.00, NULL, '');
INSERT INTO `orders` VALUES (0, '2018-08-06 00:00:00', '7598031251', '5065144201', '4', 0.80, 0.00, 0.00, NULL, '');
INSERT INTO `orders` VALUES (0, '2018-08-06 00:00:00', '7598031251', '5089781709', '4', 2.00, 0.00, 0.00, NULL, '');
INSERT INTO `orders` VALUES (0, '2018-08-06 00:00:00', '7598031251', '5167290843', '4', 6.00, 0.00, 0.00, NULL, '');
INSERT INTO `orders` VALUES (0, '2018-08-06 00:00:00', '7598031251', '5184173124', '4', 7.00, 0.00, 0.00, NULL, '');
INSERT INTO `orders` VALUES (0, '2018-08-06 00:00:00', '7598031251', '5191818306', '4', 2.00, 0.00, 0.00, NULL, '');
INSERT INTO `orders` VALUES (0, '2018-08-06 00:00:00', '7598031251', '5203541055', '4', 1.40, 0.00, 0.00, NULL, '');
INSERT INTO `orders` VALUES (0, '2018-08-06 00:00:00', '7598031251', '5242211150', '4', 6.50, 0.00, 0.00, NULL, '');
INSERT INTO `orders` VALUES (0, '2018-08-06 00:00:00', '7598031251', '5252812277', '4', 1.30, 0.00, 0.00, NULL, '');
INSERT INTO `orders` VALUES (0, '2018-08-06 00:00:00', '7598031251', '5255220090', '4', 6.50, 0.00, 0.00, NULL, '');
INSERT INTO `orders` VALUES (0, '2018-08-06 00:00:00', '7598031251', '5299725679', '4', 1.20, 0.00, 0.00, NULL, '');
INSERT INTO `orders` VALUES (0, '2018-08-06 00:00:00', '7598031251', '5335808266', '4', 11.00, 0.00, 0.00, NULL, '');
INSERT INTO `orders` VALUES (0, '2018-08-06 00:00:00', '7598031251', '5347163080', '4', 4.00, 0.00, 0.00, NULL, '');
INSERT INTO `orders` VALUES (0, '2018-08-06 00:00:00', '7598031251', '5451175943', '4', 6.50, 0.00, 0.00, NULL, '');
INSERT INTO `orders` VALUES (0, '2018-08-06 00:00:00', '7598031251', '5504620877', '4', 3.50, 0.00, 0.00, NULL, '');
INSERT INTO `orders` VALUES (0, '2018-08-06 00:00:00', '7598031251', '5551150325', '4', 6.50, 0.00, 0.00, NULL, '');
INSERT INTO `orders` VALUES (0, '2018-08-06 00:00:00', '7598031251', '5607706622', '4', 3.00, 0.00, 0.00, NULL, '');
INSERT INTO `orders` VALUES (0, '2018-08-06 00:00:00', '7598031251', '5620504187', '4', 7.00, 0.00, 0.00, NULL, '');
INSERT INTO `orders` VALUES (0, '2018-08-06 00:00:00', '7598031251', '5663487202', '4', 3.50, 0.00, 0.00, NULL, '');
INSERT INTO `orders` VALUES (0, '2018-08-06 00:00:00', '7598031251', '5714962799', '4', 6.00, 0.00, 0.00, NULL, '');
INSERT INTO `orders` VALUES (0, '2018-08-06 00:00:00', '7598031251', '5715329370', '4', 1.10, 0.00, 0.00, NULL, '');
INSERT INTO `orders` VALUES (0, '2018-08-06 00:00:00', '7598031251', '5733002595', '4', 0.80, 0.00, 0.00, NULL, '');
INSERT INTO `orders` VALUES (0, '2018-08-06 00:00:00', '7598031251', '5766270834', '4', 20.00, 0.00, 0.00, NULL, '');
INSERT INTO `orders` VALUES (0, '2018-08-06 00:00:00', '7598031251', '5781131408', '4', 1.50, 0.00, 0.00, NULL, '');
INSERT INTO `orders` VALUES (0, '2018-08-06 00:00:00', '7598031251', '5824739244', '4', 1.20, 0.00, 0.00, NULL, '');
INSERT INTO `orders` VALUES (0, '2018-08-06 00:00:00', '7598031251', '5845973926', '4', 7.00, 0.00, 0.00, NULL, '');
INSERT INTO `orders` VALUES (0, '2018-08-06 00:00:00', '7598031251', '5859242506', '4', 8.00, 0.00, 0.00, NULL, '');
INSERT INTO `orders` VALUES (0, '2018-08-06 00:00:00', '7598031251', '5862618468', '4', 2.50, 0.00, 0.00, NULL, '');
INSERT INTO `orders` VALUES (0, '2018-08-06 00:00:00', '7598031251', '5882224231', '4', 1.10, 0.00, 0.00, NULL, '');
INSERT INTO `orders` VALUES (0, '2018-08-06 00:00:00', '7598031251', '5918989045', '4', 1.10, 0.00, 0.00, NULL, '');
INSERT INTO `orders` VALUES (0, '2018-08-06 00:00:00', '7598031251', '5924191058', '4', 8.00, 0.00, 0.00, NULL, '');
INSERT INTO `orders` VALUES (0, '2018-08-06 00:00:00', '7598031251', '5928083942', '4', 6.00, 0.00, 0.00, NULL, '');
INSERT INTO `orders` VALUES (0, '2018-08-06 00:00:00', '7598031251', '5964010623', '4', 45.00, 0.00, 0.00, NULL, '');
INSERT INTO `orders` VALUES (0, '2018-08-06 00:00:00', '7598031251', '6001283739', '4', 2.00, 0.00, 0.00, NULL, '');
INSERT INTO `orders` VALUES (0, '2018-08-06 00:00:00', '7598031251', '6022008157', '4', 1.10, 0.00, 0.00, NULL, '');
INSERT INTO `orders` VALUES (0, '2018-08-06 00:00:00', '7598031251', '6065941223', '4', 1.00, 0.00, 0.00, NULL, '');
INSERT INTO `orders` VALUES (0, '2018-08-06 00:00:00', '7598031251', '6126824458', '4', 11.00, 0.00, 0.00, NULL, '');
INSERT INTO `orders` VALUES (0, '2018-08-06 00:00:00', '7598031251', '6244808547', '4', 5.00, 0.00, 0.00, NULL, '');
INSERT INTO `orders` VALUES (0, '2018-08-06 00:00:00', '7598031251', '6277612628', '4', 8.50, 0.00, 0.00, NULL, '');
INSERT INTO `orders` VALUES (0, '2018-08-06 00:00:00', '7598031251', '6375002341', '4', 8.00, 0.00, 0.00, NULL, '');
INSERT INTO `orders` VALUES (0, '2018-08-06 00:00:00', '7598031251', '6380213495', '4', 13.00, 0.00, 0.00, NULL, '');
INSERT INTO `orders` VALUES (0, '2018-08-06 00:00:00', '7598031251', '6418643655', '4', 9.00, 0.00, 0.00, NULL, '');
INSERT INTO `orders` VALUES (0, '2018-08-06 00:00:00', '7598031251', '6420205838', '4', 1.30, 0.00, 0.00, NULL, '');
INSERT INTO `orders` VALUES (0, '2018-08-06 00:00:00', '7598031251', '6438951213', '4', 13.00, 0.00, 0.00, NULL, '');
INSERT INTO `orders` VALUES (0, '2018-08-06 00:00:00', '7598031251', '6458996488', '4', 12.00, 0.00, 0.00, NULL, '');
INSERT INTO `orders` VALUES (0, '2018-08-06 00:00:00', '7598031251', '6466751433', '4', 1.20, 0.00, 0.00, NULL, '');
INSERT INTO `orders` VALUES (0, '2018-08-06 00:00:00', '7598031251', '6497669424', '4', 2.50, 0.00, 0.00, NULL, '');
INSERT INTO `orders` VALUES (0, '2018-08-06 00:00:00', '7598031251', '6512542255', '4', 5.00, 0.00, 0.00, NULL, '');
INSERT INTO `orders` VALUES (0, '2018-08-06 00:00:00', '7598031251', '6526989490', '4', 30.00, 0.00, 0.00, NULL, '');
INSERT INTO `orders` VALUES (0, '2018-08-06 00:00:00', '7598031251', '6564333307', '4', 8.50, 0.00, 0.00, NULL, '');
INSERT INTO `orders` VALUES (0, '2018-08-06 00:00:00', '7598031251', '6647557457', '4', 4.50, 0.00, 0.00, NULL, '');
INSERT INTO `orders` VALUES (0, '2018-08-06 00:00:00', '7598031251', '6668349642', '4', 9.00, 0.00, 0.00, NULL, '');
INSERT INTO `orders` VALUES (0, '2018-08-06 00:00:00', '7598031251', '6865217141', '4', 9.00, 0.00, 0.00, NULL, '');
INSERT INTO `orders` VALUES (0, '2018-08-06 00:00:00', '7598031251', '6872724399', '4', 35.00, 0.00, 0.00, NULL, '');
INSERT INTO `orders` VALUES (0, '2018-08-06 00:00:00', '7598031251', '6898673996', '4', 18.00, 0.00, 0.00, NULL, '');
INSERT INTO `orders` VALUES (0, '2018-08-06 00:00:00', '7598031251', '6912962156', '4', 3.50, 0.00, 0.00, NULL, '');
INSERT INTO `orders` VALUES (0, '2018-08-06 00:00:00', '7598031251', '6949650672', '4', 1.00, 0.00, 0.00, NULL, '');
INSERT INTO `orders` VALUES (0, '2018-08-06 00:00:00', '7598031251', '7043470353', '4', 1.10, 0.00, 0.00, NULL, '');
INSERT INTO `orders` VALUES (0, '2018-08-06 00:00:00', '7598031251', '7045094024', '4', 15.00, 0.00, 0.00, NULL, '');
INSERT INTO `orders` VALUES (0, '2018-08-06 00:00:00', '7598031251', '7061651843', '4', 0.85, 0.00, 0.00, NULL, '');
INSERT INTO `orders` VALUES (0, '2018-08-06 00:00:00', '7598031251', '7086896795', '4', 4.00, 0.00, 0.00, NULL, '');
INSERT INTO `orders` VALUES (0, '2018-08-06 00:00:00', '7598031251', '7103127704', '4', 45.00, 0.00, 0.00, NULL, '');
INSERT INTO `orders` VALUES (0, '2018-08-06 00:00:00', '7598031251', '7111113768', '4', 12.00, 0.00, 0.00, NULL, '');
INSERT INTO `orders` VALUES (0, '2018-08-06 00:00:00', '7598031251', '7141162769', '4', 12.00, 0.00, 0.00, NULL, '');
INSERT INTO `orders` VALUES (0, '2018-08-06 00:00:00', '7598031251', '7161453628', '4', 1.00, 0.00, 0.00, NULL, '');
INSERT INTO `orders` VALUES (0, '2018-08-06 00:00:00', '7598031251', '7274691547', '4', 12.00, 0.00, 0.00, NULL, '');
INSERT INTO `orders` VALUES (0, '2018-08-06 00:00:00', '7598031251', '7289610944', '4', 35.00, 0.00, 0.00, NULL, '');
INSERT INTO `orders` VALUES (0, '2018-08-06 00:00:00', '7598031251', '7325831945', '4', 2.50, 0.00, 0.00, NULL, '');
INSERT INTO `orders` VALUES (0, '2018-08-06 00:00:00', '7598031251', '7384054974', '4', 11.50, 0.00, 0.00, NULL, '');
INSERT INTO `orders` VALUES (0, '2018-08-06 00:00:00', '7598031251', '7546287244', '4', 22.00, 0.00, 0.00, NULL, '');
INSERT INTO `orders` VALUES (0, '2018-08-06 00:00:00', '7598031251', '7579304373', '4', 23.00, 0.00, 0.00, NULL, '');
INSERT INTO `orders` VALUES (0, '2018-08-06 00:00:00', '7598031251', '7593881042', '4', 5.00, 0.00, 0.00, NULL, '');
INSERT INTO `orders` VALUES (0, '2018-08-06 00:00:00', '7598031251', '7615368955', '4', 65.00, 0.00, 0.00, NULL, '');
INSERT INTO `orders` VALUES (0, '2018-08-06 00:00:00', '7598031251', '7615750388', '4', 7.00, 0.00, 0.00, NULL, '');
INSERT INTO `orders` VALUES (0, '2018-08-06 00:00:00', '7598031251', '7649649933', '4', 150.00, 0.00, 0.00, NULL, '');
INSERT INTO `orders` VALUES (0, '2018-08-06 00:00:00', '7598031251', '7671914417', '4', 4.50, 0.00, 0.00, NULL, '');
INSERT INTO `orders` VALUES (0, '2018-08-06 00:00:00', '7598031251', '7749739543', '4', 5.00, 0.00, 0.00, NULL, '');
INSERT INTO `orders` VALUES (0, '2018-08-06 00:00:00', '7598031251', '7797066007', '4', 3.00, 0.00, 0.00, NULL, '');
INSERT INTO `orders` VALUES (0, '2018-08-06 00:00:00', '7598031251', '7838987258', '4', 3.00, 0.00, 0.00, NULL, '');
INSERT INTO `orders` VALUES (0, '2018-08-06 00:00:00', '7598031251', '7843854261', '4', 8.50, 0.00, 0.00, NULL, '');
INSERT INTO `orders` VALUES (0, '2018-08-06 00:00:00', '7598031251', '7862046815', '4', 1.20, 0.00, 0.00, NULL, '');
INSERT INTO `orders` VALUES (0, '2018-08-06 00:00:00', '7598031251', '7863849544', '4', 1.30, 0.00, 0.00, NULL, '');
INSERT INTO `orders` VALUES (0, '2018-08-06 00:00:00', '7598031251', '7883073348', '4', 11.50, 0.00, 0.00, NULL, '');
INSERT INTO `orders` VALUES (0, '2018-08-06 00:00:00', '7598031251', '7945139022', '4', 15.00, 0.00, 0.00, NULL, '');
INSERT INTO `orders` VALUES (0, '2018-08-06 00:00:00', '7598031251', '7963058637', '4', 10.00, 0.00, 0.00, NULL, '');
INSERT INTO `orders` VALUES (0, '2018-08-06 00:00:00', '7598031251', '7963974750', '4', 8.00, 0.00, 0.00, NULL, '');
INSERT INTO `orders` VALUES (0, '2018-08-06 00:00:00', '7598031251', '8012263384', '4', 40.00, 0.00, 0.00, NULL, '');
INSERT INTO `orders` VALUES (0, '2018-08-06 00:00:00', '7598031251', '8034228775', '4', 112.00, 0.00, 0.00, NULL, '');
INSERT INTO `orders` VALUES (0, '2018-08-06 00:00:00', '7598031251', '8094580699', '4', 6.00, 0.00, 0.00, NULL, '');
INSERT INTO `orders` VALUES (0, '2018-08-06 00:00:00', '7598031251', '8102038698', '4', 18.00, 0.00, 0.00, NULL, '');
INSERT INTO `orders` VALUES (0, '2018-08-06 00:00:00', '7598031251', '8147104681', '4', 25.00, 0.00, 0.00, NULL, '');
INSERT INTO `orders` VALUES (0, '2018-08-06 00:00:00', '7598031251', '8210958178', '4', 6.50, 0.00, 0.00, NULL, '');
INSERT INTO `orders` VALUES (0, '2018-08-06 00:00:00', '7598031251', '8296971819', '4', 0.90, 0.00, 0.00, NULL, '');
INSERT INTO `orders` VALUES (0, '2018-08-06 00:00:00', '7598031251', '8309122901', '4', 13.00, 0.00, 0.00, NULL, '');
INSERT INTO `orders` VALUES (0, '2018-08-06 00:00:00', '7598031251', '8333595391', '4', 35.00, 0.00, 0.00, NULL, '');
INSERT INTO `orders` VALUES (0, '2018-08-06 00:00:00', '7598031251', '8341043567', '4', 23.00, 0.00, 0.00, NULL, '');
INSERT INTO `orders` VALUES (0, '2018-08-06 00:00:00', '7598031251', '8429230840', '4', 6.00, 0.00, 0.00, NULL, '');
INSERT INTO `orders` VALUES (0, '2018-08-06 00:00:00', '7598031251', '8457579240', '4', 0.90, 0.00, 0.00, NULL, '');
INSERT INTO `orders` VALUES (0, '2018-08-06 00:00:00', '7598031251', '8493807360', '4', 3.00, 0.00, 0.00, NULL, '');
INSERT INTO `orders` VALUES (0, '2018-08-06 00:00:00', '7598031251', '8507256892', '4', 15.50, 0.00, 0.00, NULL, '');
INSERT INTO `orders` VALUES (0, '2018-08-06 00:00:00', '7598031251', '8512527513', '4', 4.00, 0.00, 0.00, NULL, '');
INSERT INTO `orders` VALUES (0, '2018-08-06 00:00:00', '7598031251', '8559706225', '4', 16.00, 0.00, 0.00, NULL, '');
INSERT INTO `orders` VALUES (0, '2018-08-06 00:00:00', '7598031251', '8596776390', '4', 9.00, 0.00, 0.00, NULL, '');
INSERT INTO `orders` VALUES (0, '2018-08-06 00:00:00', '7598031251', '8614319524', '4', 260.00, 0.00, 0.00, NULL, '');
INSERT INTO `orders` VALUES (0, '2018-08-06 00:00:00', '7598031251', '8620607666', '4', 3.50, 0.00, 0.00, NULL, '');
INSERT INTO `orders` VALUES (0, '2018-08-06 00:00:00', '7598031251', '8641947894', '4', 4.50, 0.00, 0.00, NULL, '');
INSERT INTO `orders` VALUES (0, '2018-08-06 00:00:00', '7598031251', '8726765162', '4', 1.20, 0.00, 0.00, NULL, '');
INSERT INTO `orders` VALUES (0, '2018-08-06 00:00:00', '7598031251', '8764267383', '4', 0.80, 0.00, 0.00, NULL, '');
INSERT INTO `orders` VALUES (0, '2018-08-06 00:00:00', '7598031251', '8774791780', '4', 10.00, 0.00, 0.00, NULL, '');
INSERT INTO `orders` VALUES (0, '2018-08-06 00:00:00', '7598031251', '8985870590', '4', 4.00, 0.00, 0.00, NULL, '');
INSERT INTO `orders` VALUES (0, '2018-08-06 00:00:00', '7598031251', '9001062832', '4', 11.50, 0.00, 0.00, NULL, '');
INSERT INTO `orders` VALUES (0, '2018-08-06 00:00:00', '7598031251', '9004622336', '4', 0.80, 1.50, 1.20, NULL, '');
INSERT INTO `orders` VALUES (0, '2018-08-06 00:00:00', '7598031251', '9012657274', '4', 4.00, 0.00, 0.00, NULL, '');
INSERT INTO `orders` VALUES (0, '2018-08-06 00:00:00', '7598031251', '9017134824', '4', 13.00, 0.00, 0.00, NULL, '');
INSERT INTO `orders` VALUES (0, '2018-08-06 00:00:00', '7598031251', '9084077863', '4', 8.00, 0.00, 0.00, NULL, '');
INSERT INTO `orders` VALUES (0, '2018-08-06 00:00:00', '7598031251', '9098838391', '4', 1.10, 0.00, 0.00, NULL, '');
INSERT INTO `orders` VALUES (0, '2018-08-06 00:00:00', '7598031251', '9266709676', '4', 1.00, 0.00, 0.00, NULL, '');
INSERT INTO `orders` VALUES (0, '2018-08-06 00:00:00', '7598031251', '9269385462', '4', 165.00, 0.00, 0.00, NULL, '');
INSERT INTO `orders` VALUES (0, '2018-08-06 00:00:00', '7598031251', '9293911524', '4', 2.50, 0.00, 0.00, NULL, '');
INSERT INTO `orders` VALUES (0, '2018-08-06 00:00:00', '7598031251', '9324935106', '4', 1.20, 0.00, 0.00, NULL, '');
INSERT INTO `orders` VALUES (0, '2018-08-06 00:00:00', '7598031251', '9332182245', '4', 3.00, 0.00, 0.00, NULL, '');
INSERT INTO `orders` VALUES (0, '2018-08-06 00:00:00', '7598031251', '9352724164', '4', 17.00, 0.00, 0.00, NULL, '');
INSERT INTO `orders` VALUES (0, '2018-08-06 00:00:00', '7598031251', '9409057759', '4', 2.50, 0.00, 0.00, NULL, '');
INSERT INTO `orders` VALUES (0, '2018-08-06 00:00:00', '7598031251', '9442631342', '4', 5.00, 0.00, 0.00, NULL, '');
INSERT INTO `orders` VALUES (0, '2018-08-06 00:00:00', '7598031251', '9491454388', '4', 6.00, 0.00, 0.00, NULL, '');
INSERT INTO `orders` VALUES (0, '2018-08-06 00:00:00', '7598031251', '9591999672', '4', 50.00, 0.00, 0.00, NULL, '');
INSERT INTO `orders` VALUES (0, '2018-08-06 00:00:00', '7598031251', '9680295770', '4', 1.00, 0.00, 0.00, NULL, '');
INSERT INTO `orders` VALUES (0, '2018-08-06 00:00:00', '7598031251', '9755692256', '4', 3.50, 0.00, 0.00, NULL, '');
INSERT INTO `orders` VALUES (0, '2018-08-06 00:00:00', '7598031251', '9908727289', '4', 3.00, 0.00, 0.00, NULL, '');
INSERT INTO `orders` VALUES (0, '2018-08-06 00:00:00', '7598031251', '9914435668', '4', 2.40, 0.00, 0.00, NULL, '');
INSERT INTO `orders` VALUES (0, '2018-08-06 00:00:00', '7598031251', '9970027287', '4', 11.00, 0.00, 0.00, NULL, '');
INSERT INTO `orders` VALUES (0, '2018-08-07 00:00:00', '4709401596', '1041469823', '1', 8.00, 0.00, 0.00, NULL, '');
INSERT INTO `orders` VALUES (0, '2018-08-07 00:00:00', '4709401596', '1042606726', '1', 5.00, 0.00, 0.00, NULL, '');
INSERT INTO `orders` VALUES (0, '2018-08-07 00:00:00', '4709401596', '1046188992', '1', 6.00, 0.00, 0.00, NULL, '');
INSERT INTO `orders` VALUES (0, '2018-08-07 00:00:00', '4709401596', '1058568708', '1', 12.00, 0.00, 0.00, NULL, '');
INSERT INTO `orders` VALUES (0, '2018-08-07 00:00:00', '4709401596', '1119882026', '1', 15.00, 0.00, 0.00, NULL, '');
INSERT INTO `orders` VALUES (0, '2018-08-07 00:00:00', '4709401596', '1253110852', '1', 9.00, 0.00, 0.00, NULL, '');
INSERT INTO `orders` VALUES (0, '2018-08-07 00:00:00', '4709401596', '1278639234', '1', 10.00, 0.00, 0.00, NULL, '');
INSERT INTO `orders` VALUES (0, '2018-08-07 00:00:00', '4709401596', '1296095373', '1', 1.10, 23.00, 25.30, NULL, '');
INSERT INTO `orders` VALUES (0, '2018-08-07 00:00:00', '4709401596', '1299761438', '1', 1.00, 55.00, 55.00, NULL, '');
INSERT INTO `orders` VALUES (0, '2018-08-07 00:00:00', '4709401596', '1325688661', '1', 1.60, 66.00, 105.60, NULL, '');
INSERT INTO `orders` VALUES (0, '2018-08-07 00:00:00', '4709401596', '1381082106', '1', 1.80, 0.00, 0.00, NULL, '');
INSERT INTO `orders` VALUES (0, '2018-08-07 00:00:00', '4709401596', '1431930409', '1', 4.00, 0.00, 0.00, NULL, '');
INSERT INTO `orders` VALUES (0, '2018-08-07 00:00:00', '4709401596', '1617370687', '1', 165.00, 0.00, 0.00, NULL, '');
INSERT INTO `orders` VALUES (0, '2018-08-07 00:00:00', '4709401596', '1686051240', '1', 9.00, 0.00, 0.00, NULL, '');
INSERT INTO `orders` VALUES (0, '2018-08-07 00:00:00', '4709401596', '1693167624', '1', 0.90, 0.00, 0.00, NULL, '');
INSERT INTO `orders` VALUES (0, '2018-08-07 00:00:00', '4709401596', '1773025230', '1', 11.00, 0.00, 0.00, NULL, '');
INSERT INTO `orders` VALUES (0, '2018-08-07 00:00:00', '4709401596', '1782077120', '1', 10.00, 0.00, 0.00, NULL, '');
INSERT INTO `orders` VALUES (0, '2018-08-07 00:00:00', '4709401596', '1843039038', '1', 5.00, 0.00, 0.00, NULL, '');
INSERT INTO `orders` VALUES (0, '2018-08-07 00:00:00', '4709401596', '1875977295', '1', 13.00, 0.00, 0.00, NULL, '');
INSERT INTO `orders` VALUES (0, '2018-08-07 00:00:00', '4709401596', '1882866591', '1', 12.50, 0.00, 0.00, NULL, '');
INSERT INTO `orders` VALUES (0, '2018-08-07 00:00:00', '4709401596', '1887593880', '1', 9.00, 0.00, 0.00, NULL, '');
INSERT INTO `orders` VALUES (0, '2018-08-07 00:00:00', '4709401596', '1964137379', '1', 4.00, 0.00, 0.00, NULL, '');
INSERT INTO `orders` VALUES (0, '2018-08-07 00:00:00', '4709401596', '2059731698', '1', 1.30, 0.00, 0.00, NULL, '');
INSERT INTO `orders` VALUES (0, '2018-08-07 00:00:00', '4709401596', '2092387274', '1', 0.80, 0.00, 0.00, NULL, '');
INSERT INTO `orders` VALUES (0, '2018-08-07 00:00:00', '4709401596', '2144477998', '1', 1.10, 0.00, 0.00, NULL, '');
INSERT INTO `orders` VALUES (0, '2018-08-07 00:00:00', '4709401596', '2217839163', '1', 15.00, 0.00, 0.00, NULL, '');
INSERT INTO `orders` VALUES (0, '2018-08-07 00:00:00', '4709401596', '2218391566', '1', 3.45, 0.00, 0.00, NULL, '');
INSERT INTO `orders` VALUES (0, '2018-08-07 00:00:00', '4709401596', '2340144496', '1', 9.00, 0.00, 0.00, NULL, '');
INSERT INTO `orders` VALUES (0, '2018-08-07 00:00:00', '4709401596', '2376115770', '1', 4.00, 0.00, 0.00, NULL, '');
INSERT INTO `orders` VALUES (0, '2018-08-07 00:00:00', '4709401596', '2386592860', '1', 10.00, 0.00, 0.00, NULL, '');
INSERT INTO `orders` VALUES (0, '2018-08-07 00:00:00', '4709401596', '2402044242', '1', 0.70, 0.00, 0.00, NULL, '');
INSERT INTO `orders` VALUES (0, '2018-08-07 00:00:00', '4709401596', '2439481821', '1', 1.10, 0.00, 0.00, NULL, '');
INSERT INTO `orders` VALUES (0, '2018-08-07 00:00:00', '4709401596', '2447068729', '1', 6.50, 0.00, 0.00, NULL, '');
INSERT INTO `orders` VALUES (0, '2018-08-07 00:00:00', '4709401596', '2470669174', '1', 165.00, 0.00, 0.00, NULL, '');
INSERT INTO `orders` VALUES (0, '2018-08-07 00:00:00', '4709401596', '2489986206', '1', 10.00, 0.00, 0.00, NULL, '');
INSERT INTO `orders` VALUES (0, '2018-08-07 00:00:00', '4709401596', '2518784346', '1', 1.90, 0.00, 0.00, NULL, '');
INSERT INTO `orders` VALUES (0, '2018-08-07 00:00:00', '4709401596', '2622033657', '1', 1.00, 0.00, 0.00, NULL, '');
INSERT INTO `orders` VALUES (0, '2018-08-07 00:00:00', '4709401596', '2665881419', '1', 3.50, 0.00, 0.00, NULL, '');
INSERT INTO `orders` VALUES (0, '2018-08-07 00:00:00', '4709401596', '2706579578', '1', 33.00, 0.00, 0.00, NULL, '');
INSERT INTO `orders` VALUES (0, '2018-08-07 00:00:00', '4709401596', '2891769070', '1', 3.00, 0.00, 0.00, NULL, '');
INSERT INTO `orders` VALUES (0, '2018-08-07 00:00:00', '4709401596', '2939243318', '1', 11.00, 0.00, 0.00, NULL, '');
INSERT INTO `orders` VALUES (0, '2018-08-07 00:00:00', '4709401596', '3016444663', '1', 1.00, 0.00, 0.00, NULL, '');
INSERT INTO `orders` VALUES (0, '2018-08-07 00:00:00', '4709401596', '3023632558', '1', 1.40, 0.00, 0.00, NULL, '');
INSERT INTO `orders` VALUES (0, '2018-08-07 00:00:00', '4709401596', '3056817336', '1', 1.10, 0.00, 0.00, NULL, '');
INSERT INTO `orders` VALUES (0, '2018-08-07 00:00:00', '4709401596', '3094205075', '1', 18.50, 0.00, 0.00, NULL, '');
INSERT INTO `orders` VALUES (0, '2018-08-07 00:00:00', '4709401596', '3099892929', '1', 1.50, 0.00, 0.00, NULL, '');
INSERT INTO `orders` VALUES (0, '2018-08-07 00:00:00', '4709401596', '3160041190', '1', 16.00, 0.00, 0.00, NULL, '');
INSERT INTO `orders` VALUES (0, '2018-08-07 00:00:00', '4709401596', '3162567339', '1', 1.20, 0.00, 0.00, NULL, '');
INSERT INTO `orders` VALUES (0, '2018-08-07 00:00:00', '4709401596', '3178759691', '1', 1.20, 0.00, 0.00, NULL, '');
INSERT INTO `orders` VALUES (0, '2018-08-07 00:00:00', '4709401596', '3188702778', '1', 3.00, 0.00, 0.00, NULL, '');
INSERT INTO `orders` VALUES (0, '2018-08-07 00:00:00', '4709401596', '3243098095', '1', 9.50, 0.00, 0.00, NULL, '');
INSERT INTO `orders` VALUES (0, '2018-08-07 00:00:00', '4709401596', '3419469228', '1', 2.00, 0.00, 0.00, NULL, '');
INSERT INTO `orders` VALUES (0, '2018-08-07 00:00:00', '4709401596', '3444024192', '1', 1.30, 0.00, 0.00, NULL, '');
INSERT INTO `orders` VALUES (0, '2018-08-07 00:00:00', '4709401596', '3448485863', '1', 2.00, 0.00, 0.00, NULL, '');
INSERT INTO `orders` VALUES (0, '2018-08-07 00:00:00', '4709401596', '3497438452', '1', 4.50, 0.00, 0.00, NULL, '');
INSERT INTO `orders` VALUES (0, '2018-08-07 00:00:00', '4709401596', '3591198584', '1', 15.00, 0.00, 0.00, NULL, '');
INSERT INTO `orders` VALUES (0, '2018-08-07 00:00:00', '4709401596', '3617680481', '1', 8.00, 0.00, 0.00, NULL, '');
INSERT INTO `orders` VALUES (0, '2018-08-07 00:00:00', '4709401596', '3661049799', '1', 7.00, 0.00, 0.00, NULL, '');
INSERT INTO `orders` VALUES (0, '2018-08-07 00:00:00', '4709401596', '3732823387', '1', 2.30, 0.00, 0.00, NULL, '');
INSERT INTO `orders` VALUES (0, '2018-08-07 00:00:00', '4709401596', '3740315096', '1', 1.30, 0.00, 0.00, NULL, '');
INSERT INTO `orders` VALUES (0, '2018-08-07 00:00:00', '4709401596', '3774722053', '1', 1.20, 0.00, 0.00, NULL, '');
INSERT INTO `orders` VALUES (0, '2018-08-07 00:00:00', '4709401596', '3780568777', '1', 33.00, 0.00, 0.00, NULL, '');
INSERT INTO `orders` VALUES (0, '2018-08-07 00:00:00', '4709401596', '3805459728', '1', 2.20, 0.00, 0.00, NULL, '');
INSERT INTO `orders` VALUES (0, '2018-08-07 00:00:00', '4709401596', '3956131993', '1', 12.00, 0.00, 0.00, NULL, '');
INSERT INTO `orders` VALUES (0, '2018-08-07 00:00:00', '4709401596', '3987923651', '1', 1.00, 0.00, 0.00, NULL, '');
INSERT INTO `orders` VALUES (0, '2018-08-07 00:00:00', '4709401596', '4037153291', '1', 7.00, 0.00, 0.00, NULL, '');
INSERT INTO `orders` VALUES (0, '2018-08-07 00:00:00', '4709401596', '4044824591', '1', 1.00, 0.00, 0.00, NULL, '');
INSERT INTO `orders` VALUES (0, '2018-08-07 00:00:00', '4709401596', '4076010936', '1', 9.50, 0.00, 0.00, NULL, '');
INSERT INTO `orders` VALUES (0, '2018-08-07 00:00:00', '4709401596', '4164086601', '1', 1.50, 0.00, 0.00, NULL, '');
INSERT INTO `orders` VALUES (0, '2018-08-07 00:00:00', '4709401596', '4169014486', '1', 7.50, 0.00, 0.00, NULL, '');
INSERT INTO `orders` VALUES (0, '2018-08-07 00:00:00', '4709401596', '4177129835', '1', 0.90, 0.00, 0.00, NULL, '');
INSERT INTO `orders` VALUES (0, '2018-08-07 00:00:00', '4709401596', '4202172518', '1', 6.00, 0.00, 0.00, NULL, '');
INSERT INTO `orders` VALUES (0, '2018-08-07 00:00:00', '4709401596', '4234311537', '1', 4.00, 0.00, 0.00, NULL, '');
INSERT INTO `orders` VALUES (0, '2018-08-07 00:00:00', '4709401596', '4340963053', '1', 23.00, 0.00, 0.00, NULL, '');
INSERT INTO `orders` VALUES (0, '2018-08-07 00:00:00', '4709401596', '4399922351', '1', 23.00, 0.00, 0.00, NULL, '');
INSERT INTO `orders` VALUES (0, '2018-08-07 00:00:00', '4709401596', '4411895875', '1', 15.00, 0.00, 0.00, NULL, '');
INSERT INTO `orders` VALUES (0, '2018-08-07 00:00:00', '4709401596', '4421343082', '1', 2.50, 0.00, 0.00, NULL, '');
INSERT INTO `orders` VALUES (0, '2018-08-07 00:00:00', '4709401596', '4434416067', '1', 5.00, 0.00, 0.00, NULL, '');
INSERT INTO `orders` VALUES (0, '2018-08-07 00:00:00', '4709401596', '4455760666', '1', 1.40, 0.00, 0.00, NULL, '');
INSERT INTO `orders` VALUES (0, '2018-08-07 00:00:00', '4709401596', '4591015300', '1', 7.00, 0.00, 0.00, NULL, '');
INSERT INTO `orders` VALUES (0, '2018-08-07 00:00:00', '4709401596', '4594795794', '1', 3.00, 0.00, 0.00, NULL, '');
INSERT INTO `orders` VALUES (0, '2018-08-07 00:00:00', '4709401596', '4685632727', '1', 200.00, 0.00, 0.00, NULL, '');
INSERT INTO `orders` VALUES (0, '2018-08-07 00:00:00', '4709401596', '4686909047', '1', 50.00, 0.00, 0.00, NULL, '');
INSERT INTO `orders` VALUES (0, '2018-08-07 00:00:00', '4709401596', '4712273099', '1', 123.00, 0.00, 0.00, NULL, '');
INSERT INTO `orders` VALUES (0, '2018-08-07 00:00:00', '4709401596', '4745365835', '1', 1.10, 0.00, 0.00, NULL, '');
INSERT INTO `orders` VALUES (0, '2018-08-07 00:00:00', '4709401596', '4766658531', '1', 1.50, 0.00, 0.00, NULL, '');
INSERT INTO `orders` VALUES (0, '2018-08-07 00:00:00', '4709401596', '4801952018', '1', 1.30, 0.00, 0.00, NULL, '');
INSERT INTO `orders` VALUES (0, '2018-08-07 00:00:00', '4709401596', '4812160306', '1', 7.50, 0.00, 0.00, NULL, '');
INSERT INTO `orders` VALUES (0, '2018-08-07 00:00:00', '4709401596', '4814352197', '1', 60.00, 0.00, 0.00, NULL, '');
INSERT INTO `orders` VALUES (0, '2018-08-07 00:00:00', '4709401596', '4822924224', '1', 0.90, 0.00, 0.00, NULL, '');
INSERT INTO `orders` VALUES (0, '2018-08-07 00:00:00', '4709401596', '4850081664', '1', 10.00, 0.00, 0.00, NULL, '');
INSERT INTO `orders` VALUES (0, '2018-08-07 00:00:00', '4709401596', '4896987422', '1', 60.00, 0.00, 0.00, NULL, '');
INSERT INTO `orders` VALUES (0, '2018-08-07 00:00:00', '4709401596', '4928499129', '1', 45.00, 0.00, 0.00, NULL, '');
INSERT INTO `orders` VALUES (0, '2018-08-07 00:00:00', '4709401596', '4957025013', '1', 5.00, 0.00, 0.00, NULL, '');
INSERT INTO `orders` VALUES (0, '2018-08-07 00:00:00', '4709401596', '4991861029', '1', 3.00, 0.00, 0.00, NULL, '');
INSERT INTO `orders` VALUES (0, '2018-08-07 00:00:00', '4709401596', '5040969610', '1', 1.10, 0.00, 0.00, NULL, '');
INSERT INTO `orders` VALUES (0, '2018-08-07 00:00:00', '4709401596', '5065144201', '1', 0.80, 0.00, 0.00, NULL, '');
INSERT INTO `orders` VALUES (0, '2018-08-07 00:00:00', '4709401596', '5089781709', '1', 2.00, 0.00, 0.00, NULL, '');
INSERT INTO `orders` VALUES (0, '2018-08-07 00:00:00', '4709401596', '5167290843', '1', 6.00, 0.00, 0.00, NULL, '');
INSERT INTO `orders` VALUES (0, '2018-08-07 00:00:00', '4709401596', '5184173124', '1', 7.00, 0.00, 0.00, NULL, '');
INSERT INTO `orders` VALUES (0, '2018-08-07 00:00:00', '4709401596', '5191818306', '1', 2.00, 0.00, 0.00, NULL, '');
INSERT INTO `orders` VALUES (0, '2018-08-07 00:00:00', '4709401596', '5203541055', '1', 1.40, 0.00, 0.00, NULL, '');
INSERT INTO `orders` VALUES (0, '2018-08-07 00:00:00', '4709401596', '5242211150', '1', 6.50, 0.00, 0.00, NULL, '');
INSERT INTO `orders` VALUES (0, '2018-08-07 00:00:00', '4709401596', '5252812277', '1', 1.30, 0.00, 0.00, NULL, '');
INSERT INTO `orders` VALUES (0, '2018-08-07 00:00:00', '4709401596', '5255220090', '1', 6.50, 0.00, 0.00, NULL, '');
INSERT INTO `orders` VALUES (0, '2018-08-07 00:00:00', '4709401596', '5299725679', '1', 1.20, 0.00, 0.00, NULL, '');
INSERT INTO `orders` VALUES (0, '2018-08-07 00:00:00', '4709401596', '5335808266', '1', 11.00, 0.00, 0.00, NULL, '');
INSERT INTO `orders` VALUES (0, '2018-08-07 00:00:00', '4709401596', '5347163080', '1', 4.00, 0.00, 0.00, NULL, '');
INSERT INTO `orders` VALUES (0, '2018-08-07 00:00:00', '4709401596', '5451175943', '1', 6.50, 0.00, 0.00, NULL, '');
INSERT INTO `orders` VALUES (0, '2018-08-07 00:00:00', '4709401596', '5504620877', '1', 3.50, 0.00, 0.00, NULL, '');
INSERT INTO `orders` VALUES (0, '2018-08-07 00:00:00', '4709401596', '5551150325', '1', 6.50, 0.00, 0.00, NULL, '');
INSERT INTO `orders` VALUES (0, '2018-08-07 00:00:00', '4709401596', '5607706622', '1', 3.70, 0.00, 0.00, NULL, '');
INSERT INTO `orders` VALUES (0, '2018-08-07 00:00:00', '4709401596', '5620504187', '1', 7.00, 0.00, 0.00, NULL, '');
INSERT INTO `orders` VALUES (0, '2018-08-07 00:00:00', '4709401596', '5663487202', '1', 3.50, 0.00, 0.00, NULL, '');
INSERT INTO `orders` VALUES (0, '2018-08-07 00:00:00', '4709401596', '5714962799', '1', 6.00, 0.00, 0.00, NULL, '');
INSERT INTO `orders` VALUES (0, '2018-08-07 00:00:00', '4709401596', '5715329370', '1', 1.10, 0.00, 0.00, NULL, '');
INSERT INTO `orders` VALUES (0, '2018-08-07 00:00:00', '4709401596', '5733002595', '1', 0.80, 0.00, 0.00, NULL, '');
INSERT INTO `orders` VALUES (0, '2018-08-07 00:00:00', '4709401596', '5766270834', '1', 20.00, 0.00, 0.00, NULL, '');
INSERT INTO `orders` VALUES (0, '2018-08-07 00:00:00', '4709401596', '5781131408', '1', 1.50, 0.00, 0.00, NULL, '');
INSERT INTO `orders` VALUES (0, '2018-08-07 00:00:00', '4709401596', '5824739244', '1', 1.20, 0.00, 0.00, NULL, '');
INSERT INTO `orders` VALUES (0, '2018-08-07 00:00:00', '4709401596', '5845973926', '1', 7.00, 0.00, 0.00, NULL, '');
INSERT INTO `orders` VALUES (0, '2018-08-07 00:00:00', '4709401596', '5859242506', '1', 8.00, 0.00, 0.00, NULL, '');
INSERT INTO `orders` VALUES (0, '2018-08-07 00:00:00', '4709401596', '5862618468', '1', 2.50, 0.00, 0.00, NULL, '');
INSERT INTO `orders` VALUES (0, '2018-08-07 00:00:00', '4709401596', '5882224231', '1', 1.10, 0.00, 0.00, NULL, '');
INSERT INTO `orders` VALUES (0, '2018-08-07 00:00:00', '4709401596', '5918989045', '1', 1.10, 0.00, 0.00, NULL, '');
INSERT INTO `orders` VALUES (0, '2018-08-07 00:00:00', '4709401596', '5924191058', '1', 8.00, 0.00, 0.00, NULL, '');
INSERT INTO `orders` VALUES (0, '2018-08-07 00:00:00', '4709401596', '5928083942', '1', 6.00, 0.00, 0.00, NULL, '');
INSERT INTO `orders` VALUES (0, '2018-08-07 00:00:00', '4709401596', '5964010623', '1', 45.00, 0.00, 0.00, NULL, '');
INSERT INTO `orders` VALUES (0, '2018-08-07 00:00:00', '4709401596', '6001283739', '1', 2.00, 0.00, 0.00, NULL, '');
INSERT INTO `orders` VALUES (0, '2018-08-07 00:00:00', '4709401596', '6022008157', '1', 1.10, 0.00, 0.00, NULL, '');
INSERT INTO `orders` VALUES (0, '2018-08-07 00:00:00', '4709401596', '6065941223', '1', 1.00, 0.00, 0.00, NULL, '');
INSERT INTO `orders` VALUES (0, '2018-08-07 00:00:00', '4709401596', '6126824458', '1', 11.00, 0.00, 0.00, NULL, '');
INSERT INTO `orders` VALUES (0, '2018-08-07 00:00:00', '4709401596', '6244808547', '1', 5.00, 0.00, 0.00, NULL, '');
INSERT INTO `orders` VALUES (0, '2018-08-07 00:00:00', '4709401596', '6277612628', '1', 8.50, 0.00, 0.00, NULL, '');
INSERT INTO `orders` VALUES (0, '2018-08-07 00:00:00', '4709401596', '6375002341', '1', 8.00, 0.00, 0.00, NULL, '');
INSERT INTO `orders` VALUES (0, '2018-08-07 00:00:00', '4709401596', '6380213495', '1', 13.00, 0.00, 0.00, NULL, '');
INSERT INTO `orders` VALUES (0, '2018-08-07 00:00:00', '4709401596', '6418643655', '1', 9.00, 0.00, 0.00, NULL, '');
INSERT INTO `orders` VALUES (0, '2018-08-07 00:00:00', '4709401596', '6420205838', '1', 1.30, 0.00, 0.00, NULL, '');
INSERT INTO `orders` VALUES (0, '2018-08-07 00:00:00', '4709401596', '6438951213', '1', 13.00, 0.00, 0.00, NULL, '');
INSERT INTO `orders` VALUES (0, '2018-08-07 00:00:00', '4709401596', '6458996488', '1', 12.00, 0.00, 0.00, NULL, '');
INSERT INTO `orders` VALUES (0, '2018-08-07 00:00:00', '4709401596', '6466751433', '1', 1.20, 0.00, 0.00, NULL, '');
INSERT INTO `orders` VALUES (0, '2018-08-07 00:00:00', '4709401596', '6497669424', '1', 2.50, 0.00, 0.00, NULL, '');
INSERT INTO `orders` VALUES (0, '2018-08-07 00:00:00', '4709401596', '6512542255', '1', 5.00, 0.00, 0.00, NULL, '');
INSERT INTO `orders` VALUES (0, '2018-08-07 00:00:00', '4709401596', '6526989490', '1', 30.00, 0.00, 0.00, NULL, '');
INSERT INTO `orders` VALUES (0, '2018-08-07 00:00:00', '4709401596', '6564333307', '1', 8.50, 0.00, 0.00, NULL, '');
INSERT INTO `orders` VALUES (0, '2018-08-07 00:00:00', '4709401596', '6647557457', '1', 4.50, 0.00, 0.00, NULL, '');
INSERT INTO `orders` VALUES (0, '2018-08-07 00:00:00', '4709401596', '6668349642', '1', 9.00, 0.00, 0.00, NULL, '');
INSERT INTO `orders` VALUES (0, '2018-08-07 00:00:00', '4709401596', '6865217141', '1', 9.00, 0.00, 0.00, NULL, '');
INSERT INTO `orders` VALUES (0, '2018-08-07 00:00:00', '4709401596', '6872724399', '1', 35.00, 0.00, 0.00, NULL, '');
INSERT INTO `orders` VALUES (0, '2018-08-07 00:00:00', '4709401596', '6898673996', '1', 18.00, 0.00, 0.00, NULL, '');
INSERT INTO `orders` VALUES (0, '2018-08-07 00:00:00', '4709401596', '6912962156', '1', 3.50, 0.00, 0.00, NULL, '');
INSERT INTO `orders` VALUES (0, '2018-08-07 00:00:00', '4709401596', '6949650672', '1', 1.00, 0.00, 0.00, NULL, '');
INSERT INTO `orders` VALUES (0, '2018-08-07 00:00:00', '4709401596', '7043470353', '1', 1.10, 0.00, 0.00, NULL, '');
INSERT INTO `orders` VALUES (0, '2018-08-07 00:00:00', '4709401596', '7045094024', '1', 15.00, 0.00, 0.00, NULL, '');
INSERT INTO `orders` VALUES (0, '2018-08-07 00:00:00', '4709401596', '7061651843', '1', 0.85, 0.00, 0.00, NULL, '');
INSERT INTO `orders` VALUES (0, '2018-08-07 00:00:00', '4709401596', '7086896795', '1', 4.00, 0.00, 0.00, NULL, '');
INSERT INTO `orders` VALUES (0, '2018-08-07 00:00:00', '4709401596', '7103127704', '1', 45.00, 0.00, 0.00, NULL, '');
INSERT INTO `orders` VALUES (0, '2018-08-07 00:00:00', '4709401596', '7111113768', '1', 12.00, 0.00, 0.00, NULL, '');
INSERT INTO `orders` VALUES (0, '2018-08-07 00:00:00', '4709401596', '7141162769', '1', 12.00, 0.00, 0.00, NULL, '');
INSERT INTO `orders` VALUES (0, '2018-08-07 00:00:00', '4709401596', '7161453628', '1', 1.00, 0.00, 0.00, NULL, '');
INSERT INTO `orders` VALUES (0, '2018-08-07 00:00:00', '4709401596', '7274691547', '1', 12.00, 0.00, 0.00, NULL, '');
INSERT INTO `orders` VALUES (0, '2018-08-07 00:00:00', '4709401596', '7289610944', '1', 35.00, 0.00, 0.00, NULL, '');
INSERT INTO `orders` VALUES (0, '2018-08-07 00:00:00', '4709401596', '7325831945', '1', 2.50, 0.00, 0.00, NULL, '');
INSERT INTO `orders` VALUES (0, '2018-08-07 00:00:00', '4709401596', '7384054974', '1', 11.50, 0.00, 0.00, NULL, '');
INSERT INTO `orders` VALUES (0, '2018-08-07 00:00:00', '4709401596', '7546287244', '1', 22.00, 0.00, 0.00, NULL, '');
INSERT INTO `orders` VALUES (0, '2018-08-07 00:00:00', '4709401596', '7579304373', '1', 23.00, 0.00, 0.00, NULL, '');
INSERT INTO `orders` VALUES (0, '2018-08-07 00:00:00', '4709401596', '7593881042', '1', 5.00, 0.00, 0.00, NULL, '');
INSERT INTO `orders` VALUES (0, '2018-08-07 00:00:00', '4709401596', '7615368955', '1', 65.00, 0.00, 0.00, NULL, '');
INSERT INTO `orders` VALUES (0, '2018-08-07 00:00:00', '4709401596', '7615750388', '1', 7.00, 0.00, 0.00, NULL, '');
INSERT INTO `orders` VALUES (0, '2018-08-07 00:00:00', '4709401596', '7649649933', '1', 150.00, 0.00, 0.00, NULL, '');
INSERT INTO `orders` VALUES (0, '2018-08-07 00:00:00', '4709401596', '7671914417', '1', 4.50, 0.00, 0.00, NULL, '');
INSERT INTO `orders` VALUES (0, '2018-08-07 00:00:00', '4709401596', '7749739543', '1', 5.00, 0.00, 0.00, NULL, '');
INSERT INTO `orders` VALUES (0, '2018-08-07 00:00:00', '4709401596', '7797066007', '1', 3.00, 0.00, 0.00, NULL, '');
INSERT INTO `orders` VALUES (0, '2018-08-07 00:00:00', '4709401596', '7838987258', '1', 3.00, 0.00, 0.00, NULL, '');
INSERT INTO `orders` VALUES (0, '2018-08-07 00:00:00', '4709401596', '7843854261', '1', 8.50, 0.00, 0.00, NULL, '');
INSERT INTO `orders` VALUES (0, '2018-08-07 00:00:00', '4709401596', '7862046815', '1', 1.20, 0.00, 0.00, NULL, '');
INSERT INTO `orders` VALUES (0, '2018-08-07 00:00:00', '4709401596', '7863849544', '1', 1.30, 0.00, 0.00, NULL, '');
INSERT INTO `orders` VALUES (0, '2018-08-07 00:00:00', '4709401596', '7883073348', '1', 11.50, 0.00, 0.00, NULL, '');
INSERT INTO `orders` VALUES (0, '2018-08-07 00:00:00', '4709401596', '7945139022', '1', 15.00, 0.00, 0.00, NULL, '');
INSERT INTO `orders` VALUES (0, '2018-08-07 00:00:00', '4709401596', '7963058637', '1', 10.00, 0.00, 0.00, NULL, '');
INSERT INTO `orders` VALUES (0, '2018-08-07 00:00:00', '4709401596', '7963974750', '1', 8.00, 0.00, 0.00, NULL, '');
INSERT INTO `orders` VALUES (0, '2018-08-07 00:00:00', '4709401596', '8012263384', '1', 40.00, 0.00, 0.00, NULL, '');
INSERT INTO `orders` VALUES (0, '2018-08-07 00:00:00', '4709401596', '8034228775', '1', 112.00, 0.00, 0.00, NULL, '');
INSERT INTO `orders` VALUES (0, '2018-08-07 00:00:00', '4709401596', '8094580699', '1', 6.00, 0.00, 0.00, NULL, '');
INSERT INTO `orders` VALUES (0, '2018-08-07 00:00:00', '4709401596', '8102038698', '1', 18.00, 0.00, 0.00, NULL, '');
INSERT INTO `orders` VALUES (0, '2018-08-07 00:00:00', '4709401596', '8147104681', '1', 25.00, 0.00, 0.00, NULL, '');
INSERT INTO `orders` VALUES (0, '2018-08-07 00:00:00', '4709401596', '8210958178', '1', 6.50, 0.00, 0.00, NULL, '');
INSERT INTO `orders` VALUES (0, '2018-08-07 00:00:00', '4709401596', '8296971819', '1', 0.90, 0.00, 0.00, NULL, '');
INSERT INTO `orders` VALUES (0, '2018-08-07 00:00:00', '4709401596', '8309122901', '1', 13.00, 0.00, 0.00, NULL, '');
INSERT INTO `orders` VALUES (0, '2018-08-07 00:00:00', '4709401596', '8333595391', '1', 35.00, 0.00, 0.00, NULL, '');
INSERT INTO `orders` VALUES (0, '2018-08-07 00:00:00', '4709401596', '8341043567', '1', 23.00, 0.00, 0.00, NULL, '');
INSERT INTO `orders` VALUES (0, '2018-08-07 00:00:00', '4709401596', '8429230840', '1', 6.00, 0.00, 0.00, NULL, '');
INSERT INTO `orders` VALUES (0, '2018-08-07 00:00:00', '4709401596', '8457579240', '1', 0.90, 0.00, 0.00, NULL, '');
INSERT INTO `orders` VALUES (0, '2018-08-07 00:00:00', '4709401596', '8493807360', '1', 3.00, 0.00, 0.00, NULL, '');
INSERT INTO `orders` VALUES (0, '2018-08-07 00:00:00', '4709401596', '8507256892', '1', 15.50, 0.00, 0.00, NULL, '');
INSERT INTO `orders` VALUES (0, '2018-08-07 00:00:00', '4709401596', '8512527513', '1', 4.00, 0.00, 0.00, NULL, '');
INSERT INTO `orders` VALUES (0, '2018-08-07 00:00:00', '4709401596', '8559706225', '1', 16.00, 0.00, 0.00, NULL, '');
INSERT INTO `orders` VALUES (0, '2018-08-07 00:00:00', '4709401596', '8596776390', '1', 9.00, 0.00, 0.00, NULL, '');
INSERT INTO `orders` VALUES (0, '2018-08-07 00:00:00', '4709401596', '8614319524', '1', 260.00, 0.00, 0.00, NULL, '');
INSERT INTO `orders` VALUES (0, '2018-08-07 00:00:00', '4709401596', '8620607666', '1', 3.50, 0.00, 0.00, NULL, '');
INSERT INTO `orders` VALUES (0, '2018-08-07 00:00:00', '4709401596', '8641947894', '1', 4.50, 0.00, 0.00, NULL, '');
INSERT INTO `orders` VALUES (0, '2018-08-07 00:00:00', '4709401596', '8726765162', '1', 1.20, 0.00, 0.00, NULL, '');
INSERT INTO `orders` VALUES (0, '2018-08-07 00:00:00', '4709401596', '8764267383', '1', 0.80, 0.00, 0.00, NULL, '');
INSERT INTO `orders` VALUES (0, '2018-08-07 00:00:00', '4709401596', '8774791780', '1', 10.00, 0.00, 0.00, NULL, '');
INSERT INTO `orders` VALUES (0, '2018-08-07 00:00:00', '4709401596', '8985870590', '1', 4.00, 0.00, 0.00, NULL, '');
INSERT INTO `orders` VALUES (0, '2018-08-07 00:00:00', '4709401596', '9001062832', '1', 11.50, 0.00, 0.00, NULL, '');
INSERT INTO `orders` VALUES (0, '2018-08-07 00:00:00', '4709401596', '9004622336', '1', 0.80, 0.00, 0.00, NULL, '');
INSERT INTO `orders` VALUES (0, '2018-08-07 00:00:00', '4709401596', '9012657274', '1', 4.00, 0.00, 0.00, NULL, '');
INSERT INTO `orders` VALUES (0, '2018-08-07 00:00:00', '4709401596', '9017134824', '1', 13.00, 0.00, 0.00, NULL, '');
INSERT INTO `orders` VALUES (0, '2018-08-07 00:00:00', '4709401596', '9084077863', '1', 8.00, 0.00, 0.00, NULL, '');
INSERT INTO `orders` VALUES (0, '2018-08-07 00:00:00', '4709401596', '9098838391', '1', 1.10, 0.00, 0.00, NULL, '');
INSERT INTO `orders` VALUES (0, '2018-08-07 00:00:00', '4709401596', '9266709676', '1', 1.00, 0.00, 0.00, NULL, '');
INSERT INTO `orders` VALUES (0, '2018-08-07 00:00:00', '4709401596', '9269385462', '1', 165.00, 0.00, 0.00, NULL, '');
INSERT INTO `orders` VALUES (0, '2018-08-07 00:00:00', '4709401596', '9293911524', '1', 2.50, 0.00, 0.00, NULL, '');
INSERT INTO `orders` VALUES (0, '2018-08-07 00:00:00', '4709401596', '9324935106', '1', 1.20, 0.00, 0.00, NULL, '');
INSERT INTO `orders` VALUES (0, '2018-08-07 00:00:00', '4709401596', '9332182245', '1', 3.00, 0.00, 0.00, NULL, '');
INSERT INTO `orders` VALUES (0, '2018-08-07 00:00:00', '4709401596', '9352724164', '1', 17.00, 0.00, 0.00, NULL, '');
INSERT INTO `orders` VALUES (0, '2018-08-07 00:00:00', '4709401596', '9409057759', '1', 2.50, 0.00, 0.00, NULL, '');
INSERT INTO `orders` VALUES (0, '2018-08-07 00:00:00', '4709401596', '9442631342', '1', 5.00, 0.00, 0.00, NULL, '');
INSERT INTO `orders` VALUES (0, '2018-08-07 00:00:00', '4709401596', '9491454388', '1', 6.00, 0.00, 0.00, NULL, '');
INSERT INTO `orders` VALUES (0, '2018-08-07 00:00:00', '4709401596', '9591999672', '1', 50.00, 0.00, 0.00, NULL, '');
INSERT INTO `orders` VALUES (0, '2018-08-07 00:00:00', '4709401596', '9680295770', '1', 1.00, 0.00, 0.00, NULL, '');
INSERT INTO `orders` VALUES (0, '2018-08-07 00:00:00', '4709401596', '9755692256', '1', 3.50, 0.00, 0.00, NULL, '');
INSERT INTO `orders` VALUES (0, '2018-08-07 00:00:00', '4709401596', '9908727289', '1', 3.00, 0.00, 0.00, NULL, '');
INSERT INTO `orders` VALUES (0, '2018-08-07 00:00:00', '4709401596', '9914435668', '1', 2.40, 0.00, 0.00, NULL, '');
INSERT INTO `orders` VALUES (0, '2018-08-07 00:00:00', '4709401596', '9970027287', '1', 11.00, 0.00, 0.00, NULL, '');
INSERT INTO `orders` VALUES (0, '2018-08-07 00:00:00', '6351341711', '1041469823', '1', 8.00, 0.00, 0.00, NULL, '');
INSERT INTO `orders` VALUES (0, '2018-08-07 00:00:00', '6351341711', '1042606726', '1', 5.00, 0.00, 0.00, NULL, '');
INSERT INTO `orders` VALUES (0, '2018-08-07 00:00:00', '6351341711', '1046188992', '1', 6.00, 0.00, 0.00, NULL, '');
INSERT INTO `orders` VALUES (0, '2018-08-07 00:00:00', '6351341711', '1058568708', '1', 12.00, 0.00, 0.00, NULL, '');
INSERT INTO `orders` VALUES (0, '2018-08-07 00:00:00', '6351341711', '1119882026', '1', 15.00, 0.00, 0.00, NULL, '');
INSERT INTO `orders` VALUES (0, '2018-08-07 00:00:00', '6351341711', '1253110852', '1', 9.00, 0.00, 0.00, NULL, '');
INSERT INTO `orders` VALUES (0, '2018-08-07 00:00:00', '6351341711', '1278639234', '1', 10.00, 0.00, 0.00, NULL, '');
INSERT INTO `orders` VALUES (0, '2018-08-07 00:00:00', '6351341711', '1296095373', '1', 1.10, 18.00, 19.80, NULL, '');
INSERT INTO `orders` VALUES (0, '2018-08-07 00:00:00', '6351341711', '1299761438', '1', 1.00, 0.00, 0.00, NULL, '');
INSERT INTO `orders` VALUES (0, '2018-08-07 00:00:00', '6351341711', '1325688661', '1', 1.60, 0.00, 0.00, NULL, '');
INSERT INTO `orders` VALUES (0, '2018-08-07 00:00:00', '6351341711', '1381082106', '1', 1.80, 0.00, 0.00, NULL, '');
INSERT INTO `orders` VALUES (0, '2018-08-07 00:00:00', '6351341711', '1431930409', '1', 4.00, 0.00, 0.00, NULL, '');
INSERT INTO `orders` VALUES (0, '2018-08-07 00:00:00', '6351341711', '1617370687', '1', 165.00, 0.00, 0.00, NULL, '');
INSERT INTO `orders` VALUES (0, '2018-08-07 00:00:00', '6351341711', '1686051240', '1', 9.00, 0.00, 0.00, NULL, '');
INSERT INTO `orders` VALUES (0, '2018-08-07 00:00:00', '6351341711', '1693167624', '1', 0.90, 0.00, 0.00, NULL, '');
INSERT INTO `orders` VALUES (0, '2018-08-07 00:00:00', '6351341711', '1773025230', '1', 11.00, 0.00, 0.00, NULL, '');
INSERT INTO `orders` VALUES (0, '2018-08-07 00:00:00', '6351341711', '1782077120', '1', 10.00, 0.00, 0.00, NULL, '');
INSERT INTO `orders` VALUES (0, '2018-08-07 00:00:00', '6351341711', '1843039038', '1', 5.00, 0.00, 0.00, NULL, '');
INSERT INTO `orders` VALUES (0, '2018-08-07 00:00:00', '6351341711', '1875977295', '1', 13.00, 0.00, 0.00, NULL, '');
INSERT INTO `orders` VALUES (0, '2018-08-07 00:00:00', '6351341711', '1882866591', '1', 12.50, 0.00, 0.00, NULL, '');
INSERT INTO `orders` VALUES (0, '2018-08-07 00:00:00', '6351341711', '1887593880', '1', 9.00, 0.00, 0.00, NULL, '');
INSERT INTO `orders` VALUES (0, '2018-08-07 00:00:00', '6351341711', '1964137379', '1', 4.00, 0.00, 0.00, NULL, '');
INSERT INTO `orders` VALUES (0, '2018-08-07 00:00:00', '6351341711', '2059731698', '1', 1.30, 0.00, 0.00, NULL, '');
INSERT INTO `orders` VALUES (0, '2018-08-07 00:00:00', '6351341711', '2092387274', '1', 0.80, 0.00, 0.00, NULL, '');
INSERT INTO `orders` VALUES (0, '2018-08-07 00:00:00', '6351341711', '2144477998', '1', 1.10, 0.00, 0.00, NULL, '');
INSERT INTO `orders` VALUES (0, '2018-08-07 00:00:00', '6351341711', '2217839163', '1', 15.00, 0.00, 0.00, NULL, '');
INSERT INTO `orders` VALUES (0, '2018-08-07 00:00:00', '6351341711', '2218391566', '1', 3.45, 0.00, 0.00, NULL, '');
INSERT INTO `orders` VALUES (0, '2018-08-07 00:00:00', '6351341711', '2340144496', '1', 9.00, 0.00, 0.00, NULL, '');
INSERT INTO `orders` VALUES (0, '2018-08-07 00:00:00', '6351341711', '2376115770', '1', 4.00, 55.00, 220.00, NULL, '');
INSERT INTO `orders` VALUES (0, '2018-08-07 00:00:00', '6351341711', '2386592860', '1', 10.00, 0.00, 0.00, NULL, '');
INSERT INTO `orders` VALUES (0, '2018-08-07 00:00:00', '6351341711', '2402044242', '1', 0.70, 0.00, 0.00, NULL, '');
INSERT INTO `orders` VALUES (0, '2018-08-07 00:00:00', '6351341711', '2439481821', '1', 1.10, 0.00, 0.00, NULL, '');
INSERT INTO `orders` VALUES (0, '2018-08-07 00:00:00', '6351341711', '2447068729', '1', 6.50, 44.00, 286.00, NULL, '');
INSERT INTO `orders` VALUES (0, '2018-08-07 00:00:00', '6351341711', '2470669174', '1', 165.00, 0.00, 0.00, NULL, '');
INSERT INTO `orders` VALUES (0, '2018-08-07 00:00:00', '6351341711', '2489986206', '1', 10.00, 0.00, 0.00, NULL, '');
INSERT INTO `orders` VALUES (0, '2018-08-07 00:00:00', '6351341711', '2518784346', '1', 1.90, 12.00, 22.80, NULL, '');
INSERT INTO `orders` VALUES (0, '2018-08-07 00:00:00', '6351341711', '2622033657', '1', 1.00, 0.00, 0.00, NULL, '');
INSERT INTO `orders` VALUES (0, '2018-08-07 00:00:00', '6351341711', '2665881419', '1', 3.50, 1.00, 3.50, NULL, '');
INSERT INTO `orders` VALUES (0, '2018-08-07 00:00:00', '6351341711', '2706579578', '1', 33.00, 77.00, 2541.00, NULL, '');
INSERT INTO `orders` VALUES (0, '2018-08-07 00:00:00', '6351341711', '2891769070', '1', 3.00, 44.00, 132.00, NULL, '');
INSERT INTO `orders` VALUES (0, '2018-08-07 00:00:00', '6351341711', '2939243318', '1', 11.00, 11.00, 121.00, NULL, '');
INSERT INTO `orders` VALUES (0, '2018-08-07 00:00:00', '6351341711', '3016444663', '1', 1.00, 0.00, 0.00, NULL, '');
INSERT INTO `orders` VALUES (0, '2018-08-07 00:00:00', '6351341711', '3023632558', '1', 1.40, 0.00, 0.00, NULL, '');
INSERT INTO `orders` VALUES (0, '2018-08-07 00:00:00', '6351341711', '3056817336', '1', 1.10, 0.00, 0.00, NULL, '');
INSERT INTO `orders` VALUES (0, '2018-08-07 00:00:00', '6351341711', '3094205075', '1', 18.50, 0.00, 0.00, NULL, '');
INSERT INTO `orders` VALUES (0, '2018-08-07 00:00:00', '6351341711', '3099892929', '1', 1.50, 0.00, 0.00, NULL, '');
INSERT INTO `orders` VALUES (0, '2018-08-07 00:00:00', '6351341711', '3160041190', '1', 16.00, 0.00, 0.00, NULL, '');
INSERT INTO `orders` VALUES (0, '2018-08-07 00:00:00', '6351341711', '3162567339', '1', 1.20, 0.00, 0.00, NULL, '');
INSERT INTO `orders` VALUES (0, '2018-08-07 00:00:00', '6351341711', '3178759691', '1', 1.20, 0.00, 0.00, NULL, '');
INSERT INTO `orders` VALUES (0, '2018-08-07 00:00:00', '6351341711', '3188702778', '1', 3.00, 0.00, 0.00, NULL, '');
INSERT INTO `orders` VALUES (0, '2018-08-07 00:00:00', '6351341711', '3243098095', '1', 9.50, 0.00, 0.00, NULL, '');
INSERT INTO `orders` VALUES (0, '2018-08-07 00:00:00', '6351341711', '3419469228', '1', 2.00, 0.00, 0.00, NULL, '');
INSERT INTO `orders` VALUES (0, '2018-08-07 00:00:00', '6351341711', '3444024192', '1', 1.30, 0.00, 0.00, NULL, '');
INSERT INTO `orders` VALUES (0, '2018-08-07 00:00:00', '6351341711', '3448485863', '1', 2.00, 0.00, 0.00, NULL, '');
INSERT INTO `orders` VALUES (0, '2018-08-07 00:00:00', '6351341711', '3497438452', '1', 4.50, 0.00, 0.00, NULL, '');
INSERT INTO `orders` VALUES (0, '2018-08-07 00:00:00', '6351341711', '3591198584', '1', 15.00, 0.00, 0.00, NULL, '');
INSERT INTO `orders` VALUES (0, '2018-08-07 00:00:00', '6351341711', '3617680481', '1', 8.00, 0.00, 0.00, NULL, '');
INSERT INTO `orders` VALUES (0, '2018-08-07 00:00:00', '6351341711', '3661049799', '1', 7.00, 0.00, 0.00, NULL, '');
INSERT INTO `orders` VALUES (0, '2018-08-07 00:00:00', '6351341711', '3732823387', '1', 2.30, 0.00, 0.00, NULL, '');
INSERT INTO `orders` VALUES (0, '2018-08-07 00:00:00', '6351341711', '3740315096', '1', 1.30, 0.00, 0.00, NULL, '');
INSERT INTO `orders` VALUES (0, '2018-08-07 00:00:00', '6351341711', '3774722053', '1', 1.20, 0.00, 0.00, NULL, '');
INSERT INTO `orders` VALUES (0, '2018-08-07 00:00:00', '6351341711', '3780568777', '1', 33.00, 0.00, 0.00, NULL, '');
INSERT INTO `orders` VALUES (0, '2018-08-07 00:00:00', '6351341711', '3805459728', '1', 2.20, 0.00, 0.00, NULL, '');
INSERT INTO `orders` VALUES (0, '2018-08-07 00:00:00', '6351341711', '3956131993', '1', 12.00, 0.00, 0.00, NULL, '');
INSERT INTO `orders` VALUES (0, '2018-08-07 00:00:00', '6351341711', '3987923651', '1', 1.00, 0.00, 0.00, NULL, '');
INSERT INTO `orders` VALUES (0, '2018-08-07 00:00:00', '6351341711', '4037153291', '1', 7.00, 0.00, 0.00, NULL, '');
INSERT INTO `orders` VALUES (0, '2018-08-07 00:00:00', '6351341711', '4044824591', '1', 1.00, 0.00, 0.00, NULL, '');
INSERT INTO `orders` VALUES (0, '2018-08-07 00:00:00', '6351341711', '4076010936', '1', 9.50, 0.00, 0.00, NULL, '');
INSERT INTO `orders` VALUES (0, '2018-08-07 00:00:00', '6351341711', '4164086601', '1', 1.50, 0.00, 0.00, NULL, '');
INSERT INTO `orders` VALUES (0, '2018-08-07 00:00:00', '6351341711', '4169014486', '1', 7.50, 0.00, 0.00, NULL, '');
INSERT INTO `orders` VALUES (0, '2018-08-07 00:00:00', '6351341711', '4177129835', '1', 0.90, 0.00, 0.00, NULL, '');
INSERT INTO `orders` VALUES (0, '2018-08-07 00:00:00', '6351341711', '4202172518', '1', 6.00, 0.00, 0.00, NULL, '');
INSERT INTO `orders` VALUES (0, '2018-08-07 00:00:00', '6351341711', '4234311537', '1', 4.00, 0.00, 0.00, NULL, '');
INSERT INTO `orders` VALUES (0, '2018-08-07 00:00:00', '6351341711', '4340963053', '1', 23.00, 0.00, 0.00, NULL, '');
INSERT INTO `orders` VALUES (0, '2018-08-07 00:00:00', '6351341711', '4399922351', '1', 23.00, 0.00, 0.00, NULL, '');
INSERT INTO `orders` VALUES (0, '2018-08-07 00:00:00', '6351341711', '4411895875', '1', 15.00, 0.00, 0.00, NULL, '');
INSERT INTO `orders` VALUES (0, '2018-08-07 00:00:00', '6351341711', '4421343082', '1', 2.50, 0.00, 0.00, NULL, '');
INSERT INTO `orders` VALUES (0, '2018-08-07 00:00:00', '6351341711', '4434416067', '1', 5.00, 0.00, 0.00, NULL, '');
INSERT INTO `orders` VALUES (0, '2018-08-07 00:00:00', '6351341711', '4455760666', '1', 1.40, 0.00, 0.00, NULL, '');
INSERT INTO `orders` VALUES (0, '2018-08-07 00:00:00', '6351341711', '4591015300', '1', 7.00, 0.00, 0.00, NULL, '');
INSERT INTO `orders` VALUES (0, '2018-08-07 00:00:00', '6351341711', '4594795794', '1', 3.00, 0.00, 0.00, NULL, '');
INSERT INTO `orders` VALUES (0, '2018-08-07 00:00:00', '6351341711', '4685632727', '1', 200.00, 0.00, 0.00, NULL, '');
INSERT INTO `orders` VALUES (0, '2018-08-07 00:00:00', '6351341711', '4686909047', '1', 50.00, 0.00, 0.00, NULL, '');
INSERT INTO `orders` VALUES (0, '2018-08-07 00:00:00', '6351341711', '4712273099', '1', 123.00, 13.00, 1599.00, NULL, '');
INSERT INTO `orders` VALUES (0, '2018-08-07 00:00:00', '6351341711', '4745365835', '1', 1.10, 0.00, 0.00, NULL, '');
INSERT INTO `orders` VALUES (0, '2018-08-07 00:00:00', '6351341711', '4766658531', '1', 1.50, 0.00, 0.00, NULL, '');
INSERT INTO `orders` VALUES (0, '2018-08-07 00:00:00', '6351341711', '4801952018', '1', 1.30, 0.00, 0.00, NULL, '');
INSERT INTO `orders` VALUES (0, '2018-08-07 00:00:00', '6351341711', '4812160306', '1', 7.50, 0.00, 0.00, NULL, '');
INSERT INTO `orders` VALUES (0, '2018-08-07 00:00:00', '6351341711', '4814352197', '1', 60.00, 0.00, 0.00, NULL, '');
INSERT INTO `orders` VALUES (0, '2018-08-07 00:00:00', '6351341711', '4822924224', '1', 0.90, 0.00, 0.00, NULL, '');
INSERT INTO `orders` VALUES (0, '2018-08-07 00:00:00', '6351341711', '4850081664', '1', 10.00, 0.00, 0.00, NULL, '');
INSERT INTO `orders` VALUES (0, '2018-08-07 00:00:00', '6351341711', '4896987422', '1', 60.00, 0.00, 0.00, NULL, '');
INSERT INTO `orders` VALUES (0, '2018-08-07 00:00:00', '6351341711', '4928499129', '1', 45.00, 0.00, 0.00, NULL, '');
INSERT INTO `orders` VALUES (0, '2018-08-07 00:00:00', '6351341711', '4957025013', '1', 5.00, 0.00, 0.00, NULL, '');
INSERT INTO `orders` VALUES (0, '2018-08-07 00:00:00', '6351341711', '4991861029', '1', 3.00, 0.00, 0.00, NULL, '');
INSERT INTO `orders` VALUES (0, '2018-08-07 00:00:00', '6351341711', '5040969610', '1', 1.10, 0.00, 0.00, NULL, '');
INSERT INTO `orders` VALUES (0, '2018-08-07 00:00:00', '6351341711', '5065144201', '1', 0.80, 0.00, 0.00, NULL, '');
INSERT INTO `orders` VALUES (0, '2018-08-07 00:00:00', '6351341711', '5089781709', '1', 2.00, 0.00, 0.00, NULL, '');
INSERT INTO `orders` VALUES (0, '2018-08-07 00:00:00', '6351341711', '5167290843', '1', 6.00, 0.00, 0.00, NULL, '');
INSERT INTO `orders` VALUES (0, '2018-08-07 00:00:00', '6351341711', '5184173124', '1', 7.00, 0.00, 0.00, NULL, '');
INSERT INTO `orders` VALUES (0, '2018-08-07 00:00:00', '6351341711', '5191818306', '1', 2.00, 0.00, 0.00, NULL, '');
INSERT INTO `orders` VALUES (0, '2018-08-07 00:00:00', '6351341711', '5203541055', '1', 1.40, 0.00, 0.00, NULL, '');
INSERT INTO `orders` VALUES (0, '2018-08-07 00:00:00', '6351341711', '5242211150', '1', 6.50, 0.00, 0.00, NULL, '');
INSERT INTO `orders` VALUES (0, '2018-08-07 00:00:00', '6351341711', '5252812277', '1', 1.30, 0.00, 0.00, NULL, '');
INSERT INTO `orders` VALUES (0, '2018-08-07 00:00:00', '6351341711', '5255220090', '1', 6.50, 0.00, 0.00, NULL, '');
INSERT INTO `orders` VALUES (0, '2018-08-07 00:00:00', '6351341711', '5299725679', '1', 1.20, 0.00, 0.00, NULL, '');
INSERT INTO `orders` VALUES (0, '2018-08-07 00:00:00', '6351341711', '5335808266', '1', 11.00, 0.00, 0.00, NULL, '');
INSERT INTO `orders` VALUES (0, '2018-08-07 00:00:00', '6351341711', '5347163080', '1', 4.00, 0.00, 0.00, NULL, '');
INSERT INTO `orders` VALUES (0, '2018-08-07 00:00:00', '6351341711', '5451175943', '1', 6.50, 0.00, 0.00, NULL, '');
INSERT INTO `orders` VALUES (0, '2018-08-07 00:00:00', '6351341711', '5504620877', '1', 3.50, 0.00, 0.00, NULL, '');
INSERT INTO `orders` VALUES (0, '2018-08-07 00:00:00', '6351341711', '5551150325', '1', 6.50, 0.00, 0.00, NULL, '');
INSERT INTO `orders` VALUES (0, '2018-08-07 00:00:00', '6351341711', '5607706622', '1', 3.70, 77.00, 284.90, NULL, '');
INSERT INTO `orders` VALUES (0, '2018-08-07 00:00:00', '6351341711', '5620504187', '1', 7.00, 0.00, 0.00, NULL, '');
INSERT INTO `orders` VALUES (0, '2018-08-07 00:00:00', '6351341711', '5663487202', '1', 3.50, 0.00, 0.00, NULL, '');
INSERT INTO `orders` VALUES (0, '2018-08-07 00:00:00', '6351341711', '5714962799', '1', 6.00, 0.00, 0.00, NULL, '');
INSERT INTO `orders` VALUES (0, '2018-08-07 00:00:00', '6351341711', '5715329370', '1', 1.10, 11.00, 12.10, NULL, '');
INSERT INTO `orders` VALUES (0, '2018-08-07 00:00:00', '6351341711', '5733002595', '1', 0.80, 0.00, 0.00, NULL, '');
INSERT INTO `orders` VALUES (0, '2018-08-07 00:00:00', '6351341711', '5766270834', '1', 20.00, 0.00, 0.00, NULL, '');
INSERT INTO `orders` VALUES (0, '2018-08-07 00:00:00', '6351341711', '5781131408', '1', 1.50, 0.00, 0.00, NULL, '');
INSERT INTO `orders` VALUES (0, '2018-08-07 00:00:00', '6351341711', '5824739244', '1', 1.20, 33.00, 39.60, NULL, '');
INSERT INTO `orders` VALUES (0, '2018-08-07 00:00:00', '6351341711', '5845973926', '1', 7.00, 0.00, 0.00, NULL, '');
INSERT INTO `orders` VALUES (0, '2018-08-07 00:00:00', '6351341711', '5859242506', '1', 8.00, 0.00, 0.00, NULL, '');
INSERT INTO `orders` VALUES (0, '2018-08-07 00:00:00', '6351341711', '5862618468', '1', 2.50, 55.00, 137.50, NULL, '');
INSERT INTO `orders` VALUES (0, '2018-08-07 00:00:00', '6351341711', '5882224231', '1', 1.10, 0.00, 0.00, NULL, '');
INSERT INTO `orders` VALUES (0, '2018-08-07 00:00:00', '6351341711', '5918989045', '1', 1.10, 0.00, 0.00, NULL, '');
INSERT INTO `orders` VALUES (0, '2018-08-07 00:00:00', '6351341711', '5924191058', '1', 8.00, 18.00, 144.00, NULL, '');
INSERT INTO `orders` VALUES (0, '2018-08-07 00:00:00', '6351341711', '5928083942', '1', 6.00, 0.00, 0.00, NULL, '');
INSERT INTO `orders` VALUES (0, '2018-08-07 00:00:00', '6351341711', '5964010623', '1', 45.00, 0.00, 0.00, NULL, '');
INSERT INTO `orders` VALUES (0, '2018-08-07 00:00:00', '6351341711', '6001283739', '1', 2.00, 0.00, 0.00, NULL, '');
INSERT INTO `orders` VALUES (0, '2018-08-07 00:00:00', '6351341711', '6022008157', '1', 1.10, 0.00, 0.00, NULL, '');
INSERT INTO `orders` VALUES (0, '2018-08-07 00:00:00', '6351341711', '6065941223', '1', 1.00, 0.00, 0.00, NULL, '');
INSERT INTO `orders` VALUES (0, '2018-08-07 00:00:00', '6351341711', '6126824458', '1', 11.00, 0.00, 0.00, NULL, '');
INSERT INTO `orders` VALUES (0, '2018-08-07 00:00:00', '6351341711', '6244808547', '1', 5.00, 0.00, 0.00, NULL, '');
INSERT INTO `orders` VALUES (0, '2018-08-07 00:00:00', '6351341711', '6277612628', '1', 8.50, 0.00, 0.00, NULL, '');
INSERT INTO `orders` VALUES (0, '2018-08-07 00:00:00', '6351341711', '6375002341', '1', 8.00, 0.00, 0.00, NULL, '');
INSERT INTO `orders` VALUES (0, '2018-08-07 00:00:00', '6351341711', '6380213495', '1', 13.00, 44.00, 572.00, NULL, '');
INSERT INTO `orders` VALUES (0, '2018-08-07 00:00:00', '6351341711', '6418643655', '1', 9.00, 0.00, 0.00, NULL, '');
INSERT INTO `orders` VALUES (0, '2018-08-07 00:00:00', '6351341711', '6420205838', '1', 1.30, 0.00, 0.00, NULL, '');
INSERT INTO `orders` VALUES (0, '2018-08-07 00:00:00', '6351341711', '6438951213', '1', 13.00, 0.00, 0.00, NULL, '');
INSERT INTO `orders` VALUES (0, '2018-08-07 00:00:00', '6351341711', '6458996488', '1', 12.00, 0.00, 0.00, NULL, '');
INSERT INTO `orders` VALUES (0, '2018-08-07 00:00:00', '6351341711', '6466751433', '1', 1.20, 13.00, 15.60, NULL, '');
INSERT INTO `orders` VALUES (0, '2018-08-07 00:00:00', '6351341711', '6497669424', '1', 2.50, 0.00, 0.00, NULL, '');
INSERT INTO `orders` VALUES (0, '2018-08-07 00:00:00', '6351341711', '6512542255', '1', 5.00, 0.00, 0.00, NULL, '');
INSERT INTO `orders` VALUES (0, '2018-08-07 00:00:00', '6351341711', '6526989490', '1', 30.00, 0.00, 0.00, NULL, '');
INSERT INTO `orders` VALUES (0, '2018-08-07 00:00:00', '6351341711', '6564333307', '1', 8.50, 0.00, 0.00, NULL, '');
INSERT INTO `orders` VALUES (0, '2018-08-07 00:00:00', '6351341711', '6647557457', '1', 4.50, 0.00, 0.00, NULL, '');
INSERT INTO `orders` VALUES (0, '2018-08-07 00:00:00', '6351341711', '6668349642', '1', 9.00, 0.00, 0.00, NULL, '');
INSERT INTO `orders` VALUES (0, '2018-08-07 00:00:00', '6351341711', '6865217141', '1', 9.00, 55.00, 495.00, NULL, '');
INSERT INTO `orders` VALUES (0, '2018-08-07 00:00:00', '6351341711', '6872724399', '1', 35.00, 0.00, 0.00, NULL, '');
INSERT INTO `orders` VALUES (0, '2018-08-07 00:00:00', '6351341711', '6898673996', '1', 18.00, 0.00, 0.00, NULL, '');
INSERT INTO `orders` VALUES (0, '2018-08-07 00:00:00', '6351341711', '6912962156', '1', 3.50, 0.00, 0.00, NULL, '');
INSERT INTO `orders` VALUES (0, '2018-08-07 00:00:00', '6351341711', '6949650672', '1', 1.00, 0.00, 0.00, NULL, '');
INSERT INTO `orders` VALUES (0, '2018-08-07 00:00:00', '6351341711', '7043470353', '1', 1.10, 0.00, 0.00, NULL, '');
INSERT INTO `orders` VALUES (0, '2018-08-07 00:00:00', '6351341711', '7045094024', '1', 15.00, 0.00, 0.00, NULL, '');
INSERT INTO `orders` VALUES (0, '2018-08-07 00:00:00', '6351341711', '7061651843', '1', 0.85, 0.00, 0.00, NULL, '');
INSERT INTO `orders` VALUES (0, '2018-08-07 00:00:00', '6351341711', '7086896795', '1', 4.00, 44.00, 176.00, NULL, '');
INSERT INTO `orders` VALUES (0, '2018-08-07 00:00:00', '6351341711', '7103127704', '1', 45.00, 0.00, 0.00, NULL, '');
INSERT INTO `orders` VALUES (0, '2018-08-07 00:00:00', '6351341711', '7111113768', '1', 12.00, 0.00, 0.00, NULL, '');
INSERT INTO `orders` VALUES (0, '2018-08-07 00:00:00', '6351341711', '7141162769', '1', 12.00, 0.00, 0.00, NULL, '');
INSERT INTO `orders` VALUES (0, '2018-08-07 00:00:00', '6351341711', '7161453628', '1', 1.00, 0.00, 0.00, NULL, '');
INSERT INTO `orders` VALUES (0, '2018-08-07 00:00:00', '6351341711', '7274691547', '1', 12.00, 44.00, 528.00, NULL, '');
INSERT INTO `orders` VALUES (0, '2018-08-07 00:00:00', '6351341711', '7289610944', '1', 35.00, 0.00, 0.00, NULL, '');
INSERT INTO `orders` VALUES (0, '2018-08-07 00:00:00', '6351341711', '7325831945', '1', 2.50, 0.00, 0.00, NULL, '');
INSERT INTO `orders` VALUES (0, '2018-08-07 00:00:00', '6351341711', '7384054974', '1', 11.50, 12.00, 138.00, NULL, '');
INSERT INTO `orders` VALUES (0, '2018-08-07 00:00:00', '6351341711', '7546287244', '1', 22.00, 0.00, 0.00, NULL, '');
INSERT INTO `orders` VALUES (0, '2018-08-07 00:00:00', '6351341711', '7579304373', '1', 23.00, 0.00, 0.00, NULL, '');
INSERT INTO `orders` VALUES (0, '2018-08-07 00:00:00', '6351341711', '7593881042', '1', 5.00, 0.00, 0.00, NULL, '');
INSERT INTO `orders` VALUES (0, '2018-08-07 00:00:00', '6351341711', '7615368955', '1', 65.00, 0.00, 0.00, NULL, '');
INSERT INTO `orders` VALUES (0, '2018-08-07 00:00:00', '6351341711', '7615750388', '1', 7.00, 0.00, 0.00, NULL, '');
INSERT INTO `orders` VALUES (0, '2018-08-07 00:00:00', '6351341711', '7649649933', '1', 150.00, 0.00, 0.00, NULL, '');
INSERT INTO `orders` VALUES (0, '2018-08-07 00:00:00', '6351341711', '7671914417', '1', 4.50, 0.00, 0.00, NULL, '');
INSERT INTO `orders` VALUES (0, '2018-08-07 00:00:00', '6351341711', '7749739543', '1', 5.00, 0.00, 0.00, NULL, '');
INSERT INTO `orders` VALUES (0, '2018-08-07 00:00:00', '6351341711', '7797066007', '1', 3.00, 0.00, 0.00, NULL, '');
INSERT INTO `orders` VALUES (0, '2018-08-07 00:00:00', '6351341711', '7838987258', '1', 3.00, 0.00, 0.00, NULL, '');
INSERT INTO `orders` VALUES (0, '2018-08-07 00:00:00', '6351341711', '7843854261', '1', 8.50, 1.00, 8.50, NULL, '');
INSERT INTO `orders` VALUES (0, '2018-08-07 00:00:00', '6351341711', '7862046815', '1', 1.20, 0.00, 0.00, NULL, '');
INSERT INTO `orders` VALUES (0, '2018-08-07 00:00:00', '6351341711', '7863849544', '1', 1.30, 0.00, 0.00, NULL, '');
INSERT INTO `orders` VALUES (0, '2018-08-07 00:00:00', '6351341711', '7883073348', '1', 11.50, 44.00, 506.00, NULL, '');
INSERT INTO `orders` VALUES (0, '2018-08-07 00:00:00', '6351341711', '7945139022', '1', 15.00, 0.00, 0.00, NULL, '');
INSERT INTO `orders` VALUES (0, '2018-08-07 00:00:00', '6351341711', '7963058637', '1', 10.00, 0.00, 0.00, NULL, '');
INSERT INTO `orders` VALUES (0, '2018-08-07 00:00:00', '6351341711', '7963974750', '1', 8.00, 0.00, 0.00, NULL, '');
INSERT INTO `orders` VALUES (0, '2018-08-07 00:00:00', '6351341711', '8012263384', '1', 40.00, 0.00, 0.00, NULL, '');
INSERT INTO `orders` VALUES (0, '2018-08-07 00:00:00', '6351341711', '8034228775', '1', 112.00, 0.00, 0.00, NULL, '');
INSERT INTO `orders` VALUES (0, '2018-08-07 00:00:00', '6351341711', '8094580699', '1', 6.00, 55.00, 330.00, NULL, '');
INSERT INTO `orders` VALUES (0, '2018-08-07 00:00:00', '6351341711', '8102038698', '1', 18.00, 0.00, 0.00, NULL, '');
INSERT INTO `orders` VALUES (0, '2018-08-07 00:00:00', '6351341711', '8147104681', '1', 25.00, 44.00, 1100.00, NULL, '');
INSERT INTO `orders` VALUES (0, '2018-08-07 00:00:00', '6351341711', '8210958178', '1', 6.50, 0.00, 0.00, NULL, '');
INSERT INTO `orders` VALUES (0, '2018-08-07 00:00:00', '6351341711', '8296971819', '1', 0.90, 0.00, 0.00, NULL, '');
INSERT INTO `orders` VALUES (0, '2018-08-07 00:00:00', '6351341711', '8309122901', '1', 13.00, 0.00, 0.00, NULL, '');
INSERT INTO `orders` VALUES (0, '2018-08-07 00:00:00', '6351341711', '8333595391', '1', 35.00, 0.00, 0.00, NULL, '');
INSERT INTO `orders` VALUES (0, '2018-08-07 00:00:00', '6351341711', '8341043567', '1', 23.00, 0.00, 0.00, NULL, '');
INSERT INTO `orders` VALUES (0, '2018-08-07 00:00:00', '6351341711', '8429230840', '1', 6.00, 0.00, 0.00, NULL, '');
INSERT INTO `orders` VALUES (0, '2018-08-07 00:00:00', '6351341711', '8457579240', '1', 0.90, 0.00, 0.00, NULL, '');
INSERT INTO `orders` VALUES (0, '2018-08-07 00:00:00', '6351341711', '8493807360', '1', 3.00, 0.00, 0.00, NULL, '');
INSERT INTO `orders` VALUES (0, '2018-08-07 00:00:00', '6351341711', '8507256892', '1', 15.50, 0.00, 0.00, NULL, '');
INSERT INTO `orders` VALUES (0, '2018-08-07 00:00:00', '6351341711', '8512527513', '1', 4.00, 0.00, 0.00, NULL, '');
INSERT INTO `orders` VALUES (0, '2018-08-07 00:00:00', '6351341711', '8559706225', '1', 16.00, 0.00, 0.00, NULL, '');
INSERT INTO `orders` VALUES (0, '2018-08-07 00:00:00', '6351341711', '8596776390', '1', 9.00, 0.00, 0.00, NULL, '');
INSERT INTO `orders` VALUES (0, '2018-08-07 00:00:00', '6351341711', '8614319524', '1', 260.00, 0.00, 0.00, NULL, '');
INSERT INTO `orders` VALUES (0, '2018-08-07 00:00:00', '6351341711', '8620607666', '1', 3.50, 0.00, 0.00, NULL, '');
INSERT INTO `orders` VALUES (0, '2018-08-07 00:00:00', '6351341711', '8641947894', '1', 4.50, 0.00, 0.00, NULL, '');
INSERT INTO `orders` VALUES (0, '2018-08-07 00:00:00', '6351341711', '8726765162', '1', 1.20, 0.00, 0.00, NULL, '');
INSERT INTO `orders` VALUES (0, '2018-08-07 00:00:00', '6351341711', '8764267383', '1', 0.80, 0.00, 0.00, NULL, '');
INSERT INTO `orders` VALUES (0, '2018-08-07 00:00:00', '6351341711', '8774791780', '1', 10.00, 0.00, 0.00, NULL, '');
INSERT INTO `orders` VALUES (0, '2018-08-07 00:00:00', '6351341711', '8985870590', '1', 4.00, 0.00, 0.00, NULL, '');
INSERT INTO `orders` VALUES (0, '2018-08-07 00:00:00', '6351341711', '9001062832', '1', 11.50, 0.00, 0.00, NULL, '');
INSERT INTO `orders` VALUES (0, '2018-08-07 00:00:00', '6351341711', '9004622336', '1', 0.80, 0.00, 0.00, NULL, '');
INSERT INTO `orders` VALUES (0, '2018-08-07 00:00:00', '6351341711', '9012657274', '1', 4.00, 0.00, 0.00, NULL, '');
INSERT INTO `orders` VALUES (0, '2018-08-07 00:00:00', '6351341711', '9017134824', '1', 13.00, 0.00, 0.00, NULL, '');
INSERT INTO `orders` VALUES (0, '2018-08-07 00:00:00', '6351341711', '9084077863', '1', 8.00, 0.00, 0.00, NULL, '');
INSERT INTO `orders` VALUES (0, '2018-08-07 00:00:00', '6351341711', '9098838391', '1', 1.10, 0.00, 0.00, NULL, '');
INSERT INTO `orders` VALUES (0, '2018-08-07 00:00:00', '6351341711', '9266709676', '1', 1.00, 0.00, 0.00, NULL, '');
INSERT INTO `orders` VALUES (0, '2018-08-07 00:00:00', '6351341711', '9269385462', '1', 165.00, 0.00, 0.00, NULL, '');
INSERT INTO `orders` VALUES (0, '2018-08-07 00:00:00', '6351341711', '9293911524', '1', 2.50, 0.00, 0.00, NULL, '');
INSERT INTO `orders` VALUES (0, '2018-08-07 00:00:00', '6351341711', '9324935106', '1', 1.20, 0.00, 0.00, NULL, '');
INSERT INTO `orders` VALUES (0, '2018-08-07 00:00:00', '6351341711', '9332182245', '1', 3.00, 0.00, 0.00, NULL, '');
INSERT INTO `orders` VALUES (0, '2018-08-07 00:00:00', '6351341711', '9352724164', '1', 17.00, 0.00, 0.00, NULL, '');
INSERT INTO `orders` VALUES (0, '2018-08-07 00:00:00', '6351341711', '9409057759', '1', 2.50, 0.00, 0.00, NULL, '');
INSERT INTO `orders` VALUES (0, '2018-08-07 00:00:00', '6351341711', '9442631342', '1', 5.00, 12.00, 60.00, NULL, '');
INSERT INTO `orders` VALUES (0, '2018-08-07 00:00:00', '6351341711', '9491454388', '1', 6.00, 0.00, 0.00, NULL, '');
INSERT INTO `orders` VALUES (0, '2018-08-07 00:00:00', '6351341711', '9591999672', '1', 50.00, 0.00, 0.00, NULL, '');
INSERT INTO `orders` VALUES (0, '2018-08-07 00:00:00', '6351341711', '9680295770', '1', 1.00, 0.00, 0.00, NULL, '');
INSERT INTO `orders` VALUES (0, '2018-08-07 00:00:00', '6351341711', '9755692256', '1', 3.50, 1.00, 3.50, NULL, '');
INSERT INTO `orders` VALUES (0, '2018-08-07 00:00:00', '6351341711', '9908727289', '1', 3.00, 44.00, 132.00, NULL, '');
INSERT INTO `orders` VALUES (0, '2018-08-07 00:00:00', '6351341711', '9914435668', '1', 2.40, 0.00, 0.00, NULL, '');
INSERT INTO `orders` VALUES (0, '2018-08-07 00:00:00', '6351341711', '9970027287', '1', 11.00, 0.00, 0.00, NULL, '');
INSERT INTO `orders` VALUES (0, '2018-08-09 00:00:00', '4709401596', '1041469823', '1', 8.00, 0.00, 0.00, NULL, '');
INSERT INTO `orders` VALUES (0, '2018-08-09 00:00:00', '4709401596', '1042606726', '1', 5.00, 0.00, 0.00, NULL, '');
INSERT INTO `orders` VALUES (0, '2018-08-09 00:00:00', '4709401596', '1046188992', '1', 6.00, 0.00, 0.00, NULL, '');
INSERT INTO `orders` VALUES (0, '2018-08-09 00:00:00', '4709401596', '1058568708', '1', 12.00, 0.00, 0.00, NULL, '');
INSERT INTO `orders` VALUES (0, '2018-08-09 00:00:00', '4709401596', '1119882026', '1', 15.00, 0.00, 0.00, NULL, '');
INSERT INTO `orders` VALUES (0, '2018-08-09 00:00:00', '4709401596', '1253110852', '1', 9.00, 0.00, 0.00, NULL, '');
INSERT INTO `orders` VALUES (0, '2018-08-09 00:00:00', '4709401596', '1278639234', '1', 10.00, 0.00, 0.00, NULL, '');
INSERT INTO `orders` VALUES (0, '2018-08-09 00:00:00', '4709401596', '1296095373', '1', 1.10, 369.00, 405.90, NULL, '');
INSERT INTO `orders` VALUES (0, '2018-08-09 00:00:00', '4709401596', '1299761438', '1', 1.00, 123.00, 123.00, NULL, '');
INSERT INTO `orders` VALUES (0, '2018-08-09 00:00:00', '4709401596', '1325688661', '1', 1.60, 258.00, 412.80, NULL, '');
INSERT INTO `orders` VALUES (0, '2018-08-09 00:00:00', '4709401596', '1381082106', '1', 1.80, 0.00, 0.00, NULL, '');
INSERT INTO `orders` VALUES (0, '2018-08-09 00:00:00', '4709401596', '1431930409', '1', 4.00, 0.00, 0.00, NULL, '');
INSERT INTO `orders` VALUES (0, '2018-08-09 00:00:00', '4709401596', '1617370687', '1', 165.00, 0.00, 0.00, NULL, '');
INSERT INTO `orders` VALUES (0, '2018-08-09 00:00:00', '4709401596', '1686051240', '1', 9.00, 0.00, 0.00, NULL, '');
INSERT INTO `orders` VALUES (0, '2018-08-09 00:00:00', '4709401596', '1693167624', '1', 0.90, 0.00, 0.00, NULL, '');
INSERT INTO `orders` VALUES (0, '2018-08-09 00:00:00', '4709401596', '1773025230', '1', 11.00, 0.00, 0.00, NULL, '');
INSERT INTO `orders` VALUES (0, '2018-08-09 00:00:00', '4709401596', '1782077120', '1', 10.00, 0.00, 0.00, NULL, '');
INSERT INTO `orders` VALUES (0, '2018-08-09 00:00:00', '4709401596', '1843039038', '1', 5.00, 0.00, 0.00, NULL, '');
INSERT INTO `orders` VALUES (0, '2018-08-09 00:00:00', '4709401596', '1875977295', '1', 13.00, 0.00, 0.00, NULL, '');
INSERT INTO `orders` VALUES (0, '2018-08-09 00:00:00', '4709401596', '1882866591', '1', 12.50, 0.00, 0.00, NULL, '');
INSERT INTO `orders` VALUES (0, '2018-08-09 00:00:00', '4709401596', '1887593880', '1', 9.00, 0.00, 0.00, NULL, '');
INSERT INTO `orders` VALUES (0, '2018-08-09 00:00:00', '4709401596', '1964137379', '1', 4.00, 0.00, 0.00, NULL, '');
INSERT INTO `orders` VALUES (0, '2018-08-09 00:00:00', '4709401596', '2059731698', '1', 1.30, 0.00, 0.00, NULL, '');
INSERT INTO `orders` VALUES (0, '2018-08-09 00:00:00', '4709401596', '2092387274', '1', 0.80, 0.00, 0.00, NULL, '');
INSERT INTO `orders` VALUES (0, '2018-08-09 00:00:00', '4709401596', '2144477998', '1', 1.10, 0.00, 0.00, NULL, '');
INSERT INTO `orders` VALUES (0, '2018-08-09 00:00:00', '4709401596', '2217839163', '1', 15.00, 0.00, 0.00, NULL, '');
INSERT INTO `orders` VALUES (0, '2018-08-09 00:00:00', '4709401596', '2218391566', '1', 3.45, 0.00, 0.00, NULL, '');
INSERT INTO `orders` VALUES (0, '2018-08-09 00:00:00', '4709401596', '2340144496', '1', 9.00, 0.00, 0.00, NULL, '');
INSERT INTO `orders` VALUES (0, '2018-08-09 00:00:00', '4709401596', '2376115770', '1', 4.00, 0.00, 0.00, NULL, '');
INSERT INTO `orders` VALUES (0, '2018-08-09 00:00:00', '4709401596', '2386592860', '1', 10.00, 0.00, 0.00, NULL, '');
INSERT INTO `orders` VALUES (0, '2018-08-09 00:00:00', '4709401596', '2402044242', '1', 0.70, 0.00, 0.00, NULL, '');
INSERT INTO `orders` VALUES (0, '2018-08-09 00:00:00', '4709401596', '2439481821', '1', 1.10, 0.00, 0.00, NULL, '');
INSERT INTO `orders` VALUES (0, '2018-08-09 00:00:00', '4709401596', '2447068729', '1', 6.50, 0.00, 0.00, NULL, '');
INSERT INTO `orders` VALUES (0, '2018-08-09 00:00:00', '4709401596', '2470669174', '1', 165.00, 0.00, 0.00, NULL, '');
INSERT INTO `orders` VALUES (0, '2018-08-09 00:00:00', '4709401596', '2489986206', '1', 10.00, 0.00, 0.00, NULL, '');
INSERT INTO `orders` VALUES (0, '2018-08-09 00:00:00', '4709401596', '2518784346', '1', 1.90, 0.00, 0.00, NULL, '');
INSERT INTO `orders` VALUES (0, '2018-08-09 00:00:00', '4709401596', '2622033657', '1', 1.00, 0.00, 0.00, NULL, '');
INSERT INTO `orders` VALUES (0, '2018-08-09 00:00:00', '4709401596', '2665881419', '1', 3.50, 0.00, 0.00, NULL, '');
INSERT INTO `orders` VALUES (0, '2018-08-09 00:00:00', '4709401596', '2706579578', '1', 33.00, 0.00, 0.00, NULL, '');
INSERT INTO `orders` VALUES (0, '2018-08-09 00:00:00', '4709401596', '2891769070', '1', 3.00, 0.00, 0.00, NULL, '');
INSERT INTO `orders` VALUES (0, '2018-08-09 00:00:00', '4709401596', '2939243318', '1', 11.00, 0.00, 0.00, NULL, '');
INSERT INTO `orders` VALUES (0, '2018-08-09 00:00:00', '4709401596', '3016444663', '1', 1.00, 0.00, 0.00, NULL, '');
INSERT INTO `orders` VALUES (0, '2018-08-09 00:00:00', '4709401596', '3023632558', '1', 1.40, 0.00, 0.00, NULL, '');
INSERT INTO `orders` VALUES (0, '2018-08-09 00:00:00', '4709401596', '3056817336', '1', 1.10, 0.00, 0.00, NULL, '');
INSERT INTO `orders` VALUES (0, '2018-08-09 00:00:00', '4709401596', '3094205075', '1', 18.50, 0.00, 0.00, NULL, '');
INSERT INTO `orders` VALUES (0, '2018-08-09 00:00:00', '4709401596', '3099892929', '1', 1.50, 0.00, 0.00, NULL, '');
INSERT INTO `orders` VALUES (0, '2018-08-09 00:00:00', '4709401596', '3160041190', '1', 16.00, 0.00, 0.00, NULL, '');
INSERT INTO `orders` VALUES (0, '2018-08-09 00:00:00', '4709401596', '3162567339', '1', 1.20, 0.00, 0.00, NULL, '');
INSERT INTO `orders` VALUES (0, '2018-08-09 00:00:00', '4709401596', '3178759691', '1', 1.20, 0.00, 0.00, NULL, '');
INSERT INTO `orders` VALUES (0, '2018-08-09 00:00:00', '4709401596', '3188702778', '1', 3.00, 0.00, 0.00, NULL, '');
INSERT INTO `orders` VALUES (0, '2018-08-09 00:00:00', '4709401596', '3243098095', '1', 9.50, 0.00, 0.00, NULL, '');
INSERT INTO `orders` VALUES (0, '2018-08-09 00:00:00', '4709401596', '3419469228', '1', 2.00, 0.00, 0.00, NULL, '');
INSERT INTO `orders` VALUES (0, '2018-08-09 00:00:00', '4709401596', '3444024192', '1', 1.30, 0.00, 0.00, NULL, '');
INSERT INTO `orders` VALUES (0, '2018-08-09 00:00:00', '4709401596', '3448485863', '1', 2.00, 0.00, 0.00, NULL, '');
INSERT INTO `orders` VALUES (0, '2018-08-09 00:00:00', '4709401596', '3497438452', '1', 4.50, 0.00, 0.00, NULL, '');
INSERT INTO `orders` VALUES (0, '2018-08-09 00:00:00', '4709401596', '3591198584', '1', 15.00, 0.00, 0.00, NULL, '');
INSERT INTO `orders` VALUES (0, '2018-08-09 00:00:00', '4709401596', '3617680481', '1', 8.00, 0.00, 0.00, NULL, '');
INSERT INTO `orders` VALUES (0, '2018-08-09 00:00:00', '4709401596', '3661049799', '1', 7.00, 0.00, 0.00, NULL, '');
INSERT INTO `orders` VALUES (0, '2018-08-09 00:00:00', '4709401596', '3732823387', '1', 2.30, 0.00, 0.00, NULL, '');
INSERT INTO `orders` VALUES (0, '2018-08-09 00:00:00', '4709401596', '3740315096', '1', 1.30, 0.00, 0.00, NULL, '');
INSERT INTO `orders` VALUES (0, '2018-08-09 00:00:00', '4709401596', '3774722053', '1', 1.20, 0.00, 0.00, NULL, '');
INSERT INTO `orders` VALUES (0, '2018-08-09 00:00:00', '4709401596', '3780568777', '1', 33.00, 0.00, 0.00, NULL, '');
INSERT INTO `orders` VALUES (0, '2018-08-09 00:00:00', '4709401596', '3805459728', '1', 2.20, 0.00, 0.00, NULL, '');
INSERT INTO `orders` VALUES (0, '2018-08-09 00:00:00', '4709401596', '3956131993', '1', 12.00, 0.00, 0.00, NULL, '');
INSERT INTO `orders` VALUES (0, '2018-08-09 00:00:00', '4709401596', '3987923651', '1', 1.00, 0.00, 0.00, NULL, '');
INSERT INTO `orders` VALUES (0, '2018-08-09 00:00:00', '4709401596', '4037153291', '1', 7.00, 0.00, 0.00, NULL, '');
INSERT INTO `orders` VALUES (0, '2018-08-09 00:00:00', '4709401596', '4044824591', '1', 1.00, 0.00, 0.00, NULL, '');
INSERT INTO `orders` VALUES (0, '2018-08-09 00:00:00', '4709401596', '4076010936', '1', 9.50, 0.00, 0.00, NULL, '');
INSERT INTO `orders` VALUES (0, '2018-08-09 00:00:00', '4709401596', '4164086601', '1', 1.50, 0.00, 0.00, NULL, '');
INSERT INTO `orders` VALUES (0, '2018-08-09 00:00:00', '4709401596', '4169014486', '1', 7.50, 0.00, 0.00, NULL, '');
INSERT INTO `orders` VALUES (0, '2018-08-09 00:00:00', '4709401596', '4177129835', '1', 0.90, 0.00, 0.00, NULL, '');
INSERT INTO `orders` VALUES (0, '2018-08-09 00:00:00', '4709401596', '4202172518', '1', 6.00, 0.00, 0.00, NULL, '');
INSERT INTO `orders` VALUES (0, '2018-08-09 00:00:00', '4709401596', '4234311537', '1', 4.00, 0.00, 0.00, NULL, '');
INSERT INTO `orders` VALUES (0, '2018-08-09 00:00:00', '4709401596', '4340963053', '1', 23.00, 0.00, 0.00, NULL, '');
INSERT INTO `orders` VALUES (0, '2018-08-09 00:00:00', '4709401596', '4399922351', '1', 23.00, 0.00, 0.00, NULL, '');
INSERT INTO `orders` VALUES (0, '2018-08-09 00:00:00', '4709401596', '4411895875', '1', 15.00, 0.00, 0.00, NULL, '');
INSERT INTO `orders` VALUES (0, '2018-08-09 00:00:00', '4709401596', '4421343082', '1', 2.50, 0.00, 0.00, NULL, '');
INSERT INTO `orders` VALUES (0, '2018-08-09 00:00:00', '4709401596', '4434416067', '1', 5.00, 0.00, 0.00, NULL, '');
INSERT INTO `orders` VALUES (0, '2018-08-09 00:00:00', '4709401596', '4455760666', '1', 1.40, 0.00, 0.00, NULL, '');
INSERT INTO `orders` VALUES (0, '2018-08-09 00:00:00', '4709401596', '4591015300', '1', 7.00, 0.00, 0.00, NULL, '');
INSERT INTO `orders` VALUES (0, '2018-08-09 00:00:00', '4709401596', '4594795794', '1', 3.00, 0.00, 0.00, NULL, '');
INSERT INTO `orders` VALUES (0, '2018-08-09 00:00:00', '4709401596', '4685632727', '1', 200.00, 0.00, 0.00, NULL, '');
INSERT INTO `orders` VALUES (0, '2018-08-09 00:00:00', '4709401596', '4686909047', '1', 50.00, 0.00, 0.00, NULL, '');
INSERT INTO `orders` VALUES (0, '2018-08-09 00:00:00', '4709401596', '4712273099', '1', 123.00, 0.00, 0.00, NULL, '');
INSERT INTO `orders` VALUES (0, '2018-08-09 00:00:00', '4709401596', '4745365835', '1', 1.10, 0.00, 0.00, NULL, '');
INSERT INTO `orders` VALUES (0, '2018-08-09 00:00:00', '4709401596', '4766658531', '1', 1.50, 0.00, 0.00, NULL, '');
INSERT INTO `orders` VALUES (0, '2018-08-09 00:00:00', '4709401596', '4801952018', '1', 1.30, 0.00, 0.00, NULL, '');
INSERT INTO `orders` VALUES (0, '2018-08-09 00:00:00', '4709401596', '4812160306', '1', 7.50, 0.00, 0.00, NULL, '');
INSERT INTO `orders` VALUES (0, '2018-08-09 00:00:00', '4709401596', '4814352197', '1', 60.00, 0.00, 0.00, NULL, '');
INSERT INTO `orders` VALUES (0, '2018-08-09 00:00:00', '4709401596', '4822924224', '1', 0.90, 0.00, 0.00, NULL, '');
INSERT INTO `orders` VALUES (0, '2018-08-09 00:00:00', '4709401596', '4850081664', '1', 10.00, 0.00, 0.00, NULL, '');
INSERT INTO `orders` VALUES (0, '2018-08-09 00:00:00', '4709401596', '4896987422', '1', 60.00, 0.00, 0.00, NULL, '');
INSERT INTO `orders` VALUES (0, '2018-08-09 00:00:00', '4709401596', '4928499129', '1', 45.00, 0.00, 0.00, NULL, '');
INSERT INTO `orders` VALUES (0, '2018-08-09 00:00:00', '4709401596', '4957025013', '1', 5.00, 0.00, 0.00, NULL, '');
INSERT INTO `orders` VALUES (0, '2018-08-09 00:00:00', '4709401596', '4991861029', '1', 3.00, 0.00, 0.00, NULL, '');
INSERT INTO `orders` VALUES (0, '2018-08-09 00:00:00', '4709401596', '5040969610', '1', 1.10, 0.00, 0.00, NULL, '');
INSERT INTO `orders` VALUES (0, '2018-08-09 00:00:00', '4709401596', '5065144201', '1', 0.80, 0.00, 0.00, NULL, '');
INSERT INTO `orders` VALUES (0, '2018-08-09 00:00:00', '4709401596', '5089781709', '1', 2.00, 0.00, 0.00, NULL, '');
INSERT INTO `orders` VALUES (0, '2018-08-09 00:00:00', '4709401596', '5167290843', '1', 6.00, 0.00, 0.00, NULL, '');
INSERT INTO `orders` VALUES (0, '2018-08-09 00:00:00', '4709401596', '5184173124', '1', 7.00, 0.00, 0.00, NULL, '');
INSERT INTO `orders` VALUES (0, '2018-08-09 00:00:00', '4709401596', '5191818306', '1', 2.00, 0.00, 0.00, NULL, '');
INSERT INTO `orders` VALUES (0, '2018-08-09 00:00:00', '4709401596', '5203541055', '1', 1.40, 0.00, 0.00, NULL, '');
INSERT INTO `orders` VALUES (0, '2018-08-09 00:00:00', '4709401596', '5242211150', '1', 6.50, 0.00, 0.00, NULL, '');
INSERT INTO `orders` VALUES (0, '2018-08-09 00:00:00', '4709401596', '5252812277', '1', 1.30, 0.00, 0.00, NULL, '');
INSERT INTO `orders` VALUES (0, '2018-08-09 00:00:00', '4709401596', '5255220090', '1', 6.50, 0.00, 0.00, NULL, '');
INSERT INTO `orders` VALUES (0, '2018-08-09 00:00:00', '4709401596', '5299725679', '1', 1.20, 0.00, 0.00, NULL, '');
INSERT INTO `orders` VALUES (0, '2018-08-09 00:00:00', '4709401596', '5335808266', '1', 11.00, 0.00, 0.00, NULL, '');
INSERT INTO `orders` VALUES (0, '2018-08-09 00:00:00', '4709401596', '5347163080', '1', 4.00, 0.00, 0.00, NULL, '');
INSERT INTO `orders` VALUES (0, '2018-08-09 00:00:00', '4709401596', '5451175943', '1', 6.50, 0.00, 0.00, NULL, '');
INSERT INTO `orders` VALUES (0, '2018-08-09 00:00:00', '4709401596', '5504620877', '1', 3.50, 0.00, 0.00, NULL, '');
INSERT INTO `orders` VALUES (0, '2018-08-09 00:00:00', '4709401596', '5551150325', '1', 6.50, 0.00, 0.00, NULL, '');
INSERT INTO `orders` VALUES (0, '2018-08-09 00:00:00', '4709401596', '5607706622', '1', 3.70, 0.00, 0.00, NULL, '');
INSERT INTO `orders` VALUES (0, '2018-08-09 00:00:00', '4709401596', '5620504187', '1', 7.00, 0.00, 0.00, NULL, '');
INSERT INTO `orders` VALUES (0, '2018-08-09 00:00:00', '4709401596', '5663487202', '1', 3.50, 0.00, 0.00, NULL, '');
INSERT INTO `orders` VALUES (0, '2018-08-09 00:00:00', '4709401596', '5714962799', '1', 6.00, 0.00, 0.00, NULL, '');
INSERT INTO `orders` VALUES (0, '2018-08-09 00:00:00', '4709401596', '5715329370', '1', 1.10, 0.00, 0.00, NULL, '');
INSERT INTO `orders` VALUES (0, '2018-08-09 00:00:00', '4709401596', '5733002595', '1', 0.80, 0.00, 0.00, NULL, '');
INSERT INTO `orders` VALUES (0, '2018-08-09 00:00:00', '4709401596', '5766270834', '1', 20.00, 0.00, 0.00, NULL, '');
INSERT INTO `orders` VALUES (0, '2018-08-09 00:00:00', '4709401596', '5781131408', '1', 1.50, 0.00, 0.00, NULL, '');
INSERT INTO `orders` VALUES (0, '2018-08-09 00:00:00', '4709401596', '5824739244', '1', 1.20, 0.00, 0.00, NULL, '');
INSERT INTO `orders` VALUES (0, '2018-08-09 00:00:00', '4709401596', '5845973926', '1', 7.00, 0.00, 0.00, NULL, '');
INSERT INTO `orders` VALUES (0, '2018-08-09 00:00:00', '4709401596', '5859242506', '1', 8.00, 0.00, 0.00, NULL, '');
INSERT INTO `orders` VALUES (0, '2018-08-09 00:00:00', '4709401596', '5862618468', '1', 2.50, 0.00, 0.00, NULL, '');
INSERT INTO `orders` VALUES (0, '2018-08-09 00:00:00', '4709401596', '5882224231', '1', 1.10, 0.00, 0.00, NULL, '');
INSERT INTO `orders` VALUES (0, '2018-08-09 00:00:00', '4709401596', '5918989045', '1', 1.10, 0.00, 0.00, NULL, '');
INSERT INTO `orders` VALUES (0, '2018-08-09 00:00:00', '4709401596', '5924191058', '1', 8.00, 0.00, 0.00, NULL, '');
INSERT INTO `orders` VALUES (0, '2018-08-09 00:00:00', '4709401596', '5928083942', '1', 6.00, 0.00, 0.00, NULL, '');
INSERT INTO `orders` VALUES (0, '2018-08-09 00:00:00', '4709401596', '5964010623', '1', 45.00, 0.00, 0.00, NULL, '');
INSERT INTO `orders` VALUES (0, '2018-08-09 00:00:00', '4709401596', '6001283739', '1', 2.00, 0.00, 0.00, NULL, '');
INSERT INTO `orders` VALUES (0, '2018-08-09 00:00:00', '4709401596', '6022008157', '1', 1.10, 0.00, 0.00, NULL, '');
INSERT INTO `orders` VALUES (0, '2018-08-09 00:00:00', '4709401596', '6065941223', '1', 1.00, 0.00, 0.00, NULL, '');
INSERT INTO `orders` VALUES (0, '2018-08-09 00:00:00', '4709401596', '6126824458', '1', 11.00, 0.00, 0.00, NULL, '');
INSERT INTO `orders` VALUES (0, '2018-08-09 00:00:00', '4709401596', '6244808547', '1', 5.00, 0.00, 0.00, NULL, '');
INSERT INTO `orders` VALUES (0, '2018-08-09 00:00:00', '4709401596', '6277612628', '1', 8.50, 0.00, 0.00, NULL, '');
INSERT INTO `orders` VALUES (0, '2018-08-09 00:00:00', '4709401596', '6375002341', '1', 8.00, 0.00, 0.00, NULL, '');
INSERT INTO `orders` VALUES (0, '2018-08-09 00:00:00', '4709401596', '6380213495', '1', 13.00, 0.00, 0.00, NULL, '');
INSERT INTO `orders` VALUES (0, '2018-08-09 00:00:00', '4709401596', '6418643655', '1', 9.00, 0.00, 0.00, NULL, '');
INSERT INTO `orders` VALUES (0, '2018-08-09 00:00:00', '4709401596', '6420205838', '1', 1.30, 0.00, 0.00, NULL, '');
INSERT INTO `orders` VALUES (0, '2018-08-09 00:00:00', '4709401596', '6438951213', '1', 13.00, 0.00, 0.00, NULL, '');
INSERT INTO `orders` VALUES (0, '2018-08-09 00:00:00', '4709401596', '6458996488', '1', 12.00, 0.00, 0.00, NULL, '');
INSERT INTO `orders` VALUES (0, '2018-08-09 00:00:00', '4709401596', '6466751433', '1', 1.20, 0.00, 0.00, NULL, '');
INSERT INTO `orders` VALUES (0, '2018-08-09 00:00:00', '4709401596', '6497669424', '1', 2.50, 0.00, 0.00, NULL, '');
INSERT INTO `orders` VALUES (0, '2018-08-09 00:00:00', '4709401596', '6512542255', '1', 5.00, 0.00, 0.00, NULL, '');
INSERT INTO `orders` VALUES (0, '2018-08-09 00:00:00', '4709401596', '6526989490', '1', 30.00, 0.00, 0.00, NULL, '');
INSERT INTO `orders` VALUES (0, '2018-08-09 00:00:00', '4709401596', '6564333307', '1', 8.50, 0.00, 0.00, NULL, '');
INSERT INTO `orders` VALUES (0, '2018-08-09 00:00:00', '4709401596', '6647557457', '1', 4.50, 0.00, 0.00, NULL, '');
INSERT INTO `orders` VALUES (0, '2018-08-09 00:00:00', '4709401596', '6668349642', '1', 9.00, 0.00, 0.00, NULL, '');
INSERT INTO `orders` VALUES (0, '2018-08-09 00:00:00', '4709401596', '6865217141', '1', 9.00, 0.00, 0.00, NULL, '');
INSERT INTO `orders` VALUES (0, '2018-08-09 00:00:00', '4709401596', '6872724399', '1', 35.00, 0.00, 0.00, NULL, '');
INSERT INTO `orders` VALUES (0, '2018-08-09 00:00:00', '4709401596', '6898673996', '1', 18.00, 0.00, 0.00, NULL, '');
INSERT INTO `orders` VALUES (0, '2018-08-09 00:00:00', '4709401596', '6912962156', '1', 3.50, 0.00, 0.00, NULL, '');
INSERT INTO `orders` VALUES (0, '2018-08-09 00:00:00', '4709401596', '6949650672', '1', 1.00, 0.00, 0.00, NULL, '');
INSERT INTO `orders` VALUES (0, '2018-08-09 00:00:00', '4709401596', '7043470353', '1', 1.10, 0.00, 0.00, NULL, '');
INSERT INTO `orders` VALUES (0, '2018-08-09 00:00:00', '4709401596', '7045094024', '1', 15.00, 0.00, 0.00, NULL, '');
INSERT INTO `orders` VALUES (0, '2018-08-09 00:00:00', '4709401596', '7061651843', '1', 0.85, 0.00, 0.00, NULL, '');
INSERT INTO `orders` VALUES (0, '2018-08-09 00:00:00', '4709401596', '7086896795', '1', 4.00, 0.00, 0.00, NULL, '');
INSERT INTO `orders` VALUES (0, '2018-08-09 00:00:00', '4709401596', '7103127704', '1', 45.00, 0.00, 0.00, NULL, '');
INSERT INTO `orders` VALUES (0, '2018-08-09 00:00:00', '4709401596', '7111113768', '1', 12.00, 0.00, 0.00, NULL, '');
INSERT INTO `orders` VALUES (0, '2018-08-09 00:00:00', '4709401596', '7141162769', '1', 12.00, 0.00, 0.00, NULL, '');
INSERT INTO `orders` VALUES (0, '2018-08-09 00:00:00', '4709401596', '7161453628', '1', 1.00, 0.00, 0.00, NULL, '');
INSERT INTO `orders` VALUES (0, '2018-08-09 00:00:00', '4709401596', '7274691547', '1', 12.00, 0.00, 0.00, NULL, '');
INSERT INTO `orders` VALUES (0, '2018-08-09 00:00:00', '4709401596', '7289610944', '1', 35.00, 0.00, 0.00, NULL, '');
INSERT INTO `orders` VALUES (0, '2018-08-09 00:00:00', '4709401596', '7325831945', '1', 2.50, 0.00, 0.00, NULL, '');
INSERT INTO `orders` VALUES (0, '2018-08-09 00:00:00', '4709401596', '7384054974', '1', 11.50, 0.00, 0.00, NULL, '');
INSERT INTO `orders` VALUES (0, '2018-08-09 00:00:00', '4709401596', '7546287244', '1', 22.00, 0.00, 0.00, NULL, '');
INSERT INTO `orders` VALUES (0, '2018-08-09 00:00:00', '4709401596', '7579304373', '1', 23.00, 0.00, 0.00, NULL, '');
INSERT INTO `orders` VALUES (0, '2018-08-09 00:00:00', '4709401596', '7593881042', '1', 5.00, 0.00, 0.00, NULL, '');
INSERT INTO `orders` VALUES (0, '2018-08-09 00:00:00', '4709401596', '7615368955', '1', 65.00, 0.00, 0.00, NULL, '');
INSERT INTO `orders` VALUES (0, '2018-08-09 00:00:00', '4709401596', '7615750388', '1', 7.00, 0.00, 0.00, NULL, '');
INSERT INTO `orders` VALUES (0, '2018-08-09 00:00:00', '4709401596', '7649649933', '1', 150.00, 0.00, 0.00, NULL, '');
INSERT INTO `orders` VALUES (0, '2018-08-09 00:00:00', '4709401596', '7671914417', '1', 4.50, 0.00, 0.00, NULL, '');
INSERT INTO `orders` VALUES (0, '2018-08-09 00:00:00', '4709401596', '7749739543', '1', 5.00, 0.00, 0.00, NULL, '');
INSERT INTO `orders` VALUES (0, '2018-08-09 00:00:00', '4709401596', '7797066007', '1', 3.00, 0.00, 0.00, NULL, '');
INSERT INTO `orders` VALUES (0, '2018-08-09 00:00:00', '4709401596', '7838987258', '1', 3.00, 0.00, 0.00, NULL, '');
INSERT INTO `orders` VALUES (0, '2018-08-09 00:00:00', '4709401596', '7843854261', '1', 8.50, 0.00, 0.00, NULL, '');
INSERT INTO `orders` VALUES (0, '2018-08-09 00:00:00', '4709401596', '7862046815', '1', 1.20, 0.00, 0.00, NULL, '');
INSERT INTO `orders` VALUES (0, '2018-08-09 00:00:00', '4709401596', '7863849544', '1', 1.30, 0.00, 0.00, NULL, '');
INSERT INTO `orders` VALUES (0, '2018-08-09 00:00:00', '4709401596', '7883073348', '1', 11.50, 0.00, 0.00, NULL, '');
INSERT INTO `orders` VALUES (0, '2018-08-09 00:00:00', '4709401596', '7945139022', '1', 15.00, 0.00, 0.00, NULL, '');
INSERT INTO `orders` VALUES (0, '2018-08-09 00:00:00', '4709401596', '7963058637', '1', 10.00, 0.00, 0.00, NULL, '');
INSERT INTO `orders` VALUES (0, '2018-08-09 00:00:00', '4709401596', '7963974750', '1', 8.00, 0.00, 0.00, NULL, '');
INSERT INTO `orders` VALUES (0, '2018-08-09 00:00:00', '4709401596', '8012263384', '1', 40.00, 0.00, 0.00, NULL, '');
INSERT INTO `orders` VALUES (0, '2018-08-09 00:00:00', '4709401596', '8034228775', '1', 112.00, 0.00, 0.00, NULL, '');
INSERT INTO `orders` VALUES (0, '2018-08-09 00:00:00', '4709401596', '8094580699', '1', 6.00, 0.00, 0.00, NULL, '');
INSERT INTO `orders` VALUES (0, '2018-08-09 00:00:00', '4709401596', '8102038698', '1', 18.00, 0.00, 0.00, NULL, '');
INSERT INTO `orders` VALUES (0, '2018-08-09 00:00:00', '4709401596', '8147104681', '1', 25.00, 0.00, 0.00, NULL, '');
INSERT INTO `orders` VALUES (0, '2018-08-09 00:00:00', '4709401596', '8210958178', '1', 6.50, 0.00, 0.00, NULL, '');
INSERT INTO `orders` VALUES (0, '2018-08-09 00:00:00', '4709401596', '8296971819', '1', 0.90, 0.00, 0.00, NULL, '');
INSERT INTO `orders` VALUES (0, '2018-08-09 00:00:00', '4709401596', '8309122901', '1', 13.00, 0.00, 0.00, NULL, '');
INSERT INTO `orders` VALUES (0, '2018-08-09 00:00:00', '4709401596', '8333595391', '1', 35.00, 0.00, 0.00, NULL, '');
INSERT INTO `orders` VALUES (0, '2018-08-09 00:00:00', '4709401596', '8341043567', '1', 23.00, 0.00, 0.00, NULL, '');
INSERT INTO `orders` VALUES (0, '2018-08-09 00:00:00', '4709401596', '8429230840', '1', 6.00, 0.00, 0.00, NULL, '');
INSERT INTO `orders` VALUES (0, '2018-08-09 00:00:00', '4709401596', '8457579240', '1', 0.90, 0.00, 0.00, NULL, '');
INSERT INTO `orders` VALUES (0, '2018-08-09 00:00:00', '4709401596', '8493807360', '1', 3.00, 0.00, 0.00, NULL, '');
INSERT INTO `orders` VALUES (0, '2018-08-09 00:00:00', '4709401596', '8507256892', '1', 15.50, 0.00, 0.00, NULL, '');
INSERT INTO `orders` VALUES (0, '2018-08-09 00:00:00', '4709401596', '8512527513', '1', 4.00, 0.00, 0.00, NULL, '');
INSERT INTO `orders` VALUES (0, '2018-08-09 00:00:00', '4709401596', '8559706225', '1', 16.00, 0.00, 0.00, NULL, '');
INSERT INTO `orders` VALUES (0, '2018-08-09 00:00:00', '4709401596', '8596776390', '1', 9.00, 0.00, 0.00, NULL, '');
INSERT INTO `orders` VALUES (0, '2018-08-09 00:00:00', '4709401596', '8614319524', '1', 260.00, 0.00, 0.00, NULL, '');
INSERT INTO `orders` VALUES (0, '2018-08-09 00:00:00', '4709401596', '8620607666', '1', 3.50, 0.00, 0.00, NULL, '');
INSERT INTO `orders` VALUES (0, '2018-08-09 00:00:00', '4709401596', '8641947894', '1', 4.50, 0.00, 0.00, NULL, '');
INSERT INTO `orders` VALUES (0, '2018-08-09 00:00:00', '4709401596', '8726765162', '1', 1.20, 0.00, 0.00, NULL, '');
INSERT INTO `orders` VALUES (0, '2018-08-09 00:00:00', '4709401596', '8764267383', '1', 0.80, 0.00, 0.00, NULL, '');
INSERT INTO `orders` VALUES (0, '2018-08-09 00:00:00', '4709401596', '8774791780', '1', 10.00, 0.00, 0.00, NULL, '');
INSERT INTO `orders` VALUES (0, '2018-08-09 00:00:00', '4709401596', '8985870590', '1', 4.00, 0.00, 0.00, NULL, '');
INSERT INTO `orders` VALUES (0, '2018-08-09 00:00:00', '4709401596', '9001062832', '1', 11.50, 0.00, 0.00, NULL, '');
INSERT INTO `orders` VALUES (0, '2018-08-09 00:00:00', '4709401596', '9004622336', '1', 0.80, 0.00, 0.00, NULL, '');
INSERT INTO `orders` VALUES (0, '2018-08-09 00:00:00', '4709401596', '9012657274', '1', 4.00, 0.00, 0.00, NULL, '');
INSERT INTO `orders` VALUES (0, '2018-08-09 00:00:00', '4709401596', '9017134824', '1', 13.00, 0.00, 0.00, NULL, '');
INSERT INTO `orders` VALUES (0, '2018-08-09 00:00:00', '4709401596', '9084077863', '1', 8.00, 0.00, 0.00, NULL, '');
INSERT INTO `orders` VALUES (0, '2018-08-09 00:00:00', '4709401596', '9098838391', '1', 1.10, 0.00, 0.00, NULL, '');
INSERT INTO `orders` VALUES (0, '2018-08-09 00:00:00', '4709401596', '9266709676', '1', 1.00, 0.00, 0.00, NULL, '');
INSERT INTO `orders` VALUES (0, '2018-08-09 00:00:00', '4709401596', '9269385462', '1', 165.00, 0.00, 0.00, NULL, '');
INSERT INTO `orders` VALUES (0, '2018-08-09 00:00:00', '4709401596', '9293911524', '1', 2.50, 0.00, 0.00, NULL, '');
INSERT INTO `orders` VALUES (0, '2018-08-09 00:00:00', '4709401596', '9324935106', '1', 1.20, 0.00, 0.00, NULL, '');
INSERT INTO `orders` VALUES (0, '2018-08-09 00:00:00', '4709401596', '9332182245', '1', 3.00, 0.00, 0.00, NULL, '');
INSERT INTO `orders` VALUES (0, '2018-08-09 00:00:00', '4709401596', '9352724164', '1', 17.00, 0.00, 0.00, NULL, '');
INSERT INTO `orders` VALUES (0, '2018-08-09 00:00:00', '4709401596', '9409057759', '1', 2.50, 0.00, 0.00, NULL, '');
INSERT INTO `orders` VALUES (0, '2018-08-09 00:00:00', '4709401596', '9442631342', '1', 5.00, 0.00, 0.00, NULL, '');
INSERT INTO `orders` VALUES (0, '2018-08-09 00:00:00', '4709401596', '9491454388', '1', 6.00, 0.00, 0.00, NULL, '');
INSERT INTO `orders` VALUES (0, '2018-08-09 00:00:00', '4709401596', '9591999672', '1', 50.00, 0.00, 0.00, NULL, '');
INSERT INTO `orders` VALUES (0, '2018-08-09 00:00:00', '4709401596', '9680295770', '1', 1.00, 0.00, 0.00, NULL, '');
INSERT INTO `orders` VALUES (0, '2018-08-09 00:00:00', '4709401596', '9755692256', '1', 3.50, 0.00, 0.00, NULL, '');
INSERT INTO `orders` VALUES (0, '2018-08-09 00:00:00', '4709401596', '9908727289', '1', 3.00, 0.00, 0.00, NULL, '');
INSERT INTO `orders` VALUES (0, '2018-08-09 00:00:00', '4709401596', '9914435668', '1', 2.40, 0.00, 0.00, NULL, '');
INSERT INTO `orders` VALUES (0, '2018-08-09 00:00:00', '4709401596', '9970027287', '1', 11.00, 0.00, 0.00, NULL, '');
INSERT INTO `orders` VALUES (0, '2018-08-09 00:00:00', '5699569414', '1041469823', '2-307afc1e-9910', 8.00, 0.00, 0.00, NULL, '');
INSERT INTO `orders` VALUES (0, '2018-08-09 00:00:00', '5699569414', '1041469823', '2-6ddf875e-b738', 8.00, 0.00, 0.00, NULL, '');
INSERT INTO `orders` VALUES (0, '2018-08-09 00:00:00', '5699569414', '1042606726', '2-307afc1e-9910', 5.00, 0.00, 0.00, NULL, '');
INSERT INTO `orders` VALUES (0, '2018-08-09 00:00:00', '5699569414', '1042606726', '2-6ddf875e-b738', 5.00, 0.00, 0.00, NULL, '');
INSERT INTO `orders` VALUES (0, '2018-08-09 00:00:00', '5699569414', '1046188992', '2-307afc1e-9910', 6.00, 0.00, 0.00, NULL, '');
INSERT INTO `orders` VALUES (0, '2018-08-09 00:00:00', '5699569414', '1046188992', '2-6ddf875e-b738', 6.00, 0.00, 0.00, NULL, '');
INSERT INTO `orders` VALUES (0, '2018-08-09 00:00:00', '5699569414', '1058568708', '2-307afc1e-9910', 12.00, 1.00, 12.00, NULL, '');
INSERT INTO `orders` VALUES (0, '2018-08-09 00:00:00', '5699569414', '1058568708', '2-6ddf875e-b738', 12.00, 0.00, 0.00, NULL, '');
INSERT INTO `orders` VALUES (0, '2018-08-09 00:00:00', '5699569414', '1119882026', '2-307afc1e-9910', 15.00, 0.00, 0.00, NULL, '');
INSERT INTO `orders` VALUES (0, '2018-08-09 00:00:00', '5699569414', '1119882026', '2-6ddf875e-b738', 15.00, 0.00, 0.00, NULL, '');
INSERT INTO `orders` VALUES (0, '2018-08-09 00:00:00', '5699569414', '1253110852', '2-307afc1e-9910', 9.00, 0.00, 0.00, NULL, '');
INSERT INTO `orders` VALUES (0, '2018-08-09 00:00:00', '5699569414', '1253110852', '2-6ddf875e-b738', 9.00, 0.00, 0.00, NULL, '');
INSERT INTO `orders` VALUES (0, '2018-08-09 00:00:00', '5699569414', '1278639234', '2-307afc1e-9910', 10.00, 0.00, 0.00, NULL, '');
INSERT INTO `orders` VALUES (0, '2018-08-09 00:00:00', '5699569414', '1278639234', '2-6ddf875e-b738', 10.00, 0.00, 0.00, NULL, '');
INSERT INTO `orders` VALUES (0, '2018-08-09 00:00:00', '5699569414', '1296095373', '2-307afc1e-9910', 1.10, 5.00, 5.50, NULL, '');
INSERT INTO `orders` VALUES (0, '2018-08-09 00:00:00', '5699569414', '1296095373', '2-6ddf875e-b738', 1.10, 2.00, 2.20, NULL, '');
INSERT INTO `orders` VALUES (0, '2018-08-09 00:00:00', '5699569414', '1299761438', '2-307afc1e-9910', 1.00, 5.00, 5.00, NULL, '');
INSERT INTO `orders` VALUES (0, '2018-08-09 00:00:00', '5699569414', '1299761438', '2-6ddf875e-b738', 1.00, 3.00, 3.00, NULL, '');
INSERT INTO `orders` VALUES (0, '2018-08-09 00:00:00', '5699569414', '1325688661', '2-307afc1e-9910', 1.60, 0.00, 0.00, NULL, '');
INSERT INTO `orders` VALUES (0, '2018-08-09 00:00:00', '5699569414', '1325688661', '2-6ddf875e-b738', 1.60, 0.00, 0.00, NULL, '');
INSERT INTO `orders` VALUES (0, '2018-08-09 00:00:00', '5699569414', '1381082106', '2-307afc1e-9910', 1.80, 0.00, 0.00, NULL, '');
INSERT INTO `orders` VALUES (0, '2018-08-09 00:00:00', '5699569414', '1381082106', '2-6ddf875e-b738', 1.80, 0.00, 0.00, NULL, '');
INSERT INTO `orders` VALUES (0, '2018-08-09 00:00:00', '5699569414', '1431930409', '2-307afc1e-9910', 4.00, 0.00, 0.00, NULL, '');
INSERT INTO `orders` VALUES (0, '2018-08-09 00:00:00', '5699569414', '1431930409', '2-6ddf875e-b738', 4.00, 0.00, 0.00, NULL, '');
INSERT INTO `orders` VALUES (0, '2018-08-09 00:00:00', '5699569414', '1617370687', '2-307afc1e-9910', 165.00, 0.00, 0.00, NULL, '');
INSERT INTO `orders` VALUES (0, '2018-08-09 00:00:00', '5699569414', '1617370687', '2-6ddf875e-b738', 165.00, 0.00, 0.00, NULL, '');
INSERT INTO `orders` VALUES (0, '2018-08-09 00:00:00', '5699569414', '1686051240', '2-307afc1e-9910', 9.00, 0.00, 0.00, NULL, '');
INSERT INTO `orders` VALUES (0, '2018-08-09 00:00:00', '5699569414', '1686051240', '2-6ddf875e-b738', 9.00, 0.00, 0.00, NULL, '');
INSERT INTO `orders` VALUES (0, '2018-08-09 00:00:00', '5699569414', '1693167624', '2-307afc1e-9910', 0.90, 0.00, 0.00, NULL, '');
INSERT INTO `orders` VALUES (0, '2018-08-09 00:00:00', '5699569414', '1693167624', '2-6ddf875e-b738', 0.90, 0.00, 0.00, NULL, '');
INSERT INTO `orders` VALUES (0, '2018-08-09 00:00:00', '5699569414', '1773025230', '2-307afc1e-9910', 11.00, 0.00, 0.00, NULL, '');
INSERT INTO `orders` VALUES (0, '2018-08-09 00:00:00', '5699569414', '1773025230', '2-6ddf875e-b738', 11.00, 0.00, 0.00, NULL, '');
INSERT INTO `orders` VALUES (0, '2018-08-09 00:00:00', '5699569414', '1782077120', '2-307afc1e-9910', 10.00, 0.00, 0.00, NULL, '');
INSERT INTO `orders` VALUES (0, '2018-08-09 00:00:00', '5699569414', '1782077120', '2-6ddf875e-b738', 10.00, 0.00, 0.00, NULL, '');
INSERT INTO `orders` VALUES (0, '2018-08-09 00:00:00', '5699569414', '1843039038', '2-307afc1e-9910', 5.00, 0.00, 0.00, NULL, '');
INSERT INTO `orders` VALUES (0, '2018-08-09 00:00:00', '5699569414', '1843039038', '2-6ddf875e-b738', 5.00, 0.00, 0.00, NULL, '');
INSERT INTO `orders` VALUES (0, '2018-08-09 00:00:00', '5699569414', '1875977295', '2-307afc1e-9910', 13.00, 0.00, 0.00, NULL, '');
INSERT INTO `orders` VALUES (0, '2018-08-09 00:00:00', '5699569414', '1875977295', '2-6ddf875e-b738', 13.00, 0.00, 0.00, NULL, '');
INSERT INTO `orders` VALUES (0, '2018-08-09 00:00:00', '5699569414', '1882866591', '2-307afc1e-9910', 12.50, 0.00, 0.00, NULL, '');
INSERT INTO `orders` VALUES (0, '2018-08-09 00:00:00', '5699569414', '1882866591', '2-6ddf875e-b738', 12.50, 0.00, 0.00, NULL, '');
INSERT INTO `orders` VALUES (0, '2018-08-09 00:00:00', '5699569414', '1887593880', '2-307afc1e-9910', 9.00, 0.00, 0.00, NULL, '');
INSERT INTO `orders` VALUES (0, '2018-08-09 00:00:00', '5699569414', '1887593880', '2-6ddf875e-b738', 9.00, 0.00, 0.00, NULL, '');
INSERT INTO `orders` VALUES (0, '2018-08-09 00:00:00', '5699569414', '1964137379', '2-307afc1e-9910', 4.00, 5.00, 20.00, NULL, '');
INSERT INTO `orders` VALUES (0, '2018-08-09 00:00:00', '5699569414', '1964137379', '2-6ddf875e-b738', 4.00, 0.00, 0.00, NULL, '');
INSERT INTO `orders` VALUES (0, '2018-08-09 00:00:00', '5699569414', '2059731698', '2-307afc1e-9910', 1.30, 0.00, 0.00, NULL, '');
INSERT INTO `orders` VALUES (0, '2018-08-09 00:00:00', '5699569414', '2059731698', '2-6ddf875e-b738', 1.30, 0.00, 0.00, NULL, '');
INSERT INTO `orders` VALUES (0, '2018-08-09 00:00:00', '5699569414', '2092387274', '2-307afc1e-9910', 0.80, 0.00, 0.00, NULL, '');
INSERT INTO `orders` VALUES (0, '2018-08-09 00:00:00', '5699569414', '2092387274', '2-6ddf875e-b738', 0.80, 0.00, 0.00, NULL, '');
INSERT INTO `orders` VALUES (0, '2018-08-09 00:00:00', '5699569414', '2144477998', '2-307afc1e-9910', 1.10, 0.00, 0.00, NULL, '');
INSERT INTO `orders` VALUES (0, '2018-08-09 00:00:00', '5699569414', '2144477998', '2-6ddf875e-b738', 1.10, 0.00, 0.00, NULL, '');
INSERT INTO `orders` VALUES (0, '2018-08-09 00:00:00', '5699569414', '2217839163', '2-307afc1e-9910', 15.00, 0.00, 0.00, NULL, '');
INSERT INTO `orders` VALUES (0, '2018-08-09 00:00:00', '5699569414', '2217839163', '2-6ddf875e-b738', 15.00, 0.00, 0.00, NULL, '');
INSERT INTO `orders` VALUES (0, '2018-08-09 00:00:00', '5699569414', '2218391566', '2-307afc1e-9910', 3.45, 0.00, 0.00, NULL, '');
INSERT INTO `orders` VALUES (0, '2018-08-09 00:00:00', '5699569414', '2218391566', '2-6ddf875e-b738', 3.45, 0.00, 0.00, NULL, '');
INSERT INTO `orders` VALUES (0, '2018-08-09 00:00:00', '5699569414', '2340144496', '2-307afc1e-9910', 9.00, 0.00, 0.00, NULL, '');
INSERT INTO `orders` VALUES (0, '2018-08-09 00:00:00', '5699569414', '2340144496', '2-6ddf875e-b738', 9.00, 0.00, 0.00, NULL, '');
INSERT INTO `orders` VALUES (0, '2018-08-09 00:00:00', '5699569414', '2376115770', '2-307afc1e-9910', 4.00, 0.00, 0.00, NULL, '');
INSERT INTO `orders` VALUES (0, '2018-08-09 00:00:00', '5699569414', '2376115770', '2-6ddf875e-b738', 4.00, 0.00, 0.00, NULL, '');
INSERT INTO `orders` VALUES (0, '2018-08-09 00:00:00', '5699569414', '2386592860', '2-307afc1e-9910', 10.00, 0.00, 0.00, NULL, '');
INSERT INTO `orders` VALUES (0, '2018-08-09 00:00:00', '5699569414', '2386592860', '2-6ddf875e-b738', 10.00, 0.00, 0.00, NULL, '');
INSERT INTO `orders` VALUES (0, '2018-08-09 00:00:00', '5699569414', '2402044242', '2-307afc1e-9910', 0.70, 0.00, 0.00, NULL, '');
INSERT INTO `orders` VALUES (0, '2018-08-09 00:00:00', '5699569414', '2402044242', '2-6ddf875e-b738', 0.70, 0.00, 0.00, NULL, '');
INSERT INTO `orders` VALUES (0, '2018-08-09 00:00:00', '5699569414', '2439481821', '2-307afc1e-9910', 1.10, 0.00, 0.00, NULL, '');
INSERT INTO `orders` VALUES (0, '2018-08-09 00:00:00', '5699569414', '2439481821', '2-6ddf875e-b738', 1.10, 0.00, 0.00, NULL, '');
INSERT INTO `orders` VALUES (0, '2018-08-09 00:00:00', '5699569414', '2447068729', '2-307afc1e-9910', 6.50, 0.00, 0.00, NULL, '');
INSERT INTO `orders` VALUES (0, '2018-08-09 00:00:00', '5699569414', '2447068729', '2-6ddf875e-b738', 6.50, 0.00, 0.00, NULL, '');
INSERT INTO `orders` VALUES (0, '2018-08-09 00:00:00', '5699569414', '2470669174', '2-307afc1e-9910', 165.00, 0.00, 0.00, NULL, '');
INSERT INTO `orders` VALUES (0, '2018-08-09 00:00:00', '5699569414', '2470669174', '2-6ddf875e-b738', 165.00, 0.00, 0.00, NULL, '');
INSERT INTO `orders` VALUES (0, '2018-08-09 00:00:00', '5699569414', '2489986206', '2-307afc1e-9910', 10.00, 5.00, 50.00, NULL, '');
INSERT INTO `orders` VALUES (0, '2018-08-09 00:00:00', '5699569414', '2489986206', '2-6ddf875e-b738', 10.00, 0.00, 0.00, NULL, '');
INSERT INTO `orders` VALUES (0, '2018-08-09 00:00:00', '5699569414', '2518784346', '2-307afc1e-9910', 1.90, 0.00, 0.00, NULL, '');
INSERT INTO `orders` VALUES (0, '2018-08-09 00:00:00', '5699569414', '2518784346', '2-6ddf875e-b738', 1.90, 0.00, 0.00, NULL, '');
INSERT INTO `orders` VALUES (0, '2018-08-09 00:00:00', '5699569414', '2622033657', '2-307afc1e-9910', 1.00, 0.00, 0.00, NULL, '');
INSERT INTO `orders` VALUES (0, '2018-08-09 00:00:00', '5699569414', '2622033657', '2-6ddf875e-b738', 1.00, 0.00, 0.00, NULL, '');
INSERT INTO `orders` VALUES (0, '2018-08-09 00:00:00', '5699569414', '2665881419', '2-307afc1e-9910', 3.50, 0.00, 0.00, NULL, '');
INSERT INTO `orders` VALUES (0, '2018-08-09 00:00:00', '5699569414', '2665881419', '2-6ddf875e-b738', 3.50, 0.00, 0.00, NULL, '');
INSERT INTO `orders` VALUES (0, '2018-08-09 00:00:00', '5699569414', '2706579578', '2-307afc1e-9910', 33.00, 0.00, 0.00, NULL, '');
INSERT INTO `orders` VALUES (0, '2018-08-09 00:00:00', '5699569414', '2706579578', '2-6ddf875e-b738', 33.00, 0.00, 0.00, NULL, '');
INSERT INTO `orders` VALUES (0, '2018-08-09 00:00:00', '5699569414', '2891769070', '2-307afc1e-9910', 3.00, 0.00, 0.00, NULL, '');
INSERT INTO `orders` VALUES (0, '2018-08-09 00:00:00', '5699569414', '2891769070', '2-6ddf875e-b738', 3.00, 0.00, 0.00, NULL, '');
INSERT INTO `orders` VALUES (0, '2018-08-09 00:00:00', '5699569414', '2939243318', '2-307afc1e-9910', 11.00, 0.00, 0.00, NULL, '');
INSERT INTO `orders` VALUES (0, '2018-08-09 00:00:00', '5699569414', '2939243318', '2-6ddf875e-b738', 11.00, 0.00, 0.00, NULL, '');
INSERT INTO `orders` VALUES (0, '2018-08-09 00:00:00', '5699569414', '3016444663', '2-307afc1e-9910', 1.00, 0.00, 0.00, NULL, '');
INSERT INTO `orders` VALUES (0, '2018-08-09 00:00:00', '5699569414', '3016444663', '2-6ddf875e-b738', 1.00, 0.00, 0.00, NULL, '');
INSERT INTO `orders` VALUES (0, '2018-08-09 00:00:00', '5699569414', '3023632558', '2-307afc1e-9910', 1.40, 0.00, 0.00, NULL, '');
INSERT INTO `orders` VALUES (0, '2018-08-09 00:00:00', '5699569414', '3023632558', '2-6ddf875e-b738', 1.40, 0.00, 0.00, NULL, '');
INSERT INTO `orders` VALUES (0, '2018-08-09 00:00:00', '5699569414', '3056817336', '2-307afc1e-9910', 1.10, 0.00, 0.00, NULL, '');
INSERT INTO `orders` VALUES (0, '2018-08-09 00:00:00', '5699569414', '3056817336', '2-6ddf875e-b738', 1.10, 0.00, 0.00, NULL, '');
INSERT INTO `orders` VALUES (0, '2018-08-09 00:00:00', '5699569414', '3094205075', '2-307afc1e-9910', 18.50, 0.00, 0.00, NULL, '');
INSERT INTO `orders` VALUES (0, '2018-08-09 00:00:00', '5699569414', '3094205075', '2-6ddf875e-b738', 18.50, 0.00, 0.00, NULL, '');
INSERT INTO `orders` VALUES (0, '2018-08-09 00:00:00', '5699569414', '3099892929', '2-307afc1e-9910', 1.50, 0.00, 0.00, NULL, '');
INSERT INTO `orders` VALUES (0, '2018-08-09 00:00:00', '5699569414', '3099892929', '2-6ddf875e-b738', 1.50, 0.00, 0.00, NULL, '');
INSERT INTO `orders` VALUES (0, '2018-08-09 00:00:00', '5699569414', '3160041190', '2-307afc1e-9910', 16.00, 0.00, 0.00, NULL, '');
INSERT INTO `orders` VALUES (0, '2018-08-09 00:00:00', '5699569414', '3160041190', '2-6ddf875e-b738', 16.00, 0.00, 0.00, NULL, '');
INSERT INTO `orders` VALUES (0, '2018-08-09 00:00:00', '5699569414', '3162567339', '2-307afc1e-9910', 1.20, 0.00, 0.00, NULL, '');
INSERT INTO `orders` VALUES (0, '2018-08-09 00:00:00', '5699569414', '3162567339', '2-6ddf875e-b738', 1.20, 0.00, 0.00, NULL, '');
INSERT INTO `orders` VALUES (0, '2018-08-09 00:00:00', '5699569414', '3178759691', '2-307afc1e-9910', 1.20, 0.00, 0.00, NULL, '');
INSERT INTO `orders` VALUES (0, '2018-08-09 00:00:00', '5699569414', '3178759691', '2-6ddf875e-b738', 1.20, 0.00, 0.00, NULL, '');
INSERT INTO `orders` VALUES (0, '2018-08-09 00:00:00', '5699569414', '3188702778', '2-307afc1e-9910', 3.00, 0.00, 0.00, NULL, '');
INSERT INTO `orders` VALUES (0, '2018-08-09 00:00:00', '5699569414', '3188702778', '2-6ddf875e-b738', 3.00, 0.00, 0.00, NULL, '');
INSERT INTO `orders` VALUES (0, '2018-08-09 00:00:00', '5699569414', '3243098095', '2-307afc1e-9910', 9.50, 0.00, 0.00, NULL, '');
INSERT INTO `orders` VALUES (0, '2018-08-09 00:00:00', '5699569414', '3243098095', '2-6ddf875e-b738', 9.50, 0.00, 0.00, NULL, '');
INSERT INTO `orders` VALUES (0, '2018-08-09 00:00:00', '5699569414', '3419469228', '2-307afc1e-9910', 2.00, 0.00, 0.00, NULL, '');
INSERT INTO `orders` VALUES (0, '2018-08-09 00:00:00', '5699569414', '3419469228', '2-6ddf875e-b738', 2.00, 0.00, 0.00, NULL, '');
INSERT INTO `orders` VALUES (0, '2018-08-09 00:00:00', '5699569414', '3444024192', '2-307afc1e-9910', 1.30, 0.00, 0.00, NULL, '');
INSERT INTO `orders` VALUES (0, '2018-08-09 00:00:00', '5699569414', '3444024192', '2-6ddf875e-b738', 1.30, 0.00, 0.00, NULL, '');
INSERT INTO `orders` VALUES (0, '2018-08-09 00:00:00', '5699569414', '3448485863', '2-307afc1e-9910', 2.00, 0.00, 0.00, NULL, '');
INSERT INTO `orders` VALUES (0, '2018-08-09 00:00:00', '5699569414', '3448485863', '2-6ddf875e-b738', 2.00, 0.00, 0.00, NULL, '');
INSERT INTO `orders` VALUES (0, '2018-08-09 00:00:00', '5699569414', '3497438452', '2-307afc1e-9910', 4.50, 0.00, 0.00, NULL, '');
INSERT INTO `orders` VALUES (0, '2018-08-09 00:00:00', '5699569414', '3497438452', '2-6ddf875e-b738', 4.50, 0.00, 0.00, NULL, '');
INSERT INTO `orders` VALUES (0, '2018-08-09 00:00:00', '5699569414', '3591198584', '2-307afc1e-9910', 15.00, 0.00, 0.00, NULL, '');
INSERT INTO `orders` VALUES (0, '2018-08-09 00:00:00', '5699569414', '3591198584', '2-6ddf875e-b738', 15.00, 0.00, 0.00, NULL, '');
INSERT INTO `orders` VALUES (0, '2018-08-09 00:00:00', '5699569414', '3617680481', '2-307afc1e-9910', 8.00, 0.00, 0.00, NULL, '');
INSERT INTO `orders` VALUES (0, '2018-08-09 00:00:00', '5699569414', '3617680481', '2-6ddf875e-b738', 8.00, 0.00, 0.00, NULL, '');
INSERT INTO `orders` VALUES (0, '2018-08-09 00:00:00', '5699569414', '3661049799', '2-307afc1e-9910', 7.00, 0.00, 0.00, NULL, '');
INSERT INTO `orders` VALUES (0, '2018-08-09 00:00:00', '5699569414', '3661049799', '2-6ddf875e-b738', 7.00, 0.00, 0.00, NULL, '');
INSERT INTO `orders` VALUES (0, '2018-08-09 00:00:00', '5699569414', '3732823387', '2-307afc1e-9910', 2.30, 0.00, 0.00, NULL, '');
INSERT INTO `orders` VALUES (0, '2018-08-09 00:00:00', '5699569414', '3732823387', '2-6ddf875e-b738', 2.30, 0.00, 0.00, NULL, '');
INSERT INTO `orders` VALUES (0, '2018-08-09 00:00:00', '5699569414', '3740315096', '2-307afc1e-9910', 1.30, 0.00, 0.00, NULL, '');
INSERT INTO `orders` VALUES (0, '2018-08-09 00:00:00', '5699569414', '3740315096', '2-6ddf875e-b738', 1.30, 0.00, 0.00, NULL, '');
INSERT INTO `orders` VALUES (0, '2018-08-09 00:00:00', '5699569414', '3774722053', '2-307afc1e-9910', 1.20, 0.00, 0.00, NULL, '');
INSERT INTO `orders` VALUES (0, '2018-08-09 00:00:00', '5699569414', '3774722053', '2-6ddf875e-b738', 1.20, 0.00, 0.00, NULL, '');
INSERT INTO `orders` VALUES (0, '2018-08-09 00:00:00', '5699569414', '3780568777', '2-307afc1e-9910', 33.00, 0.00, 0.00, NULL, '');
INSERT INTO `orders` VALUES (0, '2018-08-09 00:00:00', '5699569414', '3780568777', '2-6ddf875e-b738', 33.00, 0.00, 0.00, NULL, '');
INSERT INTO `orders` VALUES (0, '2018-08-09 00:00:00', '5699569414', '3805459728', '2-307afc1e-9910', 2.20, 0.00, 0.00, NULL, '');
INSERT INTO `orders` VALUES (0, '2018-08-09 00:00:00', '5699569414', '3805459728', '2-6ddf875e-b738', 2.20, 0.00, 0.00, NULL, '');
INSERT INTO `orders` VALUES (0, '2018-08-09 00:00:00', '5699569414', '3956131993', '2-307afc1e-9910', 12.00, 0.00, 0.00, NULL, '');
INSERT INTO `orders` VALUES (0, '2018-08-09 00:00:00', '5699569414', '3956131993', '2-6ddf875e-b738', 12.00, 0.00, 0.00, NULL, '');
INSERT INTO `orders` VALUES (0, '2018-08-09 00:00:00', '5699569414', '3987923651', '2-307afc1e-9910', 1.00, 5.00, 5.00, NULL, '');
INSERT INTO `orders` VALUES (0, '2018-08-09 00:00:00', '5699569414', '3987923651', '2-6ddf875e-b738', 1.00, 0.00, 0.00, NULL, '');
INSERT INTO `orders` VALUES (0, '2018-08-09 00:00:00', '5699569414', '4037153291', '2-307afc1e-9910', 7.00, 0.00, 0.00, NULL, '');
INSERT INTO `orders` VALUES (0, '2018-08-09 00:00:00', '5699569414', '4037153291', '2-6ddf875e-b738', 7.00, 0.00, 0.00, NULL, '');
INSERT INTO `orders` VALUES (0, '2018-08-09 00:00:00', '5699569414', '4044824591', '2-307afc1e-9910', 1.00, 5.00, 5.00, NULL, '');
INSERT INTO `orders` VALUES (0, '2018-08-09 00:00:00', '5699569414', '4044824591', '2-6ddf875e-b738', 1.00, 0.00, 0.00, NULL, '');
INSERT INTO `orders` VALUES (0, '2018-08-09 00:00:00', '5699569414', '4076010936', '2-307afc1e-9910', 9.50, 0.00, 0.00, NULL, '');
INSERT INTO `orders` VALUES (0, '2018-08-09 00:00:00', '5699569414', '4076010936', '2-6ddf875e-b738', 9.50, 0.00, 0.00, NULL, '');
INSERT INTO `orders` VALUES (0, '2018-08-09 00:00:00', '5699569414', '4164086601', '2-307afc1e-9910', 1.50, 0.00, 0.00, NULL, '');
INSERT INTO `orders` VALUES (0, '2018-08-09 00:00:00', '5699569414', '4164086601', '2-6ddf875e-b738', 1.50, 0.00, 0.00, NULL, '');
INSERT INTO `orders` VALUES (0, '2018-08-09 00:00:00', '5699569414', '4169014486', '2-307afc1e-9910', 7.50, 0.00, 0.00, NULL, '');
INSERT INTO `orders` VALUES (0, '2018-08-09 00:00:00', '5699569414', '4169014486', '2-6ddf875e-b738', 7.50, 0.00, 0.00, NULL, '');
INSERT INTO `orders` VALUES (0, '2018-08-09 00:00:00', '5699569414', '4177129835', '2-307afc1e-9910', 0.90, 0.00, 0.00, NULL, '');
INSERT INTO `orders` VALUES (0, '2018-08-09 00:00:00', '5699569414', '4177129835', '2-6ddf875e-b738', 0.90, 0.00, 0.00, NULL, '');
INSERT INTO `orders` VALUES (0, '2018-08-09 00:00:00', '5699569414', '4202172518', '2-307afc1e-9910', 6.00, 0.00, 0.00, NULL, '');
INSERT INTO `orders` VALUES (0, '2018-08-09 00:00:00', '5699569414', '4202172518', '2-6ddf875e-b738', 6.00, 0.00, 0.00, NULL, '');
INSERT INTO `orders` VALUES (0, '2018-08-09 00:00:00', '5699569414', '4234311537', '2-307afc1e-9910', 4.00, 0.00, 0.00, NULL, '');
INSERT INTO `orders` VALUES (0, '2018-08-09 00:00:00', '5699569414', '4234311537', '2-6ddf875e-b738', 4.00, 0.00, 0.00, NULL, '');
INSERT INTO `orders` VALUES (0, '2018-08-09 00:00:00', '5699569414', '4340963053', '2-307afc1e-9910', 23.00, 0.00, 0.00, NULL, '');
INSERT INTO `orders` VALUES (0, '2018-08-09 00:00:00', '5699569414', '4340963053', '2-6ddf875e-b738', 23.00, 0.00, 0.00, NULL, '');
INSERT INTO `orders` VALUES (0, '2018-08-09 00:00:00', '5699569414', '4399922351', '2-307afc1e-9910', 23.00, 0.00, 0.00, NULL, '');
INSERT INTO `orders` VALUES (0, '2018-08-09 00:00:00', '5699569414', '4399922351', '2-6ddf875e-b738', 23.00, 0.00, 0.00, NULL, '');
INSERT INTO `orders` VALUES (0, '2018-08-09 00:00:00', '5699569414', '4411895875', '2-307afc1e-9910', 15.00, 0.00, 0.00, NULL, '');
INSERT INTO `orders` VALUES (0, '2018-08-09 00:00:00', '5699569414', '4411895875', '2-6ddf875e-b738', 15.00, 0.00, 0.00, NULL, '');
INSERT INTO `orders` VALUES (0, '2018-08-09 00:00:00', '5699569414', '4421343082', '2-307afc1e-9910', 2.50, 0.00, 0.00, NULL, '');
INSERT INTO `orders` VALUES (0, '2018-08-09 00:00:00', '5699569414', '4421343082', '2-6ddf875e-b738', 2.50, 0.00, 0.00, NULL, '');
INSERT INTO `orders` VALUES (0, '2018-08-09 00:00:00', '5699569414', '4434416067', '2-307afc1e-9910', 5.00, 0.00, 0.00, NULL, '');
INSERT INTO `orders` VALUES (0, '2018-08-09 00:00:00', '5699569414', '4434416067', '2-6ddf875e-b738', 5.00, 0.00, 0.00, NULL, '');
INSERT INTO `orders` VALUES (0, '2018-08-09 00:00:00', '5699569414', '4455760666', '2-307afc1e-9910', 1.40, 0.00, 0.00, NULL, '');
INSERT INTO `orders` VALUES (0, '2018-08-09 00:00:00', '5699569414', '4455760666', '2-6ddf875e-b738', 1.40, 0.00, 0.00, NULL, '');
INSERT INTO `orders` VALUES (0, '2018-08-09 00:00:00', '5699569414', '4591015300', '2-307afc1e-9910', 7.00, 0.00, 0.00, NULL, '');
INSERT INTO `orders` VALUES (0, '2018-08-09 00:00:00', '5699569414', '4591015300', '2-6ddf875e-b738', 7.00, 0.00, 0.00, NULL, '');
INSERT INTO `orders` VALUES (0, '2018-08-09 00:00:00', '5699569414', '4594795794', '2-307afc1e-9910', 3.00, 0.00, 0.00, NULL, '');
INSERT INTO `orders` VALUES (0, '2018-08-09 00:00:00', '5699569414', '4594795794', '2-6ddf875e-b738', 3.00, 0.00, 0.00, NULL, '');
INSERT INTO `orders` VALUES (0, '2018-08-09 00:00:00', '5699569414', '4685632727', '2-307afc1e-9910', 200.00, 0.00, 0.00, NULL, '');
INSERT INTO `orders` VALUES (0, '2018-08-09 00:00:00', '5699569414', '4685632727', '2-6ddf875e-b738', 200.00, 0.00, 0.00, NULL, '');
INSERT INTO `orders` VALUES (0, '2018-08-09 00:00:00', '5699569414', '4686909047', '2-307afc1e-9910', 50.00, 0.00, 0.00, NULL, '');
INSERT INTO `orders` VALUES (0, '2018-08-09 00:00:00', '5699569414', '4686909047', '2-6ddf875e-b738', 50.00, 0.00, 0.00, NULL, '');
INSERT INTO `orders` VALUES (0, '2018-08-09 00:00:00', '5699569414', '4712273099', '2-307afc1e-9910', 123.00, 0.00, 0.00, NULL, '');
INSERT INTO `orders` VALUES (0, '2018-08-09 00:00:00', '5699569414', '4712273099', '2-6ddf875e-b738', 123.00, 0.00, 0.00, NULL, '');
INSERT INTO `orders` VALUES (0, '2018-08-09 00:00:00', '5699569414', '4745365835', '2-307afc1e-9910', 1.10, 0.00, 0.00, NULL, '');
INSERT INTO `orders` VALUES (0, '2018-08-09 00:00:00', '5699569414', '4745365835', '2-6ddf875e-b738', 1.10, 0.00, 0.00, NULL, '');
INSERT INTO `orders` VALUES (0, '2018-08-09 00:00:00', '5699569414', '4766658531', '2-307afc1e-9910', 1.50, 0.00, 0.00, NULL, '');
INSERT INTO `orders` VALUES (0, '2018-08-09 00:00:00', '5699569414', '4766658531', '2-6ddf875e-b738', 1.50, 0.00, 0.00, NULL, '');
INSERT INTO `orders` VALUES (0, '2018-08-09 00:00:00', '5699569414', '4801952018', '2-307afc1e-9910', 1.30, 0.00, 0.00, NULL, '');
INSERT INTO `orders` VALUES (0, '2018-08-09 00:00:00', '5699569414', '4801952018', '2-6ddf875e-b738', 1.30, 0.00, 0.00, NULL, '');
INSERT INTO `orders` VALUES (0, '2018-08-09 00:00:00', '5699569414', '4812160306', '2-307afc1e-9910', 7.50, 0.00, 0.00, NULL, '');
INSERT INTO `orders` VALUES (0, '2018-08-09 00:00:00', '5699569414', '4812160306', '2-6ddf875e-b738', 7.50, 0.00, 0.00, NULL, '');
INSERT INTO `orders` VALUES (0, '2018-08-09 00:00:00', '5699569414', '4814352197', '2-307afc1e-9910', 60.00, 0.00, 0.00, NULL, '');
INSERT INTO `orders` VALUES (0, '2018-08-09 00:00:00', '5699569414', '4814352197', '2-6ddf875e-b738', 60.00, 0.00, 0.00, NULL, '');
INSERT INTO `orders` VALUES (0, '2018-08-09 00:00:00', '5699569414', '4822924224', '2-307afc1e-9910', 0.90, 0.00, 0.00, NULL, '');
INSERT INTO `orders` VALUES (0, '2018-08-09 00:00:00', '5699569414', '4822924224', '2-6ddf875e-b738', 0.90, 0.00, 0.00, NULL, '');
INSERT INTO `orders` VALUES (0, '2018-08-09 00:00:00', '5699569414', '4850081664', '2-307afc1e-9910', 10.00, 0.00, 0.00, NULL, '');
INSERT INTO `orders` VALUES (0, '2018-08-09 00:00:00', '5699569414', '4850081664', '2-6ddf875e-b738', 10.00, 0.00, 0.00, NULL, '');
INSERT INTO `orders` VALUES (0, '2018-08-09 00:00:00', '5699569414', '4896987422', '2-307afc1e-9910', 60.00, 0.00, 0.00, NULL, '');
INSERT INTO `orders` VALUES (0, '2018-08-09 00:00:00', '5699569414', '4896987422', '2-6ddf875e-b738', 60.00, 0.00, 0.00, NULL, '');
INSERT INTO `orders` VALUES (0, '2018-08-09 00:00:00', '5699569414', '4928499129', '2-307afc1e-9910', 45.00, 0.00, 0.00, NULL, '');
INSERT INTO `orders` VALUES (0, '2018-08-09 00:00:00', '5699569414', '4928499129', '2-6ddf875e-b738', 45.00, 0.00, 0.00, NULL, '');
INSERT INTO `orders` VALUES (0, '2018-08-09 00:00:00', '5699569414', '4957025013', '2-307afc1e-9910', 5.00, 0.00, 0.00, NULL, '');
INSERT INTO `orders` VALUES (0, '2018-08-09 00:00:00', '5699569414', '4957025013', '2-6ddf875e-b738', 5.00, 0.00, 0.00, NULL, '');
INSERT INTO `orders` VALUES (0, '2018-08-09 00:00:00', '5699569414', '4991861029', '2-307afc1e-9910', 3.00, 0.00, 0.00, NULL, '');
INSERT INTO `orders` VALUES (0, '2018-08-09 00:00:00', '5699569414', '4991861029', '2-6ddf875e-b738', 3.00, 0.00, 0.00, NULL, '');
INSERT INTO `orders` VALUES (0, '2018-08-09 00:00:00', '5699569414', '5040969610', '2-307afc1e-9910', 1.10, 0.00, 0.00, NULL, '');
INSERT INTO `orders` VALUES (0, '2018-08-09 00:00:00', '5699569414', '5040969610', '2-6ddf875e-b738', 1.10, 0.00, 0.00, NULL, '');
INSERT INTO `orders` VALUES (0, '2018-08-09 00:00:00', '5699569414', '5065144201', '2-307afc1e-9910', 0.80, 0.00, 0.00, NULL, '');
INSERT INTO `orders` VALUES (0, '2018-08-09 00:00:00', '5699569414', '5065144201', '2-6ddf875e-b738', 0.80, 0.00, 0.00, NULL, '');
INSERT INTO `orders` VALUES (0, '2018-08-09 00:00:00', '5699569414', '5089781709', '2-307afc1e-9910', 2.00, 0.00, 0.00, NULL, '');
INSERT INTO `orders` VALUES (0, '2018-08-09 00:00:00', '5699569414', '5089781709', '2-6ddf875e-b738', 2.00, 0.00, 0.00, NULL, '');
INSERT INTO `orders` VALUES (0, '2018-08-09 00:00:00', '5699569414', '5167290843', '2-307afc1e-9910', 6.00, 0.00, 0.00, NULL, '');
INSERT INTO `orders` VALUES (0, '2018-08-09 00:00:00', '5699569414', '5167290843', '2-6ddf875e-b738', 6.00, 0.00, 0.00, NULL, '');
INSERT INTO `orders` VALUES (0, '2018-08-09 00:00:00', '5699569414', '5184173124', '2-307afc1e-9910', 7.00, 0.00, 0.00, NULL, '');
INSERT INTO `orders` VALUES (0, '2018-08-09 00:00:00', '5699569414', '5184173124', '2-6ddf875e-b738', 7.00, 0.00, 0.00, NULL, '');
INSERT INTO `orders` VALUES (0, '2018-08-09 00:00:00', '5699569414', '5191818306', '2-307afc1e-9910', 2.00, 0.00, 0.00, NULL, '');
INSERT INTO `orders` VALUES (0, '2018-08-09 00:00:00', '5699569414', '5191818306', '2-6ddf875e-b738', 2.00, 0.00, 0.00, NULL, '');
INSERT INTO `orders` VALUES (0, '2018-08-09 00:00:00', '5699569414', '5203541055', '2-307afc1e-9910', 1.40, 1.00, 1.40, NULL, '');
INSERT INTO `orders` VALUES (0, '2018-08-09 00:00:00', '5699569414', '5203541055', '2-6ddf875e-b738', 1.40, 0.00, 0.00, NULL, '');
INSERT INTO `orders` VALUES (0, '2018-08-09 00:00:00', '5699569414', '5242211150', '2-307afc1e-9910', 6.50, 0.00, 0.00, NULL, '');
INSERT INTO `orders` VALUES (0, '2018-08-09 00:00:00', '5699569414', '5242211150', '2-6ddf875e-b738', 6.50, 0.00, 0.00, NULL, '');
INSERT INTO `orders` VALUES (0, '2018-08-09 00:00:00', '5699569414', '5252812277', '2-307afc1e-9910', 1.30, 0.00, 0.00, NULL, '');
INSERT INTO `orders` VALUES (0, '2018-08-09 00:00:00', '5699569414', '5252812277', '2-6ddf875e-b738', 1.30, 0.00, 0.00, NULL, '');
INSERT INTO `orders` VALUES (0, '2018-08-09 00:00:00', '5699569414', '5255220090', '2-307afc1e-9910', 6.50, 0.00, 0.00, NULL, '');
INSERT INTO `orders` VALUES (0, '2018-08-09 00:00:00', '5699569414', '5255220090', '2-6ddf875e-b738', 6.50, 0.00, 0.00, NULL, '');
INSERT INTO `orders` VALUES (0, '2018-08-09 00:00:00', '5699569414', '5299725679', '2-307afc1e-9910', 1.20, 0.00, 0.00, NULL, '');
INSERT INTO `orders` VALUES (0, '2018-08-09 00:00:00', '5699569414', '5299725679', '2-6ddf875e-b738', 1.20, 0.00, 0.00, NULL, '');
INSERT INTO `orders` VALUES (0, '2018-08-09 00:00:00', '5699569414', '5335808266', '2-307afc1e-9910', 11.00, 0.00, 0.00, NULL, '');
INSERT INTO `orders` VALUES (0, '2018-08-09 00:00:00', '5699569414', '5335808266', '2-6ddf875e-b738', 11.00, 0.00, 0.00, NULL, '');
INSERT INTO `orders` VALUES (0, '2018-08-09 00:00:00', '5699569414', '5347163080', '2-307afc1e-9910', 4.00, 0.00, 0.00, NULL, '');
INSERT INTO `orders` VALUES (0, '2018-08-09 00:00:00', '5699569414', '5347163080', '2-6ddf875e-b738', 4.00, 0.00, 0.00, NULL, '');
INSERT INTO `orders` VALUES (0, '2018-08-09 00:00:00', '5699569414', '5451175943', '2-307afc1e-9910', 6.50, 0.00, 0.00, NULL, '');
INSERT INTO `orders` VALUES (0, '2018-08-09 00:00:00', '5699569414', '5451175943', '2-6ddf875e-b738', 6.50, 0.00, 0.00, NULL, '');
INSERT INTO `orders` VALUES (0, '2018-08-09 00:00:00', '5699569414', '5504620877', '2-307afc1e-9910', 3.50, 0.00, 0.00, NULL, '');
INSERT INTO `orders` VALUES (0, '2018-08-09 00:00:00', '5699569414', '5504620877', '2-6ddf875e-b738', 3.50, 0.00, 0.00, NULL, '');
INSERT INTO `orders` VALUES (0, '2018-08-09 00:00:00', '5699569414', '5551150325', '2-307afc1e-9910', 6.50, 0.00, 0.00, NULL, '');
INSERT INTO `orders` VALUES (0, '2018-08-09 00:00:00', '5699569414', '5551150325', '2-6ddf875e-b738', 6.50, 0.00, 0.00, NULL, '');
INSERT INTO `orders` VALUES (0, '2018-08-09 00:00:00', '5699569414', '5607706622', '2-307afc1e-9910', 3.70, 0.00, 0.00, NULL, '');
INSERT INTO `orders` VALUES (0, '2018-08-09 00:00:00', '5699569414', '5607706622', '2-6ddf875e-b738', 3.70, 0.00, 0.00, NULL, '');
INSERT INTO `orders` VALUES (0, '2018-08-09 00:00:00', '5699569414', '5620504187', '2-307afc1e-9910', 7.00, 0.00, 0.00, NULL, '');
INSERT INTO `orders` VALUES (0, '2018-08-09 00:00:00', '5699569414', '5620504187', '2-6ddf875e-b738', 7.00, 0.00, 0.00, NULL, '');
INSERT INTO `orders` VALUES (0, '2018-08-09 00:00:00', '5699569414', '5663487202', '2-307afc1e-9910', 3.50, 0.00, 0.00, NULL, '');
INSERT INTO `orders` VALUES (0, '2018-08-09 00:00:00', '5699569414', '5663487202', '2-6ddf875e-b738', 3.50, 0.00, 0.00, NULL, '');
INSERT INTO `orders` VALUES (0, '2018-08-09 00:00:00', '5699569414', '5714962799', '2-307afc1e-9910', 6.00, 0.00, 0.00, NULL, '');
INSERT INTO `orders` VALUES (0, '2018-08-09 00:00:00', '5699569414', '5714962799', '2-6ddf875e-b738', 6.00, 0.00, 0.00, NULL, '');
INSERT INTO `orders` VALUES (0, '2018-08-09 00:00:00', '5699569414', '5715329370', '2-307afc1e-9910', 1.10, 0.00, 0.00, NULL, '');
INSERT INTO `orders` VALUES (0, '2018-08-09 00:00:00', '5699569414', '5715329370', '2-6ddf875e-b738', 1.10, 0.00, 0.00, NULL, '');
INSERT INTO `orders` VALUES (0, '2018-08-09 00:00:00', '5699569414', '5733002595', '2-307afc1e-9910', 0.80, 0.00, 0.00, NULL, '');
INSERT INTO `orders` VALUES (0, '2018-08-09 00:00:00', '5699569414', '5733002595', '2-6ddf875e-b738', 0.80, 0.00, 0.00, NULL, '');
INSERT INTO `orders` VALUES (0, '2018-08-09 00:00:00', '5699569414', '5766270834', '2-307afc1e-9910', 20.00, 0.00, 0.00, NULL, '');
INSERT INTO `orders` VALUES (0, '2018-08-09 00:00:00', '5699569414', '5766270834', '2-6ddf875e-b738', 20.00, 0.00, 0.00, NULL, '');
INSERT INTO `orders` VALUES (0, '2018-08-09 00:00:00', '5699569414', '5781131408', '2-307afc1e-9910', 1.50, 0.00, 0.00, NULL, '');
INSERT INTO `orders` VALUES (0, '2018-08-09 00:00:00', '5699569414', '5781131408', '2-6ddf875e-b738', 1.50, 0.00, 0.00, NULL, '');
INSERT INTO `orders` VALUES (0, '2018-08-09 00:00:00', '5699569414', '5824739244', '2-307afc1e-9910', 1.20, 0.00, 0.00, NULL, '');
INSERT INTO `orders` VALUES (0, '2018-08-09 00:00:00', '5699569414', '5824739244', '2-6ddf875e-b738', 1.20, 0.00, 0.00, NULL, '');
INSERT INTO `orders` VALUES (0, '2018-08-09 00:00:00', '5699569414', '5845973926', '2-307afc1e-9910', 7.00, 0.00, 0.00, NULL, '');
INSERT INTO `orders` VALUES (0, '2018-08-09 00:00:00', '5699569414', '5845973926', '2-6ddf875e-b738', 7.00, 0.00, 0.00, NULL, '');
INSERT INTO `orders` VALUES (0, '2018-08-09 00:00:00', '5699569414', '5859242506', '2-307afc1e-9910', 8.00, 0.00, 0.00, NULL, '');
INSERT INTO `orders` VALUES (0, '2018-08-09 00:00:00', '5699569414', '5859242506', '2-6ddf875e-b738', 8.00, 0.00, 0.00, NULL, '');
INSERT INTO `orders` VALUES (0, '2018-08-09 00:00:00', '5699569414', '5862618468', '2-307afc1e-9910', 2.50, 0.00, 0.00, NULL, '');
INSERT INTO `orders` VALUES (0, '2018-08-09 00:00:00', '5699569414', '5862618468', '2-6ddf875e-b738', 2.50, 0.00, 0.00, NULL, '');
INSERT INTO `orders` VALUES (0, '2018-08-09 00:00:00', '5699569414', '5882224231', '2-307afc1e-9910', 1.10, 0.00, 0.00, NULL, '');
INSERT INTO `orders` VALUES (0, '2018-08-09 00:00:00', '5699569414', '5882224231', '2-6ddf875e-b738', 1.10, 0.00, 0.00, NULL, '');
INSERT INTO `orders` VALUES (0, '2018-08-09 00:00:00', '5699569414', '5918989045', '2-307afc1e-9910', 1.10, 0.00, 0.00, NULL, '');
INSERT INTO `orders` VALUES (0, '2018-08-09 00:00:00', '5699569414', '5918989045', '2-6ddf875e-b738', 1.10, 0.00, 0.00, NULL, '');
INSERT INTO `orders` VALUES (0, '2018-08-09 00:00:00', '5699569414', '5924191058', '2-307afc1e-9910', 8.00, 0.00, 0.00, NULL, '');
INSERT INTO `orders` VALUES (0, '2018-08-09 00:00:00', '5699569414', '5924191058', '2-6ddf875e-b738', 8.00, 0.00, 0.00, NULL, '');
INSERT INTO `orders` VALUES (0, '2018-08-09 00:00:00', '5699569414', '5928083942', '2-307afc1e-9910', 6.00, 0.00, 0.00, NULL, '');
INSERT INTO `orders` VALUES (0, '2018-08-09 00:00:00', '5699569414', '5928083942', '2-6ddf875e-b738', 6.00, 0.00, 0.00, NULL, '');
INSERT INTO `orders` VALUES (0, '2018-08-09 00:00:00', '5699569414', '5964010623', '2-307afc1e-9910', 45.00, 0.00, 0.00, NULL, '');
INSERT INTO `orders` VALUES (0, '2018-08-09 00:00:00', '5699569414', '5964010623', '2-6ddf875e-b738', 45.00, 0.00, 0.00, NULL, '');
INSERT INTO `orders` VALUES (0, '2018-08-09 00:00:00', '5699569414', '6001283739', '2-307afc1e-9910', 2.00, 0.00, 0.00, NULL, '');
INSERT INTO `orders` VALUES (0, '2018-08-09 00:00:00', '5699569414', '6001283739', '2-6ddf875e-b738', 2.00, 0.00, 0.00, NULL, '');
INSERT INTO `orders` VALUES (0, '2018-08-09 00:00:00', '5699569414', '6022008157', '2-307afc1e-9910', 1.10, 0.00, 0.00, NULL, '');
INSERT INTO `orders` VALUES (0, '2018-08-09 00:00:00', '5699569414', '6022008157', '2-6ddf875e-b738', 1.10, 0.00, 0.00, NULL, '');
INSERT INTO `orders` VALUES (0, '2018-08-09 00:00:00', '5699569414', '6065941223', '2-307afc1e-9910', 1.00, 0.00, 0.00, NULL, '');
INSERT INTO `orders` VALUES (0, '2018-08-09 00:00:00', '5699569414', '6065941223', '2-6ddf875e-b738', 1.00, 0.00, 0.00, NULL, '');
INSERT INTO `orders` VALUES (0, '2018-08-09 00:00:00', '5699569414', '6126824458', '2-307afc1e-9910', 11.00, 0.00, 0.00, NULL, '');
INSERT INTO `orders` VALUES (0, '2018-08-09 00:00:00', '5699569414', '6126824458', '2-6ddf875e-b738', 11.00, 0.00, 0.00, NULL, '');
INSERT INTO `orders` VALUES (0, '2018-08-09 00:00:00', '5699569414', '6244808547', '2-307afc1e-9910', 5.00, 0.00, 0.00, NULL, '');
INSERT INTO `orders` VALUES (0, '2018-08-09 00:00:00', '5699569414', '6244808547', '2-6ddf875e-b738', 5.00, 0.00, 0.00, NULL, '');
INSERT INTO `orders` VALUES (0, '2018-08-09 00:00:00', '5699569414', '6277612628', '2-307afc1e-9910', 8.50, 0.00, 0.00, NULL, '');
INSERT INTO `orders` VALUES (0, '2018-08-09 00:00:00', '5699569414', '6277612628', '2-6ddf875e-b738', 8.50, 0.00, 0.00, NULL, '');
INSERT INTO `orders` VALUES (0, '2018-08-09 00:00:00', '5699569414', '6375002341', '2-307afc1e-9910', 8.00, 0.00, 0.00, NULL, '');
INSERT INTO `orders` VALUES (0, '2018-08-09 00:00:00', '5699569414', '6375002341', '2-6ddf875e-b738', 8.00, 0.00, 0.00, NULL, '');
INSERT INTO `orders` VALUES (0, '2018-08-09 00:00:00', '5699569414', '6380213495', '2-307afc1e-9910', 13.00, 0.00, 0.00, NULL, '');
INSERT INTO `orders` VALUES (0, '2018-08-09 00:00:00', '5699569414', '6380213495', '2-6ddf875e-b738', 13.00, 0.00, 0.00, NULL, '');
INSERT INTO `orders` VALUES (0, '2018-08-09 00:00:00', '5699569414', '6418643655', '2-307afc1e-9910', 9.00, 0.00, 0.00, NULL, '');
INSERT INTO `orders` VALUES (0, '2018-08-09 00:00:00', '5699569414', '6418643655', '2-6ddf875e-b738', 9.00, 0.00, 0.00, NULL, '');
INSERT INTO `orders` VALUES (0, '2018-08-09 00:00:00', '5699569414', '6420205838', '2-307afc1e-9910', 1.30, 0.00, 0.00, NULL, '');
INSERT INTO `orders` VALUES (0, '2018-08-09 00:00:00', '5699569414', '6420205838', '2-6ddf875e-b738', 1.30, 0.00, 0.00, NULL, '');
INSERT INTO `orders` VALUES (0, '2018-08-09 00:00:00', '5699569414', '6438951213', '2-307afc1e-9910', 13.00, 0.00, 0.00, NULL, '');
INSERT INTO `orders` VALUES (0, '2018-08-09 00:00:00', '5699569414', '6438951213', '2-6ddf875e-b738', 13.00, 0.00, 0.00, NULL, '');
INSERT INTO `orders` VALUES (0, '2018-08-09 00:00:00', '5699569414', '6458996488', '2-307afc1e-9910', 12.00, 0.00, 0.00, NULL, '');
INSERT INTO `orders` VALUES (0, '2018-08-09 00:00:00', '5699569414', '6458996488', '2-6ddf875e-b738', 12.00, 0.00, 0.00, NULL, '');
INSERT INTO `orders` VALUES (0, '2018-08-09 00:00:00', '5699569414', '6466751433', '2-307afc1e-9910', 1.20, 0.00, 0.00, NULL, '');
INSERT INTO `orders` VALUES (0, '2018-08-09 00:00:00', '5699569414', '6466751433', '2-6ddf875e-b738', 1.20, 0.00, 0.00, NULL, '');
INSERT INTO `orders` VALUES (0, '2018-08-09 00:00:00', '5699569414', '6497669424', '2-307afc1e-9910', 2.50, 0.00, 0.00, NULL, '');
INSERT INTO `orders` VALUES (0, '2018-08-09 00:00:00', '5699569414', '6497669424', '2-6ddf875e-b738', 2.50, 0.00, 0.00, NULL, '');
INSERT INTO `orders` VALUES (0, '2018-08-09 00:00:00', '5699569414', '6512542255', '2-307afc1e-9910', 5.00, 0.00, 0.00, NULL, '');
INSERT INTO `orders` VALUES (0, '2018-08-09 00:00:00', '5699569414', '6512542255', '2-6ddf875e-b738', 5.00, 0.00, 0.00, NULL, '');
INSERT INTO `orders` VALUES (0, '2018-08-09 00:00:00', '5699569414', '6526989490', '2-307afc1e-9910', 30.00, 0.00, 0.00, NULL, '');
INSERT INTO `orders` VALUES (0, '2018-08-09 00:00:00', '5699569414', '6526989490', '2-6ddf875e-b738', 30.00, 0.00, 0.00, NULL, '');
INSERT INTO `orders` VALUES (0, '2018-08-09 00:00:00', '5699569414', '6564333307', '2-307afc1e-9910', 8.50, 0.00, 0.00, NULL, '');
INSERT INTO `orders` VALUES (0, '2018-08-09 00:00:00', '5699569414', '6564333307', '2-6ddf875e-b738', 8.50, 0.00, 0.00, NULL, '');
INSERT INTO `orders` VALUES (0, '2018-08-09 00:00:00', '5699569414', '6647557457', '2-307afc1e-9910', 4.50, 0.00, 0.00, NULL, '');
INSERT INTO `orders` VALUES (0, '2018-08-09 00:00:00', '5699569414', '6647557457', '2-6ddf875e-b738', 4.50, 0.00, 0.00, NULL, '');
INSERT INTO `orders` VALUES (0, '2018-08-09 00:00:00', '5699569414', '6668349642', '2-307afc1e-9910', 9.00, 0.00, 0.00, NULL, '');
INSERT INTO `orders` VALUES (0, '2018-08-09 00:00:00', '5699569414', '6668349642', '2-6ddf875e-b738', 9.00, 0.00, 0.00, NULL, '');
INSERT INTO `orders` VALUES (0, '2018-08-09 00:00:00', '5699569414', '6865217141', '2-307afc1e-9910', 9.00, 0.00, 0.00, NULL, '');
INSERT INTO `orders` VALUES (0, '2018-08-09 00:00:00', '5699569414', '6865217141', '2-6ddf875e-b738', 9.00, 0.00, 0.00, NULL, '');
INSERT INTO `orders` VALUES (0, '2018-08-09 00:00:00', '5699569414', '6872724399', '2-307afc1e-9910', 35.00, 0.00, 0.00, NULL, '');
INSERT INTO `orders` VALUES (0, '2018-08-09 00:00:00', '5699569414', '6872724399', '2-6ddf875e-b738', 35.00, 0.00, 0.00, NULL, '');
INSERT INTO `orders` VALUES (0, '2018-08-09 00:00:00', '5699569414', '6898673996', '2-307afc1e-9910', 18.00, 0.00, 0.00, NULL, '');
INSERT INTO `orders` VALUES (0, '2018-08-09 00:00:00', '5699569414', '6898673996', '2-6ddf875e-b738', 18.00, 0.00, 0.00, NULL, '');
INSERT INTO `orders` VALUES (0, '2018-08-09 00:00:00', '5699569414', '6912962156', '2-307afc1e-9910', 3.50, 0.00, 0.00, NULL, '');
INSERT INTO `orders` VALUES (0, '2018-08-09 00:00:00', '5699569414', '6912962156', '2-6ddf875e-b738', 3.50, 0.00, 0.00, NULL, '');
INSERT INTO `orders` VALUES (0, '2018-08-09 00:00:00', '5699569414', '6949650672', '2-307afc1e-9910', 1.00, 0.00, 0.00, NULL, '');
INSERT INTO `orders` VALUES (0, '2018-08-09 00:00:00', '5699569414', '6949650672', '2-6ddf875e-b738', 1.00, 0.00, 0.00, NULL, '');
INSERT INTO `orders` VALUES (0, '2018-08-09 00:00:00', '5699569414', '7043470353', '2-307afc1e-9910', 1.10, 0.00, 0.00, NULL, '');
INSERT INTO `orders` VALUES (0, '2018-08-09 00:00:00', '5699569414', '7043470353', '2-6ddf875e-b738', 1.10, 0.00, 0.00, NULL, '');
INSERT INTO `orders` VALUES (0, '2018-08-09 00:00:00', '5699569414', '7045094024', '2-307afc1e-9910', 15.00, 0.00, 0.00, NULL, '');
INSERT INTO `orders` VALUES (0, '2018-08-09 00:00:00', '5699569414', '7045094024', '2-6ddf875e-b738', 15.00, 0.00, 0.00, NULL, '');
INSERT INTO `orders` VALUES (0, '2018-08-09 00:00:00', '5699569414', '7061651843', '2-307afc1e-9910', 0.85, 0.00, 0.00, NULL, '');
INSERT INTO `orders` VALUES (0, '2018-08-09 00:00:00', '5699569414', '7061651843', '2-6ddf875e-b738', 0.85, 0.00, 0.00, NULL, '');
INSERT INTO `orders` VALUES (0, '2018-08-09 00:00:00', '5699569414', '7086896795', '2-307afc1e-9910', 4.00, 0.00, 0.00, NULL, '');
INSERT INTO `orders` VALUES (0, '2018-08-09 00:00:00', '5699569414', '7086896795', '2-6ddf875e-b738', 4.00, 0.00, 0.00, NULL, '');
INSERT INTO `orders` VALUES (0, '2018-08-09 00:00:00', '5699569414', '7103127704', '2-307afc1e-9910', 45.00, 0.00, 0.00, NULL, '');
INSERT INTO `orders` VALUES (0, '2018-08-09 00:00:00', '5699569414', '7103127704', '2-6ddf875e-b738', 45.00, 0.00, 0.00, NULL, '');
INSERT INTO `orders` VALUES (0, '2018-08-09 00:00:00', '5699569414', '7111113768', '2-307afc1e-9910', 12.00, 0.00, 0.00, NULL, '');
INSERT INTO `orders` VALUES (0, '2018-08-09 00:00:00', '5699569414', '7111113768', '2-6ddf875e-b738', 12.00, 0.00, 0.00, NULL, '');
INSERT INTO `orders` VALUES (0, '2018-08-09 00:00:00', '5699569414', '7141162769', '2-307afc1e-9910', 12.00, 0.00, 0.00, NULL, '');
INSERT INTO `orders` VALUES (0, '2018-08-09 00:00:00', '5699569414', '7141162769', '2-6ddf875e-b738', 12.00, 0.00, 0.00, NULL, '');
INSERT INTO `orders` VALUES (0, '2018-08-09 00:00:00', '5699569414', '7161453628', '2-307afc1e-9910', 1.00, 0.00, 0.00, NULL, '');
INSERT INTO `orders` VALUES (0, '2018-08-09 00:00:00', '5699569414', '7161453628', '2-6ddf875e-b738', 1.00, 0.00, 0.00, NULL, '');
INSERT INTO `orders` VALUES (0, '2018-08-09 00:00:00', '5699569414', '7274691547', '2-307afc1e-9910', 12.00, 0.00, 0.00, NULL, '');
INSERT INTO `orders` VALUES (0, '2018-08-09 00:00:00', '5699569414', '7274691547', '2-6ddf875e-b738', 12.00, 0.00, 0.00, NULL, '');
INSERT INTO `orders` VALUES (0, '2018-08-09 00:00:00', '5699569414', '7289610944', '2-307afc1e-9910', 35.00, 0.00, 0.00, NULL, '');
INSERT INTO `orders` VALUES (0, '2018-08-09 00:00:00', '5699569414', '7289610944', '2-6ddf875e-b738', 35.00, 0.00, 0.00, NULL, '');
INSERT INTO `orders` VALUES (0, '2018-08-09 00:00:00', '5699569414', '7325831945', '2-307afc1e-9910', 2.50, 0.00, 0.00, NULL, '');
INSERT INTO `orders` VALUES (0, '2018-08-09 00:00:00', '5699569414', '7325831945', '2-6ddf875e-b738', 2.50, 0.00, 0.00, NULL, '');
INSERT INTO `orders` VALUES (0, '2018-08-09 00:00:00', '5699569414', '7384054974', '2-307afc1e-9910', 11.50, 0.00, 0.00, NULL, '');
INSERT INTO `orders` VALUES (0, '2018-08-09 00:00:00', '5699569414', '7384054974', '2-6ddf875e-b738', 11.50, 0.00, 0.00, NULL, '');
INSERT INTO `orders` VALUES (0, '2018-08-09 00:00:00', '5699569414', '7546287244', '2-307afc1e-9910', 22.00, 0.00, 0.00, NULL, '');
INSERT INTO `orders` VALUES (0, '2018-08-09 00:00:00', '5699569414', '7546287244', '2-6ddf875e-b738', 22.00, 0.00, 0.00, NULL, '');
INSERT INTO `orders` VALUES (0, '2018-08-09 00:00:00', '5699569414', '7579304373', '2-307afc1e-9910', 23.00, 0.00, 0.00, NULL, '');
INSERT INTO `orders` VALUES (0, '2018-08-09 00:00:00', '5699569414', '7579304373', '2-6ddf875e-b738', 23.00, 0.00, 0.00, NULL, '');
INSERT INTO `orders` VALUES (0, '2018-08-09 00:00:00', '5699569414', '7593881042', '2-307afc1e-9910', 5.00, 0.00, 0.00, NULL, '');
INSERT INTO `orders` VALUES (0, '2018-08-09 00:00:00', '5699569414', '7593881042', '2-6ddf875e-b738', 5.00, 0.00, 0.00, NULL, '');
INSERT INTO `orders` VALUES (0, '2018-08-09 00:00:00', '5699569414', '7615368955', '2-307afc1e-9910', 65.00, 0.00, 0.00, NULL, '');
INSERT INTO `orders` VALUES (0, '2018-08-09 00:00:00', '5699569414', '7615368955', '2-6ddf875e-b738', 65.00, 0.00, 0.00, NULL, '');
INSERT INTO `orders` VALUES (0, '2018-08-09 00:00:00', '5699569414', '7615750388', '2-307afc1e-9910', 7.00, 0.00, 0.00, NULL, '');
INSERT INTO `orders` VALUES (0, '2018-08-09 00:00:00', '5699569414', '7615750388', '2-6ddf875e-b738', 7.00, 0.00, 0.00, NULL, '');
INSERT INTO `orders` VALUES (0, '2018-08-09 00:00:00', '5699569414', '7649649933', '2-307afc1e-9910', 150.00, 0.00, 0.00, NULL, '');
INSERT INTO `orders` VALUES (0, '2018-08-09 00:00:00', '5699569414', '7649649933', '2-6ddf875e-b738', 150.00, 0.00, 0.00, NULL, '');
INSERT INTO `orders` VALUES (0, '2018-08-09 00:00:00', '5699569414', '7671914417', '2-307afc1e-9910', 4.50, 0.00, 0.00, NULL, '');
INSERT INTO `orders` VALUES (0, '2018-08-09 00:00:00', '5699569414', '7671914417', '2-6ddf875e-b738', 4.50, 0.00, 0.00, NULL, '');
INSERT INTO `orders` VALUES (0, '2018-08-09 00:00:00', '5699569414', '7749739543', '2-307afc1e-9910', 5.00, 0.00, 0.00, NULL, '');
INSERT INTO `orders` VALUES (0, '2018-08-09 00:00:00', '5699569414', '7749739543', '2-6ddf875e-b738', 5.00, 0.00, 0.00, NULL, '');
INSERT INTO `orders` VALUES (0, '2018-08-09 00:00:00', '5699569414', '7797066007', '2-307afc1e-9910', 3.00, 0.00, 0.00, NULL, '');
INSERT INTO `orders` VALUES (0, '2018-08-09 00:00:00', '5699569414', '7797066007', '2-6ddf875e-b738', 3.00, 0.00, 0.00, NULL, '');
INSERT INTO `orders` VALUES (0, '2018-08-09 00:00:00', '5699569414', '7838987258', '2-307afc1e-9910', 3.00, 0.00, 0.00, NULL, '');
INSERT INTO `orders` VALUES (0, '2018-08-09 00:00:00', '5699569414', '7838987258', '2-6ddf875e-b738', 3.00, 0.00, 0.00, NULL, '');
INSERT INTO `orders` VALUES (0, '2018-08-09 00:00:00', '5699569414', '7843854261', '2-307afc1e-9910', 8.50, 0.00, 0.00, NULL, '');
INSERT INTO `orders` VALUES (0, '2018-08-09 00:00:00', '5699569414', '7843854261', '2-6ddf875e-b738', 8.50, 0.00, 0.00, NULL, '');
INSERT INTO `orders` VALUES (0, '2018-08-09 00:00:00', '5699569414', '7862046815', '2-307afc1e-9910', 1.20, 0.00, 0.00, NULL, '');
INSERT INTO `orders` VALUES (0, '2018-08-09 00:00:00', '5699569414', '7862046815', '2-6ddf875e-b738', 1.20, 0.00, 0.00, NULL, '');
INSERT INTO `orders` VALUES (0, '2018-08-09 00:00:00', '5699569414', '7863849544', '2-307afc1e-9910', 1.30, 0.00, 0.00, NULL, '');
INSERT INTO `orders` VALUES (0, '2018-08-09 00:00:00', '5699569414', '7863849544', '2-6ddf875e-b738', 1.30, 0.00, 0.00, NULL, '');
INSERT INTO `orders` VALUES (0, '2018-08-09 00:00:00', '5699569414', '7883073348', '2-307afc1e-9910', 11.50, 0.00, 0.00, NULL, '');
INSERT INTO `orders` VALUES (0, '2018-08-09 00:00:00', '5699569414', '7883073348', '2-6ddf875e-b738', 11.50, 0.00, 0.00, NULL, '');
INSERT INTO `orders` VALUES (0, '2018-08-09 00:00:00', '5699569414', '7945139022', '2-307afc1e-9910', 15.00, 0.00, 0.00, NULL, '');
INSERT INTO `orders` VALUES (0, '2018-08-09 00:00:00', '5699569414', '7945139022', '2-6ddf875e-b738', 15.00, 0.00, 0.00, NULL, '');
INSERT INTO `orders` VALUES (0, '2018-08-09 00:00:00', '5699569414', '7963058637', '2-307afc1e-9910', 10.00, 0.00, 0.00, NULL, '');
INSERT INTO `orders` VALUES (0, '2018-08-09 00:00:00', '5699569414', '7963058637', '2-6ddf875e-b738', 10.00, 0.00, 0.00, NULL, '');
INSERT INTO `orders` VALUES (0, '2018-08-09 00:00:00', '5699569414', '7963974750', '2-307afc1e-9910', 8.00, 0.00, 0.00, NULL, '');
INSERT INTO `orders` VALUES (0, '2018-08-09 00:00:00', '5699569414', '7963974750', '2-6ddf875e-b738', 8.00, 0.00, 0.00, NULL, '');
INSERT INTO `orders` VALUES (0, '2018-08-09 00:00:00', '5699569414', '8012263384', '2-307afc1e-9910', 40.00, 0.00, 0.00, NULL, '');
INSERT INTO `orders` VALUES (0, '2018-08-09 00:00:00', '5699569414', '8012263384', '2-6ddf875e-b738', 40.00, 0.00, 0.00, NULL, '');
INSERT INTO `orders` VALUES (0, '2018-08-09 00:00:00', '5699569414', '8034228775', '2-307afc1e-9910', 112.00, 0.00, 0.00, NULL, '');
INSERT INTO `orders` VALUES (0, '2018-08-09 00:00:00', '5699569414', '8034228775', '2-6ddf875e-b738', 112.00, 0.00, 0.00, NULL, '');
INSERT INTO `orders` VALUES (0, '2018-08-09 00:00:00', '5699569414', '8094580699', '2-307afc1e-9910', 6.00, 0.00, 0.00, NULL, '');
INSERT INTO `orders` VALUES (0, '2018-08-09 00:00:00', '5699569414', '8094580699', '2-6ddf875e-b738', 6.00, 0.00, 0.00, NULL, '');
INSERT INTO `orders` VALUES (0, '2018-08-09 00:00:00', '5699569414', '8102038698', '2-307afc1e-9910', 18.00, 0.00, 0.00, NULL, '');
INSERT INTO `orders` VALUES (0, '2018-08-09 00:00:00', '5699569414', '8102038698', '2-6ddf875e-b738', 18.00, 0.00, 0.00, NULL, '');
INSERT INTO `orders` VALUES (0, '2018-08-09 00:00:00', '5699569414', '8147104681', '2-307afc1e-9910', 25.00, 0.00, 0.00, NULL, '');
INSERT INTO `orders` VALUES (0, '2018-08-09 00:00:00', '5699569414', '8147104681', '2-6ddf875e-b738', 25.00, 0.00, 0.00, NULL, '');
INSERT INTO `orders` VALUES (0, '2018-08-09 00:00:00', '5699569414', '8210958178', '2-307afc1e-9910', 6.50, 0.00, 0.00, NULL, '');
INSERT INTO `orders` VALUES (0, '2018-08-09 00:00:00', '5699569414', '8210958178', '2-6ddf875e-b738', 6.50, 0.00, 0.00, NULL, '');
INSERT INTO `orders` VALUES (0, '2018-08-09 00:00:00', '5699569414', '8296971819', '2-307afc1e-9910', 0.90, 0.00, 0.00, NULL, '');
INSERT INTO `orders` VALUES (0, '2018-08-09 00:00:00', '5699569414', '8296971819', '2-6ddf875e-b738', 0.90, 0.00, 0.00, NULL, '');
INSERT INTO `orders` VALUES (0, '2018-08-09 00:00:00', '5699569414', '8309122901', '2-307afc1e-9910', 13.00, 0.00, 0.00, NULL, '');
INSERT INTO `orders` VALUES (0, '2018-08-09 00:00:00', '5699569414', '8309122901', '2-6ddf875e-b738', 13.00, 0.00, 0.00, NULL, '');
INSERT INTO `orders` VALUES (0, '2018-08-09 00:00:00', '5699569414', '8333595391', '2-307afc1e-9910', 35.00, 0.00, 0.00, NULL, '');
INSERT INTO `orders` VALUES (0, '2018-08-09 00:00:00', '5699569414', '8333595391', '2-6ddf875e-b738', 35.00, 0.00, 0.00, NULL, '');
INSERT INTO `orders` VALUES (0, '2018-08-09 00:00:00', '5699569414', '8341043567', '2-307afc1e-9910', 23.00, 0.00, 0.00, NULL, '');
INSERT INTO `orders` VALUES (0, '2018-08-09 00:00:00', '5699569414', '8341043567', '2-6ddf875e-b738', 23.00, 0.00, 0.00, NULL, '');
INSERT INTO `orders` VALUES (0, '2018-08-09 00:00:00', '5699569414', '8429230840', '2-307afc1e-9910', 6.00, 0.00, 0.00, NULL, '');
INSERT INTO `orders` VALUES (0, '2018-08-09 00:00:00', '5699569414', '8429230840', '2-6ddf875e-b738', 6.00, 0.00, 0.00, NULL, '');
INSERT INTO `orders` VALUES (0, '2018-08-09 00:00:00', '5699569414', '8457579240', '2-307afc1e-9910', 0.90, 0.00, 0.00, NULL, '');
INSERT INTO `orders` VALUES (0, '2018-08-09 00:00:00', '5699569414', '8457579240', '2-6ddf875e-b738', 0.90, 0.00, 0.00, NULL, '');
INSERT INTO `orders` VALUES (0, '2018-08-09 00:00:00', '5699569414', '8493807360', '2-307afc1e-9910', 3.00, 0.00, 0.00, NULL, '');
INSERT INTO `orders` VALUES (0, '2018-08-09 00:00:00', '5699569414', '8493807360', '2-6ddf875e-b738', 3.00, 0.00, 0.00, NULL, '');
INSERT INTO `orders` VALUES (0, '2018-08-09 00:00:00', '5699569414', '8507256892', '2-307afc1e-9910', 15.50, 0.00, 0.00, NULL, '');
INSERT INTO `orders` VALUES (0, '2018-08-09 00:00:00', '5699569414', '8507256892', '2-6ddf875e-b738', 15.50, 0.00, 0.00, NULL, '');
INSERT INTO `orders` VALUES (0, '2018-08-09 00:00:00', '5699569414', '8512527513', '2-307afc1e-9910', 4.00, 0.00, 0.00, NULL, '');
INSERT INTO `orders` VALUES (0, '2018-08-09 00:00:00', '5699569414', '8512527513', '2-6ddf875e-b738', 4.00, 0.00, 0.00, NULL, '');
INSERT INTO `orders` VALUES (0, '2018-08-09 00:00:00', '5699569414', '8559706225', '2-307afc1e-9910', 16.00, 0.00, 0.00, NULL, '');
INSERT INTO `orders` VALUES (0, '2018-08-09 00:00:00', '5699569414', '8559706225', '2-6ddf875e-b738', 16.00, 0.00, 0.00, NULL, '');
INSERT INTO `orders` VALUES (0, '2018-08-09 00:00:00', '5699569414', '8596776390', '2-307afc1e-9910', 9.00, 0.00, 0.00, NULL, '');
INSERT INTO `orders` VALUES (0, '2018-08-09 00:00:00', '5699569414', '8596776390', '2-6ddf875e-b738', 9.00, 0.00, 0.00, NULL, '');
INSERT INTO `orders` VALUES (0, '2018-08-09 00:00:00', '5699569414', '8614319524', '2-307afc1e-9910', 260.00, 0.00, 0.00, NULL, '');
INSERT INTO `orders` VALUES (0, '2018-08-09 00:00:00', '5699569414', '8614319524', '2-6ddf875e-b738', 260.00, 0.00, 0.00, NULL, '');
INSERT INTO `orders` VALUES (0, '2018-08-09 00:00:00', '5699569414', '8620607666', '2-307afc1e-9910', 3.50, 0.00, 0.00, NULL, '');
INSERT INTO `orders` VALUES (0, '2018-08-09 00:00:00', '5699569414', '8620607666', '2-6ddf875e-b738', 3.50, 0.00, 0.00, NULL, '');
INSERT INTO `orders` VALUES (0, '2018-08-09 00:00:00', '5699569414', '8641947894', '2-307afc1e-9910', 4.50, 0.00, 0.00, NULL, '');
INSERT INTO `orders` VALUES (0, '2018-08-09 00:00:00', '5699569414', '8641947894', '2-6ddf875e-b738', 4.50, 0.00, 0.00, NULL, '');
INSERT INTO `orders` VALUES (0, '2018-08-09 00:00:00', '5699569414', '8726765162', '2-307afc1e-9910', 1.20, 0.00, 0.00, NULL, '');
INSERT INTO `orders` VALUES (0, '2018-08-09 00:00:00', '5699569414', '8726765162', '2-6ddf875e-b738', 1.20, 0.00, 0.00, NULL, '');
INSERT INTO `orders` VALUES (0, '2018-08-09 00:00:00', '5699569414', '8764267383', '2-307afc1e-9910', 0.80, 0.00, 0.00, NULL, '');
INSERT INTO `orders` VALUES (0, '2018-08-09 00:00:00', '5699569414', '8764267383', '2-6ddf875e-b738', 0.80, 0.00, 0.00, NULL, '');
INSERT INTO `orders` VALUES (0, '2018-08-09 00:00:00', '5699569414', '8774791780', '2-307afc1e-9910', 10.00, 0.00, 0.00, NULL, '');
INSERT INTO `orders` VALUES (0, '2018-08-09 00:00:00', '5699569414', '8774791780', '2-6ddf875e-b738', 10.00, 0.00, 0.00, NULL, '');
INSERT INTO `orders` VALUES (0, '2018-08-09 00:00:00', '5699569414', '8985870590', '2-307afc1e-9910', 4.00, 0.00, 0.00, NULL, '');
INSERT INTO `orders` VALUES (0, '2018-08-09 00:00:00', '5699569414', '8985870590', '2-6ddf875e-b738', 4.00, 0.00, 0.00, NULL, '');
INSERT INTO `orders` VALUES (0, '2018-08-09 00:00:00', '5699569414', '9001062832', '2-307afc1e-9910', 11.50, 0.00, 0.00, NULL, '');
INSERT INTO `orders` VALUES (0, '2018-08-09 00:00:00', '5699569414', '9001062832', '2-6ddf875e-b738', 11.50, 0.00, 0.00, NULL, '');
INSERT INTO `orders` VALUES (0, '2018-08-09 00:00:00', '5699569414', '9004622336', '2-307afc1e-9910', 0.80, 0.00, 0.00, NULL, '');
INSERT INTO `orders` VALUES (0, '2018-08-09 00:00:00', '5699569414', '9004622336', '2-6ddf875e-b738', 0.80, 0.00, 0.00, NULL, '');
INSERT INTO `orders` VALUES (0, '2018-08-09 00:00:00', '5699569414', '9012657274', '2-307afc1e-9910', 4.00, 0.00, 0.00, NULL, '');
INSERT INTO `orders` VALUES (0, '2018-08-09 00:00:00', '5699569414', '9012657274', '2-6ddf875e-b738', 4.00, 0.00, 0.00, NULL, '');
INSERT INTO `orders` VALUES (0, '2018-08-09 00:00:00', '5699569414', '9017134824', '2-307afc1e-9910', 13.00, 0.00, 0.00, NULL, '');
INSERT INTO `orders` VALUES (0, '2018-08-09 00:00:00', '5699569414', '9017134824', '2-6ddf875e-b738', 13.00, 0.00, 0.00, NULL, '');
INSERT INTO `orders` VALUES (0, '2018-08-09 00:00:00', '5699569414', '9084077863', '2-307afc1e-9910', 8.00, 0.00, 0.00, NULL, '');
INSERT INTO `orders` VALUES (0, '2018-08-09 00:00:00', '5699569414', '9084077863', '2-6ddf875e-b738', 8.00, 0.00, 0.00, NULL, '');
INSERT INTO `orders` VALUES (0, '2018-08-09 00:00:00', '5699569414', '9098838391', '2-307afc1e-9910', 1.10, 0.00, 0.00, NULL, '');
INSERT INTO `orders` VALUES (0, '2018-08-09 00:00:00', '5699569414', '9098838391', '2-6ddf875e-b738', 1.10, 0.00, 0.00, NULL, '');
INSERT INTO `orders` VALUES (0, '2018-08-09 00:00:00', '5699569414', '9266709676', '2-307afc1e-9910', 1.00, 0.00, 0.00, NULL, '');
INSERT INTO `orders` VALUES (0, '2018-08-09 00:00:00', '5699569414', '9266709676', '2-6ddf875e-b738', 1.00, 0.00, 0.00, NULL, '');
INSERT INTO `orders` VALUES (0, '2018-08-09 00:00:00', '5699569414', '9269385462', '2-307afc1e-9910', 165.00, 0.00, 0.00, NULL, '');
INSERT INTO `orders` VALUES (0, '2018-08-09 00:00:00', '5699569414', '9269385462', '2-6ddf875e-b738', 165.00, 0.00, 0.00, NULL, '');
INSERT INTO `orders` VALUES (0, '2018-08-09 00:00:00', '5699569414', '9293911524', '2-307afc1e-9910', 2.50, 0.00, 0.00, NULL, '');
INSERT INTO `orders` VALUES (0, '2018-08-09 00:00:00', '5699569414', '9293911524', '2-6ddf875e-b738', 2.50, 0.00, 0.00, NULL, '');
INSERT INTO `orders` VALUES (0, '2018-08-09 00:00:00', '5699569414', '9324935106', '2-307afc1e-9910', 1.20, 0.00, 0.00, NULL, '');
INSERT INTO `orders` VALUES (0, '2018-08-09 00:00:00', '5699569414', '9324935106', '2-6ddf875e-b738', 1.20, 0.00, 0.00, NULL, '');
INSERT INTO `orders` VALUES (0, '2018-08-09 00:00:00', '5699569414', '9332182245', '2-307afc1e-9910', 3.00, 0.00, 0.00, NULL, '');
INSERT INTO `orders` VALUES (0, '2018-08-09 00:00:00', '5699569414', '9332182245', '2-6ddf875e-b738', 3.00, 0.00, 0.00, NULL, '');
INSERT INTO `orders` VALUES (0, '2018-08-09 00:00:00', '5699569414', '9352724164', '2-307afc1e-9910', 17.00, 0.00, 0.00, NULL, '');
INSERT INTO `orders` VALUES (0, '2018-08-09 00:00:00', '5699569414', '9352724164', '2-6ddf875e-b738', 17.00, 0.00, 0.00, NULL, '');
INSERT INTO `orders` VALUES (0, '2018-08-09 00:00:00', '5699569414', '9409057759', '2-307afc1e-9910', 2.50, 0.00, 0.00, NULL, '');
INSERT INTO `orders` VALUES (0, '2018-08-09 00:00:00', '5699569414', '9409057759', '2-6ddf875e-b738', 2.50, 0.00, 0.00, NULL, '');
INSERT INTO `orders` VALUES (0, '2018-08-09 00:00:00', '5699569414', '9442631342', '2-307afc1e-9910', 5.00, 0.00, 0.00, NULL, '');
INSERT INTO `orders` VALUES (0, '2018-08-09 00:00:00', '5699569414', '9442631342', '2-6ddf875e-b738', 5.00, 0.00, 0.00, NULL, '');
INSERT INTO `orders` VALUES (0, '2018-08-09 00:00:00', '5699569414', '9491454388', '2-307afc1e-9910', 6.00, 0.00, 0.00, NULL, '');
INSERT INTO `orders` VALUES (0, '2018-08-09 00:00:00', '5699569414', '9491454388', '2-6ddf875e-b738', 6.00, 0.00, 0.00, NULL, '');
INSERT INTO `orders` VALUES (0, '2018-08-09 00:00:00', '5699569414', '9591999672', '2-307afc1e-9910', 50.00, 0.00, 0.00, NULL, '');
INSERT INTO `orders` VALUES (0, '2018-08-09 00:00:00', '5699569414', '9591999672', '2-6ddf875e-b738', 50.00, 0.00, 0.00, NULL, '');
INSERT INTO `orders` VALUES (0, '2018-08-09 00:00:00', '5699569414', '9680295770', '2-307afc1e-9910', 1.00, 0.00, 0.00, NULL, '');
INSERT INTO `orders` VALUES (0, '2018-08-09 00:00:00', '5699569414', '9680295770', '2-6ddf875e-b738', 1.00, 0.00, 0.00, NULL, '');
INSERT INTO `orders` VALUES (0, '2018-08-09 00:00:00', '5699569414', '9755692256', '2-307afc1e-9910', 3.50, 0.00, 0.00, NULL, '');
INSERT INTO `orders` VALUES (0, '2018-08-09 00:00:00', '5699569414', '9755692256', '2-6ddf875e-b738', 3.50, 0.00, 0.00, NULL, '');
INSERT INTO `orders` VALUES (0, '2018-08-09 00:00:00', '5699569414', '9908727289', '2-307afc1e-9910', 3.00, 0.00, 0.00, NULL, '');
INSERT INTO `orders` VALUES (0, '2018-08-09 00:00:00', '5699569414', '9908727289', '2-6ddf875e-b738', 3.00, 0.00, 0.00, NULL, '');
INSERT INTO `orders` VALUES (0, '2018-08-09 00:00:00', '5699569414', '9914435668', '2-307afc1e-9910', 2.40, 0.00, 0.00, NULL, '');
INSERT INTO `orders` VALUES (0, '2018-08-09 00:00:00', '5699569414', '9914435668', '2-6ddf875e-b738', 2.40, 0.00, 0.00, NULL, '');
INSERT INTO `orders` VALUES (0, '2018-08-09 00:00:00', '5699569414', '9970027287', '2-307afc1e-9910', 11.00, 0.00, 0.00, NULL, '');
INSERT INTO `orders` VALUES (0, '2018-08-09 00:00:00', '5699569414', '9970027287', '2-6ddf875e-b738', 11.00, 0.00, 0.00, NULL, '');
INSERT INTO `orders` VALUES (0, '2018-08-10 00:00:00', '5699569414', '1041469823', '1', 8.00, 0.00, 0.00, NULL, '');
INSERT INTO `orders` VALUES (0, '2018-08-10 00:00:00', '5699569414', '1041469823', '2-4ea55c3c-6d16', 8.00, 0.00, 0.00, NULL, '');
INSERT INTO `orders` VALUES (0, '2018-08-10 00:00:00', '5699569414', '1042606726', '1', 5.00, 0.00, 0.00, NULL, '');
INSERT INTO `orders` VALUES (0, '2018-08-10 00:00:00', '5699569414', '1042606726', '2-4ea55c3c-6d16', 5.00, 0.00, 0.00, NULL, '');
INSERT INTO `orders` VALUES (0, '2018-08-10 00:00:00', '5699569414', '1046188992', '1', 6.00, 0.00, 0.00, NULL, '');
INSERT INTO `orders` VALUES (0, '2018-08-10 00:00:00', '5699569414', '1046188992', '2-4ea55c3c-6d16', 6.00, 0.00, 0.00, NULL, '');
INSERT INTO `orders` VALUES (0, '2018-08-10 00:00:00', '5699569414', '1058568708', '1', 12.00, 0.00, 0.00, NULL, '');
INSERT INTO `orders` VALUES (0, '2018-08-10 00:00:00', '5699569414', '1058568708', '2-4ea55c3c-6d16', 12.00, 0.00, 0.00, NULL, '');
INSERT INTO `orders` VALUES (0, '2018-08-10 00:00:00', '5699569414', '1119882026', '1', 15.00, 0.00, 0.00, NULL, '');
INSERT INTO `orders` VALUES (0, '2018-08-10 00:00:00', '5699569414', '1119882026', '2-4ea55c3c-6d16', 15.00, 0.00, 0.00, NULL, '');
INSERT INTO `orders` VALUES (0, '2018-08-10 00:00:00', '5699569414', '1253110852', '1', 9.00, 0.00, 0.00, NULL, '');
INSERT INTO `orders` VALUES (0, '2018-08-10 00:00:00', '5699569414', '1253110852', '2-4ea55c3c-6d16', 9.00, 0.00, 0.00, NULL, '');
INSERT INTO `orders` VALUES (0, '2018-08-10 00:00:00', '5699569414', '1278639234', '1', 10.00, 0.00, 0.00, NULL, '');
INSERT INTO `orders` VALUES (0, '2018-08-10 00:00:00', '5699569414', '1278639234', '2-4ea55c3c-6d16', 10.00, 0.00, 0.00, NULL, '');
INSERT INTO `orders` VALUES (0, '2018-08-10 00:00:00', '5699569414', '1296095373', '1', 1.10, 2.00, 2.20, NULL, '');
INSERT INTO `orders` VALUES (0, '2018-08-10 00:00:00', '5699569414', '1296095373', '2-4ea55c3c-6d16', 1.10, 0.00, 0.00, NULL, '');
INSERT INTO `orders` VALUES (0, '2018-08-10 00:00:00', '5699569414', '1299761438', '1', 1.00, 5.00, 5.00, NULL, '');
INSERT INTO `orders` VALUES (0, '2018-08-10 00:00:00', '5699569414', '1299761438', '2-4ea55c3c-6d16', 1.00, 0.00, 0.00, NULL, '');
INSERT INTO `orders` VALUES (0, '2018-08-10 00:00:00', '5699569414', '1325688661', '1', 1.60, 0.00, 0.00, NULL, '');
INSERT INTO `orders` VALUES (0, '2018-08-10 00:00:00', '5699569414', '1325688661', '2-4ea55c3c-6d16', 1.60, 0.00, 0.00, NULL, '');
INSERT INTO `orders` VALUES (0, '2018-08-10 00:00:00', '5699569414', '1381082106', '1', 1.80, 6.00, 10.80, NULL, '');
INSERT INTO `orders` VALUES (0, '2018-08-10 00:00:00', '5699569414', '1381082106', '2-4ea55c3c-6d16', 1.80, 0.00, 0.00, NULL, '');
INSERT INTO `orders` VALUES (0, '2018-08-10 00:00:00', '5699569414', '1431930409', '1', 4.00, 0.00, 0.00, NULL, '');
INSERT INTO `orders` VALUES (0, '2018-08-10 00:00:00', '5699569414', '1431930409', '2-4ea55c3c-6d16', 4.00, 0.00, 0.00, NULL, '');
INSERT INTO `orders` VALUES (0, '2018-08-10 00:00:00', '5699569414', '1617370687', '1', 165.00, 0.00, 0.00, NULL, '');
INSERT INTO `orders` VALUES (0, '2018-08-10 00:00:00', '5699569414', '1617370687', '2-4ea55c3c-6d16', 165.00, 0.00, 0.00, NULL, '');
INSERT INTO `orders` VALUES (0, '2018-08-10 00:00:00', '5699569414', '1686051240', '1', 9.00, 0.00, 0.00, NULL, '');
INSERT INTO `orders` VALUES (0, '2018-08-10 00:00:00', '5699569414', '1686051240', '2-4ea55c3c-6d16', 9.00, 0.00, 0.00, NULL, '');
INSERT INTO `orders` VALUES (0, '2018-08-10 00:00:00', '5699569414', '1693167624', '1', 0.90, 0.00, 0.00, NULL, '');
INSERT INTO `orders` VALUES (0, '2018-08-10 00:00:00', '5699569414', '1693167624', '2-4ea55c3c-6d16', 0.90, 0.00, 0.00, NULL, '');
INSERT INTO `orders` VALUES (0, '2018-08-10 00:00:00', '5699569414', '1773025230', '1', 11.00, 0.00, 0.00, NULL, '');
INSERT INTO `orders` VALUES (0, '2018-08-10 00:00:00', '5699569414', '1773025230', '2-4ea55c3c-6d16', 11.00, 0.00, 0.00, NULL, '');
INSERT INTO `orders` VALUES (0, '2018-08-10 00:00:00', '5699569414', '1782077120', '1', 10.00, 0.00, 0.00, NULL, '');
INSERT INTO `orders` VALUES (0, '2018-08-10 00:00:00', '5699569414', '1782077120', '2-4ea55c3c-6d16', 10.00, 0.00, 0.00, NULL, '');
INSERT INTO `orders` VALUES (0, '2018-08-10 00:00:00', '5699569414', '1843039038', '1', 5.00, 0.00, 0.00, NULL, '');
INSERT INTO `orders` VALUES (0, '2018-08-10 00:00:00', '5699569414', '1843039038', '2-4ea55c3c-6d16', 5.00, 0.00, 0.00, NULL, '');
INSERT INTO `orders` VALUES (0, '2018-08-10 00:00:00', '5699569414', '1875977295', '1', 13.00, 0.00, 0.00, NULL, '');
INSERT INTO `orders` VALUES (0, '2018-08-10 00:00:00', '5699569414', '1875977295', '2-4ea55c3c-6d16', 13.00, 0.00, 0.00, NULL, '');
INSERT INTO `orders` VALUES (0, '2018-08-10 00:00:00', '5699569414', '1882866591', '1', 12.50, 0.00, 0.00, NULL, '');
INSERT INTO `orders` VALUES (0, '2018-08-10 00:00:00', '5699569414', '1882866591', '2-4ea55c3c-6d16', 12.50, 0.00, 0.00, NULL, '');
INSERT INTO `orders` VALUES (0, '2018-08-10 00:00:00', '5699569414', '1887593880', '1', 9.00, 0.00, 0.00, NULL, '');
INSERT INTO `orders` VALUES (0, '2018-08-10 00:00:00', '5699569414', '1887593880', '2-4ea55c3c-6d16', 9.00, 0.00, 0.00, NULL, '');
INSERT INTO `orders` VALUES (0, '2018-08-10 00:00:00', '5699569414', '1964137379', '1', 4.00, 0.00, 0.00, NULL, '');
INSERT INTO `orders` VALUES (0, '2018-08-10 00:00:00', '5699569414', '1964137379', '2-4ea55c3c-6d16', 4.00, 0.00, 0.00, NULL, '');
INSERT INTO `orders` VALUES (0, '2018-08-10 00:00:00', '5699569414', '2059731698', '1', 1.30, 0.00, 0.00, NULL, '');
INSERT INTO `orders` VALUES (0, '2018-08-10 00:00:00', '5699569414', '2059731698', '2-4ea55c3c-6d16', 1.30, 5.00, 6.50, NULL, '');
INSERT INTO `orders` VALUES (0, '2018-08-10 00:00:00', '5699569414', '2092387274', '1', 0.80, 0.00, 0.00, NULL, '');
INSERT INTO `orders` VALUES (0, '2018-08-10 00:00:00', '5699569414', '2092387274', '2-4ea55c3c-6d16', 0.80, 0.00, 0.00, NULL, '');
INSERT INTO `orders` VALUES (0, '2018-08-10 00:00:00', '5699569414', '2144477998', '1', 1.10, 0.00, 0.00, NULL, '');
INSERT INTO `orders` VALUES (0, '2018-08-10 00:00:00', '5699569414', '2144477998', '2-4ea55c3c-6d16', 1.10, 0.00, 0.00, NULL, '');
INSERT INTO `orders` VALUES (0, '2018-08-10 00:00:00', '5699569414', '2217839163', '1', 15.00, 0.00, 0.00, NULL, '');
INSERT INTO `orders` VALUES (0, '2018-08-10 00:00:00', '5699569414', '2217839163', '2-4ea55c3c-6d16', 15.00, 0.00, 0.00, NULL, '');
INSERT INTO `orders` VALUES (0, '2018-08-10 00:00:00', '5699569414', '2218391566', '1', 3.45, 0.00, 0.00, NULL, '');
INSERT INTO `orders` VALUES (0, '2018-08-10 00:00:00', '5699569414', '2218391566', '2-4ea55c3c-6d16', 3.45, 0.00, 0.00, NULL, '');
INSERT INTO `orders` VALUES (0, '2018-08-10 00:00:00', '5699569414', '2340144496', '1', 9.00, 0.00, 0.00, NULL, '');
INSERT INTO `orders` VALUES (0, '2018-08-10 00:00:00', '5699569414', '2340144496', '2-4ea55c3c-6d16', 9.00, 0.00, 0.00, NULL, '');
INSERT INTO `orders` VALUES (0, '2018-08-10 00:00:00', '5699569414', '2376115770', '1', 4.00, 0.00, 0.00, NULL, '');
INSERT INTO `orders` VALUES (0, '2018-08-10 00:00:00', '5699569414', '2376115770', '2-4ea55c3c-6d16', 4.00, 0.00, 0.00, NULL, '');
INSERT INTO `orders` VALUES (0, '2018-08-10 00:00:00', '5699569414', '2386592860', '1', 10.00, 0.00, 0.00, NULL, '');
INSERT INTO `orders` VALUES (0, '2018-08-10 00:00:00', '5699569414', '2386592860', '2-4ea55c3c-6d16', 10.00, 0.00, 0.00, NULL, '');
INSERT INTO `orders` VALUES (0, '2018-08-10 00:00:00', '5699569414', '2402044242', '1', 0.70, 0.00, 0.00, NULL, '');
INSERT INTO `orders` VALUES (0, '2018-08-10 00:00:00', '5699569414', '2402044242', '2-4ea55c3c-6d16', 0.70, 10.00, 7.00, NULL, '');
INSERT INTO `orders` VALUES (0, '2018-08-10 00:00:00', '5699569414', '2439481821', '1', 1.10, 0.00, 0.00, NULL, '');
INSERT INTO `orders` VALUES (0, '2018-08-10 00:00:00', '5699569414', '2439481821', '2-4ea55c3c-6d16', 1.10, 0.00, 0.00, NULL, '');
INSERT INTO `orders` VALUES (0, '2018-08-10 00:00:00', '5699569414', '2447068729', '1', 6.50, 0.00, 0.00, NULL, '');
INSERT INTO `orders` VALUES (0, '2018-08-10 00:00:00', '5699569414', '2447068729', '2-4ea55c3c-6d16', 6.50, 0.00, 0.00, NULL, '');
INSERT INTO `orders` VALUES (0, '2018-08-10 00:00:00', '5699569414', '2470669174', '1', 165.00, 0.00, 0.00, NULL, '');
INSERT INTO `orders` VALUES (0, '2018-08-10 00:00:00', '5699569414', '2470669174', '2-4ea55c3c-6d16', 165.00, 0.00, 0.00, NULL, '');
INSERT INTO `orders` VALUES (0, '2018-08-10 00:00:00', '5699569414', '2489986206', '1', 10.00, 0.00, 0.00, NULL, '');
INSERT INTO `orders` VALUES (0, '2018-08-10 00:00:00', '5699569414', '2489986206', '2-4ea55c3c-6d16', 10.00, 0.00, 0.00, NULL, '');
INSERT INTO `orders` VALUES (0, '2018-08-10 00:00:00', '5699569414', '2518784346', '1', 1.90, 0.00, 0.00, NULL, '');
INSERT INTO `orders` VALUES (0, '2018-08-10 00:00:00', '5699569414', '2518784346', '2-4ea55c3c-6d16', 1.90, 10.00, 19.00, NULL, '');
INSERT INTO `orders` VALUES (0, '2018-08-10 00:00:00', '5699569414', '2622033657', '1', 1.00, 0.00, 0.00, NULL, '');
INSERT INTO `orders` VALUES (0, '2018-08-10 00:00:00', '5699569414', '2622033657', '2-4ea55c3c-6d16', 1.00, 0.00, 0.00, NULL, '');
INSERT INTO `orders` VALUES (0, '2018-08-10 00:00:00', '5699569414', '2665881419', '1', 3.50, 0.00, 0.00, NULL, '');
INSERT INTO `orders` VALUES (0, '2018-08-10 00:00:00', '5699569414', '2665881419', '2-4ea55c3c-6d16', 3.50, 0.00, 0.00, NULL, '');
INSERT INTO `orders` VALUES (0, '2018-08-10 00:00:00', '5699569414', '2706579578', '1', 33.00, 0.00, 0.00, NULL, '');
INSERT INTO `orders` VALUES (0, '2018-08-10 00:00:00', '5699569414', '2706579578', '2-4ea55c3c-6d16', 33.00, 0.00, 0.00, NULL, '');
INSERT INTO `orders` VALUES (0, '2018-08-10 00:00:00', '5699569414', '2891769070', '1', 3.00, 0.00, 0.00, NULL, '');
INSERT INTO `orders` VALUES (0, '2018-08-10 00:00:00', '5699569414', '2891769070', '2-4ea55c3c-6d16', 3.00, 0.00, 0.00, NULL, '');
INSERT INTO `orders` VALUES (0, '2018-08-10 00:00:00', '5699569414', '2939243318', '1', 11.00, 0.00, 0.00, NULL, '');
INSERT INTO `orders` VALUES (0, '2018-08-10 00:00:00', '5699569414', '2939243318', '2-4ea55c3c-6d16', 11.00, 0.00, 0.00, NULL, '');
INSERT INTO `orders` VALUES (0, '2018-08-10 00:00:00', '5699569414', '3016444663', '1', 1.00, 0.00, 0.00, NULL, '');
INSERT INTO `orders` VALUES (0, '2018-08-10 00:00:00', '5699569414', '3016444663', '2-4ea55c3c-6d16', 1.00, 0.00, 0.00, NULL, '');
INSERT INTO `orders` VALUES (0, '2018-08-10 00:00:00', '5699569414', '3023632558', '1', 1.40, 0.00, 0.00, NULL, '');
INSERT INTO `orders` VALUES (0, '2018-08-10 00:00:00', '5699569414', '3023632558', '2-4ea55c3c-6d16', 1.40, 0.00, 0.00, NULL, '');
INSERT INTO `orders` VALUES (0, '2018-08-10 00:00:00', '5699569414', '3056817336', '1', 1.10, 0.00, 0.00, NULL, '');
INSERT INTO `orders` VALUES (0, '2018-08-10 00:00:00', '5699569414', '3056817336', '2-4ea55c3c-6d16', 1.10, 0.00, 0.00, NULL, '');
INSERT INTO `orders` VALUES (0, '2018-08-10 00:00:00', '5699569414', '3094205075', '1', 18.50, 0.00, 0.00, NULL, '');
INSERT INTO `orders` VALUES (0, '2018-08-10 00:00:00', '5699569414', '3094205075', '2-4ea55c3c-6d16', 18.50, 0.00, 0.00, NULL, '');
INSERT INTO `orders` VALUES (0, '2018-08-10 00:00:00', '5699569414', '3099892929', '1', 1.50, 0.00, 0.00, NULL, '');
INSERT INTO `orders` VALUES (0, '2018-08-10 00:00:00', '5699569414', '3099892929', '2-4ea55c3c-6d16', 1.50, 5.00, 7.50, NULL, '');
INSERT INTO `orders` VALUES (0, '2018-08-10 00:00:00', '5699569414', '3160041190', '1', 16.00, 0.00, 0.00, NULL, '');
INSERT INTO `orders` VALUES (0, '2018-08-10 00:00:00', '5699569414', '3160041190', '2-4ea55c3c-6d16', 16.00, 0.00, 0.00, NULL, '');
INSERT INTO `orders` VALUES (0, '2018-08-10 00:00:00', '5699569414', '3162567339', '1', 1.20, 0.00, 0.00, NULL, '');
INSERT INTO `orders` VALUES (0, '2018-08-10 00:00:00', '5699569414', '3162567339', '2-4ea55c3c-6d16', 1.20, 0.00, 0.00, NULL, '');
INSERT INTO `orders` VALUES (0, '2018-08-10 00:00:00', '5699569414', '3178759691', '1', 1.20, 0.00, 0.00, NULL, '');
INSERT INTO `orders` VALUES (0, '2018-08-10 00:00:00', '5699569414', '3178759691', '2-4ea55c3c-6d16', 1.20, 0.00, 0.00, NULL, '');
INSERT INTO `orders` VALUES (0, '2018-08-10 00:00:00', '5699569414', '3188702778', '1', 3.00, 0.00, 0.00, NULL, '');
INSERT INTO `orders` VALUES (0, '2018-08-10 00:00:00', '5699569414', '3188702778', '2-4ea55c3c-6d16', 3.00, 0.00, 0.00, NULL, '');
INSERT INTO `orders` VALUES (0, '2018-08-10 00:00:00', '5699569414', '3243098095', '1', 9.50, 0.00, 0.00, NULL, '');
INSERT INTO `orders` VALUES (0, '2018-08-10 00:00:00', '5699569414', '3243098095', '2-4ea55c3c-6d16', 9.50, 0.00, 0.00, NULL, '');
INSERT INTO `orders` VALUES (0, '2018-08-10 00:00:00', '5699569414', '3419469228', '1', 2.00, 0.00, 0.00, NULL, '');
INSERT INTO `orders` VALUES (0, '2018-08-10 00:00:00', '5699569414', '3419469228', '2-4ea55c3c-6d16', 2.00, 0.00, 0.00, NULL, '');
INSERT INTO `orders` VALUES (0, '2018-08-10 00:00:00', '5699569414', '3444024192', '1', 1.30, 0.00, 0.00, NULL, '');
INSERT INTO `orders` VALUES (0, '2018-08-10 00:00:00', '5699569414', '3444024192', '2-4ea55c3c-6d16', 1.30, 0.00, 0.00, NULL, '');
INSERT INTO `orders` VALUES (0, '2018-08-10 00:00:00', '5699569414', '3448485863', '1', 2.00, 0.00, 0.00, NULL, '');
INSERT INTO `orders` VALUES (0, '2018-08-10 00:00:00', '5699569414', '3448485863', '2-4ea55c3c-6d16', 2.00, 0.00, 0.00, NULL, '');
INSERT INTO `orders` VALUES (0, '2018-08-10 00:00:00', '5699569414', '3497438452', '1', 4.50, 0.00, 0.00, NULL, '');
INSERT INTO `orders` VALUES (0, '2018-08-10 00:00:00', '5699569414', '3497438452', '2-4ea55c3c-6d16', 4.50, 0.00, 0.00, NULL, '');
INSERT INTO `orders` VALUES (0, '2018-08-10 00:00:00', '5699569414', '3591198584', '1', 15.00, 0.00, 0.00, NULL, '');
INSERT INTO `orders` VALUES (0, '2018-08-10 00:00:00', '5699569414', '3591198584', '2-4ea55c3c-6d16', 15.00, 0.00, 0.00, NULL, '');
INSERT INTO `orders` VALUES (0, '2018-08-10 00:00:00', '5699569414', '3617680481', '1', 8.00, 0.00, 0.00, NULL, '');
INSERT INTO `orders` VALUES (0, '2018-08-10 00:00:00', '5699569414', '3617680481', '2-4ea55c3c-6d16', 8.00, 0.00, 0.00, NULL, '');
INSERT INTO `orders` VALUES (0, '2018-08-10 00:00:00', '5699569414', '3661049799', '1', 7.00, 0.00, 0.00, NULL, '');
INSERT INTO `orders` VALUES (0, '2018-08-10 00:00:00', '5699569414', '3661049799', '2-4ea55c3c-6d16', 7.00, 0.00, 0.00, NULL, '');
INSERT INTO `orders` VALUES (0, '2018-08-10 00:00:00', '5699569414', '3732823387', '1', 2.30, 0.00, 0.00, NULL, '');
INSERT INTO `orders` VALUES (0, '2018-08-10 00:00:00', '5699569414', '3732823387', '2-4ea55c3c-6d16', 2.30, 0.00, 0.00, NULL, '');
INSERT INTO `orders` VALUES (0, '2018-08-10 00:00:00', '5699569414', '3740315096', '1', 1.30, 0.00, 0.00, NULL, '');
INSERT INTO `orders` VALUES (0, '2018-08-10 00:00:00', '5699569414', '3740315096', '2-4ea55c3c-6d16', 1.30, 0.00, 0.00, NULL, '');
INSERT INTO `orders` VALUES (0, '2018-08-10 00:00:00', '5699569414', '3774722053', '1', 1.20, 0.00, 0.00, NULL, '');
INSERT INTO `orders` VALUES (0, '2018-08-10 00:00:00', '5699569414', '3774722053', '2-4ea55c3c-6d16', 1.20, 0.00, 0.00, NULL, '');
INSERT INTO `orders` VALUES (0, '2018-08-10 00:00:00', '5699569414', '3780568777', '1', 33.00, 0.00, 0.00, NULL, '');
INSERT INTO `orders` VALUES (0, '2018-08-10 00:00:00', '5699569414', '3780568777', '2-4ea55c3c-6d16', 33.00, 0.00, 0.00, NULL, '');
INSERT INTO `orders` VALUES (0, '2018-08-10 00:00:00', '5699569414', '3805459728', '1', 2.20, 0.00, 0.00, NULL, '');
INSERT INTO `orders` VALUES (0, '2018-08-10 00:00:00', '5699569414', '3805459728', '2-4ea55c3c-6d16', 2.20, 0.00, 0.00, NULL, '');
INSERT INTO `orders` VALUES (0, '2018-08-10 00:00:00', '5699569414', '3956131993', '1', 12.00, 0.00, 0.00, NULL, '');
INSERT INTO `orders` VALUES (0, '2018-08-10 00:00:00', '5699569414', '3956131993', '2-4ea55c3c-6d16', 12.00, 0.00, 0.00, NULL, '');
INSERT INTO `orders` VALUES (0, '2018-08-10 00:00:00', '5699569414', '3987923651', '1', 1.00, 0.00, 0.00, NULL, '');
INSERT INTO `orders` VALUES (0, '2018-08-10 00:00:00', '5699569414', '3987923651', '2-4ea55c3c-6d16', 1.00, 0.00, 0.00, NULL, '');
INSERT INTO `orders` VALUES (0, '2018-08-10 00:00:00', '5699569414', '4037153291', '1', 7.00, 0.00, 0.00, NULL, '');
INSERT INTO `orders` VALUES (0, '2018-08-10 00:00:00', '5699569414', '4037153291', '2-4ea55c3c-6d16', 7.00, 0.00, 0.00, NULL, '');
INSERT INTO `orders` VALUES (0, '2018-08-10 00:00:00', '5699569414', '4044824591', '1', 1.00, 0.00, 0.00, NULL, '');
INSERT INTO `orders` VALUES (0, '2018-08-10 00:00:00', '5699569414', '4044824591', '2-4ea55c3c-6d16', 1.00, 0.00, 0.00, NULL, '');
INSERT INTO `orders` VALUES (0, '2018-08-10 00:00:00', '5699569414', '4076010936', '1', 9.50, 0.00, 0.00, NULL, '');
INSERT INTO `orders` VALUES (0, '2018-08-10 00:00:00', '5699569414', '4076010936', '2-4ea55c3c-6d16', 9.50, 0.00, 0.00, NULL, '');
INSERT INTO `orders` VALUES (0, '2018-08-10 00:00:00', '5699569414', '4164086601', '1', 1.50, 0.00, 0.00, NULL, '');
INSERT INTO `orders` VALUES (0, '2018-08-10 00:00:00', '5699569414', '4164086601', '2-4ea55c3c-6d16', 1.50, 0.00, 0.00, NULL, '');
INSERT INTO `orders` VALUES (0, '2018-08-10 00:00:00', '5699569414', '4169014486', '1', 7.50, 0.00, 0.00, NULL, '');
INSERT INTO `orders` VALUES (0, '2018-08-10 00:00:00', '5699569414', '4169014486', '2-4ea55c3c-6d16', 7.50, 0.00, 0.00, NULL, '');
INSERT INTO `orders` VALUES (0, '2018-08-10 00:00:00', '5699569414', '4177129835', '1', 0.90, 0.00, 0.00, NULL, '');
INSERT INTO `orders` VALUES (0, '2018-08-10 00:00:00', '5699569414', '4177129835', '2-4ea55c3c-6d16', 0.90, 0.00, 0.00, NULL, '');
INSERT INTO `orders` VALUES (0, '2018-08-10 00:00:00', '5699569414', '4202172518', '1', 6.00, 0.00, 0.00, NULL, '');
INSERT INTO `orders` VALUES (0, '2018-08-10 00:00:00', '5699569414', '4202172518', '2-4ea55c3c-6d16', 6.00, 0.00, 0.00, NULL, '');
INSERT INTO `orders` VALUES (0, '2018-08-10 00:00:00', '5699569414', '4234311537', '1', 4.00, 0.00, 0.00, NULL, '');
INSERT INTO `orders` VALUES (0, '2018-08-10 00:00:00', '5699569414', '4234311537', '2-4ea55c3c-6d16', 4.00, 0.00, 0.00, NULL, '');
INSERT INTO `orders` VALUES (0, '2018-08-10 00:00:00', '5699569414', '4340963053', '1', 23.00, 0.00, 0.00, NULL, '');
INSERT INTO `orders` VALUES (0, '2018-08-10 00:00:00', '5699569414', '4340963053', '2-4ea55c3c-6d16', 23.00, 0.00, 0.00, NULL, '');
INSERT INTO `orders` VALUES (0, '2018-08-10 00:00:00', '5699569414', '4399922351', '1', 23.00, 0.00, 0.00, NULL, '');
INSERT INTO `orders` VALUES (0, '2018-08-10 00:00:00', '5699569414', '4399922351', '2-4ea55c3c-6d16', 23.00, 0.00, 0.00, NULL, '');
INSERT INTO `orders` VALUES (0, '2018-08-10 00:00:00', '5699569414', '4411895875', '1', 15.00, 0.00, 0.00, NULL, '');
INSERT INTO `orders` VALUES (0, '2018-08-10 00:00:00', '5699569414', '4411895875', '2-4ea55c3c-6d16', 15.00, 0.00, 0.00, NULL, '');
INSERT INTO `orders` VALUES (0, '2018-08-10 00:00:00', '5699569414', '4421343082', '1', 2.50, 0.00, 0.00, NULL, '');
INSERT INTO `orders` VALUES (0, '2018-08-10 00:00:00', '5699569414', '4421343082', '2-4ea55c3c-6d16', 2.50, 0.00, 0.00, NULL, '');
INSERT INTO `orders` VALUES (0, '2018-08-10 00:00:00', '5699569414', '4434416067', '1', 5.00, 0.00, 0.00, NULL, '');
INSERT INTO `orders` VALUES (0, '2018-08-10 00:00:00', '5699569414', '4434416067', '2-4ea55c3c-6d16', 5.00, 0.00, 0.00, NULL, '');
INSERT INTO `orders` VALUES (0, '2018-08-10 00:00:00', '5699569414', '4455760666', '1', 1.40, 0.00, 0.00, NULL, '');
INSERT INTO `orders` VALUES (0, '2018-08-10 00:00:00', '5699569414', '4455760666', '2-4ea55c3c-6d16', 1.40, 0.00, 0.00, NULL, '');
INSERT INTO `orders` VALUES (0, '2018-08-10 00:00:00', '5699569414', '4591015300', '1', 7.00, 0.00, 0.00, NULL, '');
INSERT INTO `orders` VALUES (0, '2018-08-10 00:00:00', '5699569414', '4591015300', '2-4ea55c3c-6d16', 7.00, 0.00, 0.00, NULL, '');
INSERT INTO `orders` VALUES (0, '2018-08-10 00:00:00', '5699569414', '4594795794', '1', 3.00, 0.00, 0.00, NULL, '');
INSERT INTO `orders` VALUES (0, '2018-08-10 00:00:00', '5699569414', '4594795794', '2-4ea55c3c-6d16', 3.00, 0.00, 0.00, NULL, '');
INSERT INTO `orders` VALUES (0, '2018-08-10 00:00:00', '5699569414', '4685632727', '1', 200.00, 0.00, 0.00, NULL, '');
INSERT INTO `orders` VALUES (0, '2018-08-10 00:00:00', '5699569414', '4685632727', '2-4ea55c3c-6d16', 200.00, 0.00, 0.00, NULL, '');
INSERT INTO `orders` VALUES (0, '2018-08-10 00:00:00', '5699569414', '4686909047', '1', 50.00, 0.00, 0.00, NULL, '');
INSERT INTO `orders` VALUES (0, '2018-08-10 00:00:00', '5699569414', '4686909047', '2-4ea55c3c-6d16', 50.00, 0.00, 0.00, NULL, '');
INSERT INTO `orders` VALUES (0, '2018-08-10 00:00:00', '5699569414', '4712273099', '1', 123.00, 0.00, 0.00, NULL, '');
INSERT INTO `orders` VALUES (0, '2018-08-10 00:00:00', '5699569414', '4712273099', '2-4ea55c3c-6d16', 123.00, 0.00, 0.00, NULL, '');
INSERT INTO `orders` VALUES (0, '2018-08-10 00:00:00', '5699569414', '4745365835', '1', 1.10, 0.00, 0.00, NULL, '');
INSERT INTO `orders` VALUES (0, '2018-08-10 00:00:00', '5699569414', '4745365835', '2-4ea55c3c-6d16', 1.10, 0.00, 0.00, NULL, '');
INSERT INTO `orders` VALUES (0, '2018-08-10 00:00:00', '5699569414', '4766658531', '1', 1.50, 0.00, 0.00, NULL, '');
INSERT INTO `orders` VALUES (0, '2018-08-10 00:00:00', '5699569414', '4766658531', '2-4ea55c3c-6d16', 1.50, 0.00, 0.00, NULL, '');
INSERT INTO `orders` VALUES (0, '2018-08-10 00:00:00', '5699569414', '4801952018', '1', 1.30, 0.00, 0.00, NULL, '');
INSERT INTO `orders` VALUES (0, '2018-08-10 00:00:00', '5699569414', '4801952018', '2-4ea55c3c-6d16', 1.30, 0.00, 0.00, NULL, '');
INSERT INTO `orders` VALUES (0, '2018-08-10 00:00:00', '5699569414', '4812160306', '1', 7.50, 0.00, 0.00, NULL, '');
INSERT INTO `orders` VALUES (0, '2018-08-10 00:00:00', '5699569414', '4812160306', '2-4ea55c3c-6d16', 7.50, 0.00, 0.00, NULL, '');
INSERT INTO `orders` VALUES (0, '2018-08-10 00:00:00', '5699569414', '4814352197', '1', 60.00, 0.00, 0.00, NULL, '');
INSERT INTO `orders` VALUES (0, '2018-08-10 00:00:00', '5699569414', '4814352197', '2-4ea55c3c-6d16', 60.00, 0.00, 0.00, NULL, '');
INSERT INTO `orders` VALUES (0, '2018-08-10 00:00:00', '5699569414', '4822924224', '1', 0.90, 0.00, 0.00, NULL, '');
INSERT INTO `orders` VALUES (0, '2018-08-10 00:00:00', '5699569414', '4822924224', '2-4ea55c3c-6d16', 0.90, 0.00, 0.00, NULL, '');
INSERT INTO `orders` VALUES (0, '2018-08-10 00:00:00', '5699569414', '4850081664', '1', 10.00, 0.00, 0.00, NULL, '');
INSERT INTO `orders` VALUES (0, '2018-08-10 00:00:00', '5699569414', '4850081664', '2-4ea55c3c-6d16', 10.00, 0.00, 0.00, NULL, '');
INSERT INTO `orders` VALUES (0, '2018-08-10 00:00:00', '5699569414', '4896987422', '1', 60.00, 0.00, 0.00, NULL, '');
INSERT INTO `orders` VALUES (0, '2018-08-10 00:00:00', '5699569414', '4896987422', '2-4ea55c3c-6d16', 60.00, 0.00, 0.00, NULL, '');
INSERT INTO `orders` VALUES (0, '2018-08-10 00:00:00', '5699569414', '4928499129', '1', 45.00, 0.00, 0.00, NULL, '');
INSERT INTO `orders` VALUES (0, '2018-08-10 00:00:00', '5699569414', '4928499129', '2-4ea55c3c-6d16', 45.00, 0.00, 0.00, NULL, '');
INSERT INTO `orders` VALUES (0, '2018-08-10 00:00:00', '5699569414', '4957025013', '1', 5.00, 0.00, 0.00, NULL, '');
INSERT INTO `orders` VALUES (0, '2018-08-10 00:00:00', '5699569414', '4957025013', '2-4ea55c3c-6d16', 5.00, 0.00, 0.00, NULL, '');
INSERT INTO `orders` VALUES (0, '2018-08-10 00:00:00', '5699569414', '4991861029', '1', 3.00, 0.00, 0.00, NULL, '');
INSERT INTO `orders` VALUES (0, '2018-08-10 00:00:00', '5699569414', '4991861029', '2-4ea55c3c-6d16', 3.00, 0.00, 0.00, NULL, '');
INSERT INTO `orders` VALUES (0, '2018-08-10 00:00:00', '5699569414', '5040969610', '1', 1.10, 0.00, 0.00, NULL, '');
INSERT INTO `orders` VALUES (0, '2018-08-10 00:00:00', '5699569414', '5040969610', '2-4ea55c3c-6d16', 1.10, 0.00, 0.00, NULL, '');
INSERT INTO `orders` VALUES (0, '2018-08-10 00:00:00', '5699569414', '5065144201', '1', 0.80, 0.00, 0.00, NULL, '');
INSERT INTO `orders` VALUES (0, '2018-08-10 00:00:00', '5699569414', '5065144201', '2-4ea55c3c-6d16', 0.80, 0.00, 0.00, NULL, '');
INSERT INTO `orders` VALUES (0, '2018-08-10 00:00:00', '5699569414', '5089781709', '1', 2.00, 0.00, 0.00, NULL, '');
INSERT INTO `orders` VALUES (0, '2018-08-10 00:00:00', '5699569414', '5089781709', '2-4ea55c3c-6d16', 2.00, 0.00, 0.00, NULL, '');
INSERT INTO `orders` VALUES (0, '2018-08-10 00:00:00', '5699569414', '5167290843', '1', 6.00, 0.00, 0.00, NULL, '');
INSERT INTO `orders` VALUES (0, '2018-08-10 00:00:00', '5699569414', '5167290843', '2-4ea55c3c-6d16', 6.00, 0.00, 0.00, NULL, '');
INSERT INTO `orders` VALUES (0, '2018-08-10 00:00:00', '5699569414', '5184173124', '1', 7.00, 0.00, 0.00, NULL, '');
INSERT INTO `orders` VALUES (0, '2018-08-10 00:00:00', '5699569414', '5184173124', '2-4ea55c3c-6d16', 7.00, 0.00, 0.00, NULL, '');
INSERT INTO `orders` VALUES (0, '2018-08-10 00:00:00', '5699569414', '5191818306', '1', 2.00, 0.00, 0.00, NULL, '');
INSERT INTO `orders` VALUES (0, '2018-08-10 00:00:00', '5699569414', '5191818306', '2-4ea55c3c-6d16', 2.00, 0.00, 0.00, NULL, '');
INSERT INTO `orders` VALUES (0, '2018-08-10 00:00:00', '5699569414', '5203541055', '1', 1.40, 0.00, 0.00, NULL, '');
INSERT INTO `orders` VALUES (0, '2018-08-10 00:00:00', '5699569414', '5203541055', '2-4ea55c3c-6d16', 1.40, 0.00, 0.00, NULL, '');
INSERT INTO `orders` VALUES (0, '2018-08-10 00:00:00', '5699569414', '5242211150', '1', 6.50, 0.00, 0.00, NULL, '');
INSERT INTO `orders` VALUES (0, '2018-08-10 00:00:00', '5699569414', '5242211150', '2-4ea55c3c-6d16', 6.50, 0.00, 0.00, NULL, '');
INSERT INTO `orders` VALUES (0, '2018-08-10 00:00:00', '5699569414', '5252812277', '1', 1.30, 0.00, 0.00, NULL, '');
INSERT INTO `orders` VALUES (0, '2018-08-10 00:00:00', '5699569414', '5252812277', '2-4ea55c3c-6d16', 1.30, 0.00, 0.00, NULL, '');
INSERT INTO `orders` VALUES (0, '2018-08-10 00:00:00', '5699569414', '5255220090', '1', 6.50, 0.00, 0.00, NULL, '');
INSERT INTO `orders` VALUES (0, '2018-08-10 00:00:00', '5699569414', '5255220090', '2-4ea55c3c-6d16', 6.50, 0.00, 0.00, NULL, '');
INSERT INTO `orders` VALUES (0, '2018-08-10 00:00:00', '5699569414', '5299725679', '1', 1.20, 0.00, 0.00, NULL, '');
INSERT INTO `orders` VALUES (0, '2018-08-10 00:00:00', '5699569414', '5299725679', '2-4ea55c3c-6d16', 1.20, 0.00, 0.00, NULL, '');
INSERT INTO `orders` VALUES (0, '2018-08-10 00:00:00', '5699569414', '5335808266', '1', 11.00, 0.00, 0.00, NULL, '');
INSERT INTO `orders` VALUES (0, '2018-08-10 00:00:00', '5699569414', '5335808266', '2-4ea55c3c-6d16', 11.00, 0.00, 0.00, NULL, '');
INSERT INTO `orders` VALUES (0, '2018-08-10 00:00:00', '5699569414', '5347163080', '1', 4.00, 0.00, 0.00, NULL, '');
INSERT INTO `orders` VALUES (0, '2018-08-10 00:00:00', '5699569414', '5347163080', '2-4ea55c3c-6d16', 4.00, 0.00, 0.00, NULL, '');
INSERT INTO `orders` VALUES (0, '2018-08-10 00:00:00', '5699569414', '5451175943', '1', 6.50, 0.00, 0.00, NULL, '');
INSERT INTO `orders` VALUES (0, '2018-08-10 00:00:00', '5699569414', '5451175943', '2-4ea55c3c-6d16', 6.50, 0.00, 0.00, NULL, '');
INSERT INTO `orders` VALUES (0, '2018-08-10 00:00:00', '5699569414', '5504620877', '1', 3.50, 0.00, 0.00, NULL, '');
INSERT INTO `orders` VALUES (0, '2018-08-10 00:00:00', '5699569414', '5504620877', '2-4ea55c3c-6d16', 3.50, 0.00, 0.00, NULL, '');
INSERT INTO `orders` VALUES (0, '2018-08-10 00:00:00', '5699569414', '5551150325', '1', 6.50, 0.00, 0.00, NULL, '');
INSERT INTO `orders` VALUES (0, '2018-08-10 00:00:00', '5699569414', '5551150325', '2-4ea55c3c-6d16', 6.50, 0.00, 0.00, NULL, '');
INSERT INTO `orders` VALUES (0, '2018-08-10 00:00:00', '5699569414', '5607706622', '1', 3.70, 0.00, 0.00, NULL, '');
INSERT INTO `orders` VALUES (0, '2018-08-10 00:00:00', '5699569414', '5607706622', '2-4ea55c3c-6d16', 3.70, 0.00, 0.00, NULL, '');
INSERT INTO `orders` VALUES (0, '2018-08-10 00:00:00', '5699569414', '5620504187', '1', 7.00, 0.00, 0.00, NULL, '');
INSERT INTO `orders` VALUES (0, '2018-08-10 00:00:00', '5699569414', '5620504187', '2-4ea55c3c-6d16', 7.00, 0.00, 0.00, NULL, '');
INSERT INTO `orders` VALUES (0, '2018-08-10 00:00:00', '5699569414', '5663487202', '1', 3.50, 0.00, 0.00, NULL, '');
INSERT INTO `orders` VALUES (0, '2018-08-10 00:00:00', '5699569414', '5663487202', '2-4ea55c3c-6d16', 3.50, 0.00, 0.00, NULL, '');
INSERT INTO `orders` VALUES (0, '2018-08-10 00:00:00', '5699569414', '5714962799', '1', 6.00, 0.00, 0.00, NULL, '');
INSERT INTO `orders` VALUES (0, '2018-08-10 00:00:00', '5699569414', '5714962799', '2-4ea55c3c-6d16', 6.00, 0.00, 0.00, NULL, '');
INSERT INTO `orders` VALUES (0, '2018-08-10 00:00:00', '5699569414', '5715329370', '1', 1.10, 0.00, 0.00, NULL, '');
INSERT INTO `orders` VALUES (0, '2018-08-10 00:00:00', '5699569414', '5715329370', '2-4ea55c3c-6d16', 1.10, 0.00, 0.00, NULL, '');
INSERT INTO `orders` VALUES (0, '2018-08-10 00:00:00', '5699569414', '5733002595', '1', 0.80, 0.00, 0.00, NULL, '');
INSERT INTO `orders` VALUES (0, '2018-08-10 00:00:00', '5699569414', '5733002595', '2-4ea55c3c-6d16', 0.80, 0.00, 0.00, NULL, '');
INSERT INTO `orders` VALUES (0, '2018-08-10 00:00:00', '5699569414', '5766270834', '1', 20.00, 0.00, 0.00, NULL, '');
INSERT INTO `orders` VALUES (0, '2018-08-10 00:00:00', '5699569414', '5766270834', '2-4ea55c3c-6d16', 20.00, 0.00, 0.00, NULL, '');
INSERT INTO `orders` VALUES (0, '2018-08-10 00:00:00', '5699569414', '5781131408', '1', 1.50, 0.00, 0.00, NULL, '');
INSERT INTO `orders` VALUES (0, '2018-08-10 00:00:00', '5699569414', '5781131408', '2-4ea55c3c-6d16', 1.50, 0.00, 0.00, NULL, '');
INSERT INTO `orders` VALUES (0, '2018-08-10 00:00:00', '5699569414', '5824739244', '1', 1.20, 0.00, 0.00, NULL, '');
INSERT INTO `orders` VALUES (0, '2018-08-10 00:00:00', '5699569414', '5824739244', '2-4ea55c3c-6d16', 1.20, 0.00, 0.00, NULL, '');
INSERT INTO `orders` VALUES (0, '2018-08-10 00:00:00', '5699569414', '5845973926', '1', 7.00, 0.00, 0.00, NULL, '');
INSERT INTO `orders` VALUES (0, '2018-08-10 00:00:00', '5699569414', '5845973926', '2-4ea55c3c-6d16', 7.00, 0.00, 0.00, NULL, '');
INSERT INTO `orders` VALUES (0, '2018-08-10 00:00:00', '5699569414', '5859242506', '1', 8.00, 0.00, 0.00, NULL, '');
INSERT INTO `orders` VALUES (0, '2018-08-10 00:00:00', '5699569414', '5859242506', '2-4ea55c3c-6d16', 8.00, 0.00, 0.00, NULL, '');
INSERT INTO `orders` VALUES (0, '2018-08-10 00:00:00', '5699569414', '5862618468', '1', 2.50, 0.00, 0.00, NULL, '');
INSERT INTO `orders` VALUES (0, '2018-08-10 00:00:00', '5699569414', '5862618468', '2-4ea55c3c-6d16', 2.50, 0.00, 0.00, NULL, '');
INSERT INTO `orders` VALUES (0, '2018-08-10 00:00:00', '5699569414', '5882224231', '1', 1.10, 0.00, 0.00, NULL, '');
INSERT INTO `orders` VALUES (0, '2018-08-10 00:00:00', '5699569414', '5882224231', '2-4ea55c3c-6d16', 1.10, 0.00, 0.00, NULL, '');
INSERT INTO `orders` VALUES (0, '2018-08-10 00:00:00', '5699569414', '5918989045', '1', 1.10, 0.00, 0.00, NULL, '');
INSERT INTO `orders` VALUES (0, '2018-08-10 00:00:00', '5699569414', '5918989045', '2-4ea55c3c-6d16', 1.10, 0.00, 0.00, NULL, '');
INSERT INTO `orders` VALUES (0, '2018-08-10 00:00:00', '5699569414', '5924191058', '1', 8.00, 0.00, 0.00, NULL, '');
INSERT INTO `orders` VALUES (0, '2018-08-10 00:00:00', '5699569414', '5924191058', '2-4ea55c3c-6d16', 8.00, 0.00, 0.00, NULL, '');
INSERT INTO `orders` VALUES (0, '2018-08-10 00:00:00', '5699569414', '5928083942', '1', 6.00, 0.00, 0.00, NULL, '');
INSERT INTO `orders` VALUES (0, '2018-08-10 00:00:00', '5699569414', '5928083942', '2-4ea55c3c-6d16', 6.00, 0.00, 0.00, NULL, '');
INSERT INTO `orders` VALUES (0, '2018-08-10 00:00:00', '5699569414', '5964010623', '1', 45.00, 0.00, 0.00, NULL, '');
INSERT INTO `orders` VALUES (0, '2018-08-10 00:00:00', '5699569414', '5964010623', '2-4ea55c3c-6d16', 45.00, 0.00, 0.00, NULL, '');
INSERT INTO `orders` VALUES (0, '2018-08-10 00:00:00', '5699569414', '6001283739', '1', 2.00, 0.00, 0.00, NULL, '');
INSERT INTO `orders` VALUES (0, '2018-08-10 00:00:00', '5699569414', '6001283739', '2-4ea55c3c-6d16', 2.00, 0.00, 0.00, NULL, '');
INSERT INTO `orders` VALUES (0, '2018-08-10 00:00:00', '5699569414', '6022008157', '1', 1.10, 0.00, 0.00, NULL, '');
INSERT INTO `orders` VALUES (0, '2018-08-10 00:00:00', '5699569414', '6022008157', '2-4ea55c3c-6d16', 1.10, 0.00, 0.00, NULL, '');
INSERT INTO `orders` VALUES (0, '2018-08-10 00:00:00', '5699569414', '6065941223', '1', 1.00, 0.00, 0.00, NULL, '');
INSERT INTO `orders` VALUES (0, '2018-08-10 00:00:00', '5699569414', '6065941223', '2-4ea55c3c-6d16', 1.00, 0.00, 0.00, NULL, '');
INSERT INTO `orders` VALUES (0, '2018-08-10 00:00:00', '5699569414', '6126824458', '1', 11.00, 0.00, 0.00, NULL, '');
INSERT INTO `orders` VALUES (0, '2018-08-10 00:00:00', '5699569414', '6126824458', '2-4ea55c3c-6d16', 11.00, 0.00, 0.00, NULL, '');
INSERT INTO `orders` VALUES (0, '2018-08-10 00:00:00', '5699569414', '6244808547', '1', 5.00, 0.00, 0.00, NULL, '');
INSERT INTO `orders` VALUES (0, '2018-08-10 00:00:00', '5699569414', '6244808547', '2-4ea55c3c-6d16', 5.00, 0.00, 0.00, NULL, '');
INSERT INTO `orders` VALUES (0, '2018-08-10 00:00:00', '5699569414', '6277612628', '1', 8.50, 0.00, 0.00, NULL, '');
INSERT INTO `orders` VALUES (0, '2018-08-10 00:00:00', '5699569414', '6277612628', '2-4ea55c3c-6d16', 8.50, 0.00, 0.00, NULL, '');
INSERT INTO `orders` VALUES (0, '2018-08-10 00:00:00', '5699569414', '6375002341', '1', 8.00, 0.00, 0.00, NULL, '');
INSERT INTO `orders` VALUES (0, '2018-08-10 00:00:00', '5699569414', '6375002341', '2-4ea55c3c-6d16', 8.00, 0.00, 0.00, NULL, '');
INSERT INTO `orders` VALUES (0, '2018-08-10 00:00:00', '5699569414', '6380213495', '1', 13.00, 0.00, 0.00, NULL, '');
INSERT INTO `orders` VALUES (0, '2018-08-10 00:00:00', '5699569414', '6380213495', '2-4ea55c3c-6d16', 13.00, 0.00, 0.00, NULL, '');
INSERT INTO `orders` VALUES (0, '2018-08-10 00:00:00', '5699569414', '6418643655', '1', 9.00, 0.00, 0.00, NULL, '');
INSERT INTO `orders` VALUES (0, '2018-08-10 00:00:00', '5699569414', '6418643655', '2-4ea55c3c-6d16', 9.00, 0.00, 0.00, NULL, '');
INSERT INTO `orders` VALUES (0, '2018-08-10 00:00:00', '5699569414', '6420205838', '1', 1.30, 0.00, 0.00, NULL, '');
INSERT INTO `orders` VALUES (0, '2018-08-10 00:00:00', '5699569414', '6420205838', '2-4ea55c3c-6d16', 1.30, 0.00, 0.00, NULL, '');
INSERT INTO `orders` VALUES (0, '2018-08-10 00:00:00', '5699569414', '6438951213', '1', 13.00, 0.00, 0.00, NULL, '');
INSERT INTO `orders` VALUES (0, '2018-08-10 00:00:00', '5699569414', '6438951213', '2-4ea55c3c-6d16', 13.00, 0.00, 0.00, NULL, '');
INSERT INTO `orders` VALUES (0, '2018-08-10 00:00:00', '5699569414', '6458996488', '1', 12.00, 0.00, 0.00, NULL, '');
INSERT INTO `orders` VALUES (0, '2018-08-10 00:00:00', '5699569414', '6458996488', '2-4ea55c3c-6d16', 12.00, 0.00, 0.00, NULL, '');
INSERT INTO `orders` VALUES (0, '2018-08-10 00:00:00', '5699569414', '6466751433', '1', 1.20, 0.00, 0.00, NULL, '');
INSERT INTO `orders` VALUES (0, '2018-08-10 00:00:00', '5699569414', '6466751433', '2-4ea55c3c-6d16', 1.20, 0.00, 0.00, NULL, '');
INSERT INTO `orders` VALUES (0, '2018-08-10 00:00:00', '5699569414', '6497669424', '1', 2.50, 0.00, 0.00, NULL, '');
INSERT INTO `orders` VALUES (0, '2018-08-10 00:00:00', '5699569414', '6497669424', '2-4ea55c3c-6d16', 2.50, 0.00, 0.00, NULL, '');
INSERT INTO `orders` VALUES (0, '2018-08-10 00:00:00', '5699569414', '6512542255', '1', 5.00, 0.00, 0.00, NULL, '');
INSERT INTO `orders` VALUES (0, '2018-08-10 00:00:00', '5699569414', '6512542255', '2-4ea55c3c-6d16', 5.00, 0.00, 0.00, NULL, '');
INSERT INTO `orders` VALUES (0, '2018-08-10 00:00:00', '5699569414', '6526989490', '1', 30.00, 0.00, 0.00, NULL, '');
INSERT INTO `orders` VALUES (0, '2018-08-10 00:00:00', '5699569414', '6526989490', '2-4ea55c3c-6d16', 30.00, 0.00, 0.00, NULL, '');
INSERT INTO `orders` VALUES (0, '2018-08-10 00:00:00', '5699569414', '6564333307', '1', 8.50, 0.00, 0.00, NULL, '');
INSERT INTO `orders` VALUES (0, '2018-08-10 00:00:00', '5699569414', '6564333307', '2-4ea55c3c-6d16', 8.50, 0.00, 0.00, NULL, '');
INSERT INTO `orders` VALUES (0, '2018-08-10 00:00:00', '5699569414', '6647557457', '1', 4.50, 0.00, 0.00, NULL, '');
INSERT INTO `orders` VALUES (0, '2018-08-10 00:00:00', '5699569414', '6647557457', '2-4ea55c3c-6d16', 4.50, 0.00, 0.00, NULL, '');
INSERT INTO `orders` VALUES (0, '2018-08-10 00:00:00', '5699569414', '6668349642', '1', 9.00, 0.00, 0.00, NULL, '');
INSERT INTO `orders` VALUES (0, '2018-08-10 00:00:00', '5699569414', '6668349642', '2-4ea55c3c-6d16', 9.00, 0.00, 0.00, NULL, '');
INSERT INTO `orders` VALUES (0, '2018-08-10 00:00:00', '5699569414', '6865217141', '1', 9.00, 0.00, 0.00, NULL, '');
INSERT INTO `orders` VALUES (0, '2018-08-10 00:00:00', '5699569414', '6865217141', '2-4ea55c3c-6d16', 9.00, 0.00, 0.00, NULL, '');
INSERT INTO `orders` VALUES (0, '2018-08-10 00:00:00', '5699569414', '6872724399', '1', 35.00, 0.00, 0.00, NULL, '');
INSERT INTO `orders` VALUES (0, '2018-08-10 00:00:00', '5699569414', '6872724399', '2-4ea55c3c-6d16', 35.00, 0.00, 0.00, NULL, '');
INSERT INTO `orders` VALUES (0, '2018-08-10 00:00:00', '5699569414', '6898673996', '1', 18.00, 0.00, 0.00, NULL, '');
INSERT INTO `orders` VALUES (0, '2018-08-10 00:00:00', '5699569414', '6898673996', '2-4ea55c3c-6d16', 18.00, 0.00, 0.00, NULL, '');
INSERT INTO `orders` VALUES (0, '2018-08-10 00:00:00', '5699569414', '6912962156', '1', 3.50, 0.00, 0.00, NULL, '');
INSERT INTO `orders` VALUES (0, '2018-08-10 00:00:00', '5699569414', '6912962156', '2-4ea55c3c-6d16', 3.50, 0.00, 0.00, NULL, '');
INSERT INTO `orders` VALUES (0, '2018-08-10 00:00:00', '5699569414', '6949650672', '1', 1.00, 0.00, 0.00, NULL, '');
INSERT INTO `orders` VALUES (0, '2018-08-10 00:00:00', '5699569414', '6949650672', '2-4ea55c3c-6d16', 1.00, 0.00, 0.00, NULL, '');
INSERT INTO `orders` VALUES (0, '2018-08-10 00:00:00', '5699569414', '7043470353', '1', 1.10, 0.00, 0.00, NULL, '');
INSERT INTO `orders` VALUES (0, '2018-08-10 00:00:00', '5699569414', '7043470353', '2-4ea55c3c-6d16', 1.10, 0.00, 0.00, NULL, '');
INSERT INTO `orders` VALUES (0, '2018-08-10 00:00:00', '5699569414', '7045094024', '1', 15.00, 0.00, 0.00, NULL, '');
INSERT INTO `orders` VALUES (0, '2018-08-10 00:00:00', '5699569414', '7045094024', '2-4ea55c3c-6d16', 15.00, 0.00, 0.00, NULL, '');
INSERT INTO `orders` VALUES (0, '2018-08-10 00:00:00', '5699569414', '7061651843', '1', 0.85, 0.00, 0.00, NULL, '');
INSERT INTO `orders` VALUES (0, '2018-08-10 00:00:00', '5699569414', '7061651843', '2-4ea55c3c-6d16', 0.85, 0.00, 0.00, NULL, '');
INSERT INTO `orders` VALUES (0, '2018-08-10 00:00:00', '5699569414', '7086896795', '1', 4.00, 0.00, 0.00, NULL, '');
INSERT INTO `orders` VALUES (0, '2018-08-10 00:00:00', '5699569414', '7086896795', '2-4ea55c3c-6d16', 4.00, 0.00, 0.00, NULL, '');
INSERT INTO `orders` VALUES (0, '2018-08-10 00:00:00', '5699569414', '7103127704', '1', 45.00, 0.00, 0.00, NULL, '');
INSERT INTO `orders` VALUES (0, '2018-08-10 00:00:00', '5699569414', '7103127704', '2-4ea55c3c-6d16', 45.00, 0.00, 0.00, NULL, '');
INSERT INTO `orders` VALUES (0, '2018-08-10 00:00:00', '5699569414', '7111113768', '1', 12.00, 0.00, 0.00, NULL, '');
INSERT INTO `orders` VALUES (0, '2018-08-10 00:00:00', '5699569414', '7111113768', '2-4ea55c3c-6d16', 12.00, 0.00, 0.00, NULL, '');
INSERT INTO `orders` VALUES (0, '2018-08-10 00:00:00', '5699569414', '7141162769', '1', 12.00, 0.00, 0.00, NULL, '');
INSERT INTO `orders` VALUES (0, '2018-08-10 00:00:00', '5699569414', '7141162769', '2-4ea55c3c-6d16', 12.00, 0.00, 0.00, NULL, '');
INSERT INTO `orders` VALUES (0, '2018-08-10 00:00:00', '5699569414', '7161453628', '1', 1.00, 0.00, 0.00, NULL, '');
INSERT INTO `orders` VALUES (0, '2018-08-10 00:00:00', '5699569414', '7161453628', '2-4ea55c3c-6d16', 1.00, 0.00, 0.00, NULL, '');
INSERT INTO `orders` VALUES (0, '2018-08-10 00:00:00', '5699569414', '7274691547', '1', 12.00, 0.00, 0.00, NULL, '');
INSERT INTO `orders` VALUES (0, '2018-08-10 00:00:00', '5699569414', '7274691547', '2-4ea55c3c-6d16', 12.00, 0.00, 0.00, NULL, '');
INSERT INTO `orders` VALUES (0, '2018-08-10 00:00:00', '5699569414', '7289610944', '1', 35.00, 0.00, 0.00, NULL, '');
INSERT INTO `orders` VALUES (0, '2018-08-10 00:00:00', '5699569414', '7289610944', '2-4ea55c3c-6d16', 35.00, 0.00, 0.00, NULL, '');
INSERT INTO `orders` VALUES (0, '2018-08-10 00:00:00', '5699569414', '7325831945', '1', 2.50, 0.00, 0.00, NULL, '');
INSERT INTO `orders` VALUES (0, '2018-08-10 00:00:00', '5699569414', '7325831945', '2-4ea55c3c-6d16', 2.50, 0.00, 0.00, NULL, '');
INSERT INTO `orders` VALUES (0, '2018-08-10 00:00:00', '5699569414', '7384054974', '1', 11.50, 0.00, 0.00, NULL, '');
INSERT INTO `orders` VALUES (0, '2018-08-10 00:00:00', '5699569414', '7384054974', '2-4ea55c3c-6d16', 11.50, 0.00, 0.00, NULL, '');
INSERT INTO `orders` VALUES (0, '2018-08-10 00:00:00', '5699569414', '7546287244', '1', 22.00, 0.00, 0.00, NULL, '');
INSERT INTO `orders` VALUES (0, '2018-08-10 00:00:00', '5699569414', '7546287244', '2-4ea55c3c-6d16', 22.00, 0.00, 0.00, NULL, '');
INSERT INTO `orders` VALUES (0, '2018-08-10 00:00:00', '5699569414', '7579304373', '1', 23.00, 0.00, 0.00, NULL, '');
INSERT INTO `orders` VALUES (0, '2018-08-10 00:00:00', '5699569414', '7579304373', '2-4ea55c3c-6d16', 23.00, 0.00, 0.00, NULL, '');
INSERT INTO `orders` VALUES (0, '2018-08-10 00:00:00', '5699569414', '7593881042', '1', 5.00, 0.00, 0.00, NULL, '');
INSERT INTO `orders` VALUES (0, '2018-08-10 00:00:00', '5699569414', '7593881042', '2-4ea55c3c-6d16', 5.00, 0.00, 0.00, NULL, '');
INSERT INTO `orders` VALUES (0, '2018-08-10 00:00:00', '5699569414', '7615368955', '1', 65.00, 0.00, 0.00, NULL, '');
INSERT INTO `orders` VALUES (0, '2018-08-10 00:00:00', '5699569414', '7615368955', '2-4ea55c3c-6d16', 65.00, 0.00, 0.00, NULL, '');
INSERT INTO `orders` VALUES (0, '2018-08-10 00:00:00', '5699569414', '7615750388', '1', 7.00, 0.00, 0.00, NULL, '');
INSERT INTO `orders` VALUES (0, '2018-08-10 00:00:00', '5699569414', '7615750388', '2-4ea55c3c-6d16', 7.00, 0.00, 0.00, NULL, '');
INSERT INTO `orders` VALUES (0, '2018-08-10 00:00:00', '5699569414', '7649649933', '1', 150.00, 0.00, 0.00, NULL, '');
INSERT INTO `orders` VALUES (0, '2018-08-10 00:00:00', '5699569414', '7649649933', '2-4ea55c3c-6d16', 150.00, 0.00, 0.00, NULL, '');
INSERT INTO `orders` VALUES (0, '2018-08-10 00:00:00', '5699569414', '7671914417', '1', 4.50, 0.00, 0.00, NULL, '');
INSERT INTO `orders` VALUES (0, '2018-08-10 00:00:00', '5699569414', '7671914417', '2-4ea55c3c-6d16', 4.50, 0.00, 0.00, NULL, '');
INSERT INTO `orders` VALUES (0, '2018-08-10 00:00:00', '5699569414', '7749739543', '1', 5.00, 0.00, 0.00, NULL, '');
INSERT INTO `orders` VALUES (0, '2018-08-10 00:00:00', '5699569414', '7749739543', '2-4ea55c3c-6d16', 5.00, 0.00, 0.00, NULL, '');
INSERT INTO `orders` VALUES (0, '2018-08-10 00:00:00', '5699569414', '7797066007', '1', 3.00, 0.00, 0.00, NULL, '');
INSERT INTO `orders` VALUES (0, '2018-08-10 00:00:00', '5699569414', '7797066007', '2-4ea55c3c-6d16', 3.00, 0.00, 0.00, NULL, '');
INSERT INTO `orders` VALUES (0, '2018-08-10 00:00:00', '5699569414', '7838987258', '1', 3.00, 0.00, 0.00, NULL, '');
INSERT INTO `orders` VALUES (0, '2018-08-10 00:00:00', '5699569414', '7838987258', '2-4ea55c3c-6d16', 3.00, 0.00, 0.00, NULL, '');
INSERT INTO `orders` VALUES (0, '2018-08-10 00:00:00', '5699569414', '7843854261', '1', 8.50, 0.00, 0.00, NULL, '');
INSERT INTO `orders` VALUES (0, '2018-08-10 00:00:00', '5699569414', '7843854261', '2-4ea55c3c-6d16', 8.50, 0.00, 0.00, NULL, '');
INSERT INTO `orders` VALUES (0, '2018-08-10 00:00:00', '5699569414', '7862046815', '1', 1.20, 0.00, 0.00, NULL, '');
INSERT INTO `orders` VALUES (0, '2018-08-10 00:00:00', '5699569414', '7862046815', '2-4ea55c3c-6d16', 1.20, 0.00, 0.00, NULL, '');
INSERT INTO `orders` VALUES (0, '2018-08-10 00:00:00', '5699569414', '7863849544', '1', 1.30, 0.00, 0.00, NULL, '');
INSERT INTO `orders` VALUES (0, '2018-08-10 00:00:00', '5699569414', '7863849544', '2-4ea55c3c-6d16', 1.30, 0.00, 0.00, NULL, '');
INSERT INTO `orders` VALUES (0, '2018-08-10 00:00:00', '5699569414', '7883073348', '1', 11.50, 0.00, 0.00, NULL, '');
INSERT INTO `orders` VALUES (0, '2018-08-10 00:00:00', '5699569414', '7883073348', '2-4ea55c3c-6d16', 11.50, 0.00, 0.00, NULL, '');
INSERT INTO `orders` VALUES (0, '2018-08-10 00:00:00', '5699569414', '7945139022', '1', 15.00, 0.00, 0.00, NULL, '');
INSERT INTO `orders` VALUES (0, '2018-08-10 00:00:00', '5699569414', '7945139022', '2-4ea55c3c-6d16', 15.00, 0.00, 0.00, NULL, '');
INSERT INTO `orders` VALUES (0, '2018-08-10 00:00:00', '5699569414', '7963058637', '1', 10.00, 0.00, 0.00, NULL, '');
INSERT INTO `orders` VALUES (0, '2018-08-10 00:00:00', '5699569414', '7963058637', '2-4ea55c3c-6d16', 10.00, 0.00, 0.00, NULL, '');
INSERT INTO `orders` VALUES (0, '2018-08-10 00:00:00', '5699569414', '7963974750', '1', 8.00, 0.00, 0.00, NULL, '');
INSERT INTO `orders` VALUES (0, '2018-08-10 00:00:00', '5699569414', '7963974750', '2-4ea55c3c-6d16', 8.00, 0.00, 0.00, NULL, '');
INSERT INTO `orders` VALUES (0, '2018-08-10 00:00:00', '5699569414', '8012263384', '1', 40.00, 0.00, 0.00, NULL, '');
INSERT INTO `orders` VALUES (0, '2018-08-10 00:00:00', '5699569414', '8012263384', '2-4ea55c3c-6d16', 40.00, 0.00, 0.00, NULL, '');
INSERT INTO `orders` VALUES (0, '2018-08-10 00:00:00', '5699569414', '8034228775', '1', 112.00, 0.00, 0.00, NULL, '');
INSERT INTO `orders` VALUES (0, '2018-08-10 00:00:00', '5699569414', '8034228775', '2-4ea55c3c-6d16', 112.00, 0.00, 0.00, NULL, '');
INSERT INTO `orders` VALUES (0, '2018-08-10 00:00:00', '5699569414', '8094580699', '1', 6.00, 0.00, 0.00, NULL, '');
INSERT INTO `orders` VALUES (0, '2018-08-10 00:00:00', '5699569414', '8094580699', '2-4ea55c3c-6d16', 6.00, 0.00, 0.00, NULL, '');
INSERT INTO `orders` VALUES (0, '2018-08-10 00:00:00', '5699569414', '8102038698', '1', 18.00, 0.00, 0.00, NULL, '');
INSERT INTO `orders` VALUES (0, '2018-08-10 00:00:00', '5699569414', '8102038698', '2-4ea55c3c-6d16', 18.00, 0.00, 0.00, NULL, '');
INSERT INTO `orders` VALUES (0, '2018-08-10 00:00:00', '5699569414', '8147104681', '1', 25.00, 0.00, 0.00, NULL, '');
INSERT INTO `orders` VALUES (0, '2018-08-10 00:00:00', '5699569414', '8147104681', '2-4ea55c3c-6d16', 25.00, 0.00, 0.00, NULL, '');
INSERT INTO `orders` VALUES (0, '2018-08-10 00:00:00', '5699569414', '8210958178', '1', 6.50, 0.00, 0.00, NULL, '');
INSERT INTO `orders` VALUES (0, '2018-08-10 00:00:00', '5699569414', '8210958178', '2-4ea55c3c-6d16', 6.50, 0.00, 0.00, NULL, '');
INSERT INTO `orders` VALUES (0, '2018-08-10 00:00:00', '5699569414', '8296971819', '1', 0.90, 0.00, 0.00, NULL, '');
INSERT INTO `orders` VALUES (0, '2018-08-10 00:00:00', '5699569414', '8296971819', '2-4ea55c3c-6d16', 0.90, 0.00, 0.00, NULL, '');
INSERT INTO `orders` VALUES (0, '2018-08-10 00:00:00', '5699569414', '8309122901', '1', 13.00, 0.00, 0.00, NULL, '');
INSERT INTO `orders` VALUES (0, '2018-08-10 00:00:00', '5699569414', '8309122901', '2-4ea55c3c-6d16', 13.00, 0.00, 0.00, NULL, '');
INSERT INTO `orders` VALUES (0, '2018-08-10 00:00:00', '5699569414', '8333595391', '1', 35.00, 0.00, 0.00, NULL, '');
INSERT INTO `orders` VALUES (0, '2018-08-10 00:00:00', '5699569414', '8333595391', '2-4ea55c3c-6d16', 35.00, 0.00, 0.00, NULL, '');
INSERT INTO `orders` VALUES (0, '2018-08-10 00:00:00', '5699569414', '8341043567', '1', 23.00, 0.00, 0.00, NULL, '');
INSERT INTO `orders` VALUES (0, '2018-08-10 00:00:00', '5699569414', '8341043567', '2-4ea55c3c-6d16', 23.00, 0.00, 0.00, NULL, '');
INSERT INTO `orders` VALUES (0, '2018-08-10 00:00:00', '5699569414', '8429230840', '1', 6.00, 0.00, 0.00, NULL, '');
INSERT INTO `orders` VALUES (0, '2018-08-10 00:00:00', '5699569414', '8429230840', '2-4ea55c3c-6d16', 6.00, 0.00, 0.00, NULL, '');
INSERT INTO `orders` VALUES (0, '2018-08-10 00:00:00', '5699569414', '8457579240', '1', 0.90, 0.00, 0.00, NULL, '');
INSERT INTO `orders` VALUES (0, '2018-08-10 00:00:00', '5699569414', '8457579240', '2-4ea55c3c-6d16', 0.90, 0.00, 0.00, NULL, '');
INSERT INTO `orders` VALUES (0, '2018-08-10 00:00:00', '5699569414', '8493807360', '1', 3.00, 0.00, 0.00, NULL, '');
INSERT INTO `orders` VALUES (0, '2018-08-10 00:00:00', '5699569414', '8493807360', '2-4ea55c3c-6d16', 3.00, 0.00, 0.00, NULL, '');
INSERT INTO `orders` VALUES (0, '2018-08-10 00:00:00', '5699569414', '8507256892', '1', 15.50, 0.00, 0.00, NULL, '');
INSERT INTO `orders` VALUES (0, '2018-08-10 00:00:00', '5699569414', '8507256892', '2-4ea55c3c-6d16', 15.50, 0.00, 0.00, NULL, '');
INSERT INTO `orders` VALUES (0, '2018-08-10 00:00:00', '5699569414', '8512527513', '1', 4.00, 0.00, 0.00, NULL, '');
INSERT INTO `orders` VALUES (0, '2018-08-10 00:00:00', '5699569414', '8512527513', '2-4ea55c3c-6d16', 4.00, 0.00, 0.00, NULL, '');
INSERT INTO `orders` VALUES (0, '2018-08-10 00:00:00', '5699569414', '8559706225', '1', 16.00, 0.00, 0.00, NULL, '');
INSERT INTO `orders` VALUES (0, '2018-08-10 00:00:00', '5699569414', '8559706225', '2-4ea55c3c-6d16', 16.00, 0.00, 0.00, NULL, '');
INSERT INTO `orders` VALUES (0, '2018-08-10 00:00:00', '5699569414', '8596776390', '1', 9.00, 0.00, 0.00, NULL, '');
INSERT INTO `orders` VALUES (0, '2018-08-10 00:00:00', '5699569414', '8596776390', '2-4ea55c3c-6d16', 9.00, 0.00, 0.00, NULL, '');
INSERT INTO `orders` VALUES (0, '2018-08-10 00:00:00', '5699569414', '8614319524', '1', 260.00, 0.00, 0.00, NULL, '');
INSERT INTO `orders` VALUES (0, '2018-08-10 00:00:00', '5699569414', '8614319524', '2-4ea55c3c-6d16', 260.00, 0.00, 0.00, NULL, '');
INSERT INTO `orders` VALUES (0, '2018-08-10 00:00:00', '5699569414', '8620607666', '1', 3.50, 0.00, 0.00, NULL, '');
INSERT INTO `orders` VALUES (0, '2018-08-10 00:00:00', '5699569414', '8620607666', '2-4ea55c3c-6d16', 3.50, 0.00, 0.00, NULL, '');
INSERT INTO `orders` VALUES (0, '2018-08-10 00:00:00', '5699569414', '8641947894', '1', 4.50, 0.00, 0.00, NULL, '');
INSERT INTO `orders` VALUES (0, '2018-08-10 00:00:00', '5699569414', '8641947894', '2-4ea55c3c-6d16', 4.50, 0.00, 0.00, NULL, '');
INSERT INTO `orders` VALUES (0, '2018-08-10 00:00:00', '5699569414', '8726765162', '1', 1.20, 0.00, 0.00, NULL, '');
INSERT INTO `orders` VALUES (0, '2018-08-10 00:00:00', '5699569414', '8726765162', '2-4ea55c3c-6d16', 1.20, 0.00, 0.00, NULL, '');
INSERT INTO `orders` VALUES (0, '2018-08-10 00:00:00', '5699569414', '8764267383', '1', 0.80, 0.00, 0.00, NULL, '');
INSERT INTO `orders` VALUES (0, '2018-08-10 00:00:00', '5699569414', '8764267383', '2-4ea55c3c-6d16', 0.80, 0.00, 0.00, NULL, '');
INSERT INTO `orders` VALUES (0, '2018-08-10 00:00:00', '5699569414', '8774791780', '1', 10.00, 0.00, 0.00, NULL, '');
INSERT INTO `orders` VALUES (0, '2018-08-10 00:00:00', '5699569414', '8774791780', '2-4ea55c3c-6d16', 10.00, 0.00, 0.00, NULL, '');
INSERT INTO `orders` VALUES (0, '2018-08-10 00:00:00', '5699569414', '8985870590', '1', 4.00, 0.00, 0.00, NULL, '');
INSERT INTO `orders` VALUES (0, '2018-08-10 00:00:00', '5699569414', '8985870590', '2-4ea55c3c-6d16', 4.00, 0.00, 0.00, NULL, '');
INSERT INTO `orders` VALUES (0, '2018-08-10 00:00:00', '5699569414', '9001062832', '1', 11.50, 0.00, 0.00, NULL, '');
INSERT INTO `orders` VALUES (0, '2018-08-10 00:00:00', '5699569414', '9001062832', '2-4ea55c3c-6d16', 11.50, 0.00, 0.00, NULL, '');
INSERT INTO `orders` VALUES (0, '2018-08-10 00:00:00', '5699569414', '9004622336', '1', 0.80, 0.00, 0.00, NULL, '');
INSERT INTO `orders` VALUES (0, '2018-08-10 00:00:00', '5699569414', '9004622336', '2-4ea55c3c-6d16', 0.80, 0.00, 0.00, NULL, '');
INSERT INTO `orders` VALUES (0, '2018-08-10 00:00:00', '5699569414', '9012657274', '1', 4.00, 0.00, 0.00, NULL, '');
INSERT INTO `orders` VALUES (0, '2018-08-10 00:00:00', '5699569414', '9012657274', '2-4ea55c3c-6d16', 4.00, 0.00, 0.00, NULL, '');
INSERT INTO `orders` VALUES (0, '2018-08-10 00:00:00', '5699569414', '9017134824', '1', 13.00, 0.00, 0.00, NULL, '');
INSERT INTO `orders` VALUES (0, '2018-08-10 00:00:00', '5699569414', '9017134824', '2-4ea55c3c-6d16', 13.00, 0.00, 0.00, NULL, '');
INSERT INTO `orders` VALUES (0, '2018-08-10 00:00:00', '5699569414', '9084077863', '1', 8.00, 0.00, 0.00, NULL, '');
INSERT INTO `orders` VALUES (0, '2018-08-10 00:00:00', '5699569414', '9084077863', '2-4ea55c3c-6d16', 8.00, 0.00, 0.00, NULL, '');
INSERT INTO `orders` VALUES (0, '2018-08-10 00:00:00', '5699569414', '9098838391', '1', 1.10, 0.00, 0.00, NULL, '');
INSERT INTO `orders` VALUES (0, '2018-08-10 00:00:00', '5699569414', '9098838391', '2-4ea55c3c-6d16', 1.10, 0.00, 0.00, NULL, '');
INSERT INTO `orders` VALUES (0, '2018-08-10 00:00:00', '5699569414', '9266709676', '1', 1.00, 0.00, 0.00, NULL, '');
INSERT INTO `orders` VALUES (0, '2018-08-10 00:00:00', '5699569414', '9266709676', '2-4ea55c3c-6d16', 1.00, 0.00, 0.00, NULL, '');
INSERT INTO `orders` VALUES (0, '2018-08-10 00:00:00', '5699569414', '9269385462', '1', 165.00, 0.00, 0.00, NULL, '');
INSERT INTO `orders` VALUES (0, '2018-08-10 00:00:00', '5699569414', '9269385462', '2-4ea55c3c-6d16', 165.00, 0.00, 0.00, NULL, '');
INSERT INTO `orders` VALUES (0, '2018-08-10 00:00:00', '5699569414', '9293911524', '1', 2.50, 0.00, 0.00, NULL, '');
INSERT INTO `orders` VALUES (0, '2018-08-10 00:00:00', '5699569414', '9293911524', '2-4ea55c3c-6d16', 2.50, 0.00, 0.00, NULL, '');
INSERT INTO `orders` VALUES (0, '2018-08-10 00:00:00', '5699569414', '9324935106', '1', 1.20, 0.00, 0.00, NULL, '');
INSERT INTO `orders` VALUES (0, '2018-08-10 00:00:00', '5699569414', '9324935106', '2-4ea55c3c-6d16', 1.20, 0.00, 0.00, NULL, '');
INSERT INTO `orders` VALUES (0, '2018-08-10 00:00:00', '5699569414', '9332182245', '1', 3.00, 0.00, 0.00, NULL, '');
INSERT INTO `orders` VALUES (0, '2018-08-10 00:00:00', '5699569414', '9332182245', '2-4ea55c3c-6d16', 3.00, 0.00, 0.00, NULL, '');
INSERT INTO `orders` VALUES (0, '2018-08-10 00:00:00', '5699569414', '9352724164', '1', 17.00, 0.00, 0.00, NULL, '');
INSERT INTO `orders` VALUES (0, '2018-08-10 00:00:00', '5699569414', '9352724164', '2-4ea55c3c-6d16', 17.00, 0.00, 0.00, NULL, '');
INSERT INTO `orders` VALUES (0, '2018-08-10 00:00:00', '5699569414', '9409057759', '1', 2.50, 0.00, 0.00, NULL, '');
INSERT INTO `orders` VALUES (0, '2018-08-10 00:00:00', '5699569414', '9409057759', '2-4ea55c3c-6d16', 2.50, 0.00, 0.00, NULL, '');
INSERT INTO `orders` VALUES (0, '2018-08-10 00:00:00', '5699569414', '9442631342', '1', 5.00, 0.00, 0.00, NULL, '');
INSERT INTO `orders` VALUES (0, '2018-08-10 00:00:00', '5699569414', '9442631342', '2-4ea55c3c-6d16', 5.00, 0.00, 0.00, NULL, '');
INSERT INTO `orders` VALUES (0, '2018-08-10 00:00:00', '5699569414', '9491454388', '1', 6.00, 0.00, 0.00, NULL, '');
INSERT INTO `orders` VALUES (0, '2018-08-10 00:00:00', '5699569414', '9491454388', '2-4ea55c3c-6d16', 6.00, 0.00, 0.00, NULL, '');
INSERT INTO `orders` VALUES (0, '2018-08-10 00:00:00', '5699569414', '9591999672', '1', 50.00, 0.00, 0.00, NULL, '');
INSERT INTO `orders` VALUES (0, '2018-08-10 00:00:00', '5699569414', '9591999672', '2-4ea55c3c-6d16', 50.00, 0.00, 0.00, NULL, '');
INSERT INTO `orders` VALUES (0, '2018-08-10 00:00:00', '5699569414', '9680295770', '1', 1.00, 0.00, 0.00, NULL, '');
INSERT INTO `orders` VALUES (0, '2018-08-10 00:00:00', '5699569414', '9680295770', '2-4ea55c3c-6d16', 1.00, 0.00, 0.00, NULL, '');
INSERT INTO `orders` VALUES (0, '2018-08-10 00:00:00', '5699569414', '9755692256', '1', 3.50, 0.00, 0.00, NULL, '');
INSERT INTO `orders` VALUES (0, '2018-08-10 00:00:00', '5699569414', '9755692256', '2-4ea55c3c-6d16', 3.50, 0.00, 0.00, NULL, '');
INSERT INTO `orders` VALUES (0, '2018-08-10 00:00:00', '5699569414', '9908727289', '1', 3.00, 0.00, 0.00, NULL, '');
INSERT INTO `orders` VALUES (0, '2018-08-10 00:00:00', '5699569414', '9908727289', '2-4ea55c3c-6d16', 3.00, 0.00, 0.00, NULL, '');
INSERT INTO `orders` VALUES (0, '2018-08-10 00:00:00', '5699569414', '9914435668', '1', 2.40, 0.00, 0.00, NULL, '');
INSERT INTO `orders` VALUES (0, '2018-08-10 00:00:00', '5699569414', '9914435668', '2-4ea55c3c-6d16', 2.40, 0.00, 0.00, NULL, '');
INSERT INTO `orders` VALUES (0, '2018-08-10 00:00:00', '5699569414', '9970027287', '1', 11.00, 0.00, 0.00, NULL, '');
INSERT INTO `orders` VALUES (0, '2018-08-10 00:00:00', '5699569414', '9970027287', '2-4ea55c3c-6d16', 11.00, 0.00, 0.00, NULL, '');
INSERT INTO `orders` VALUES (0, '2018-08-17 00:00:00', '5699569414', '1041469823', '4', 8.00, 0.00, 0.00, NULL, '');
INSERT INTO `orders` VALUES (0, '2018-08-17 00:00:00', '5699569414', '1042606726', '4', 5.00, 0.00, 0.00, NULL, '');
INSERT INTO `orders` VALUES (0, '2018-08-17 00:00:00', '5699569414', '1046188992', '4', 6.00, 0.00, 0.00, NULL, '');
INSERT INTO `orders` VALUES (0, '2018-08-17 00:00:00', '5699569414', '1058568708', '4', 12.00, 0.00, 0.00, NULL, '');
INSERT INTO `orders` VALUES (0, '2018-08-17 00:00:00', '5699569414', '1119882026', '4', 15.00, 0.00, 0.00, NULL, '');
INSERT INTO `orders` VALUES (0, '2018-08-17 00:00:00', '5699569414', '1253110852', '4', 9.00, 0.00, 0.00, NULL, '');
INSERT INTO `orders` VALUES (0, '2018-08-17 00:00:00', '5699569414', '1278639234', '4', 10.00, 0.00, 0.00, NULL, '');
INSERT INTO `orders` VALUES (0, '2018-08-17 00:00:00', '5699569414', '1296095373', '4', 1.10, 10.00, 11.00, NULL, '');
INSERT INTO `orders` VALUES (0, '2018-08-17 00:00:00', '5699569414', '1299761438', '4', 1.00, 10.00, 10.00, NULL, '');
INSERT INTO `orders` VALUES (0, '2018-08-17 00:00:00', '5699569414', '1325688661', '4', 1.60, 10.00, 16.00, NULL, '');
INSERT INTO `orders` VALUES (0, '2018-08-17 00:00:00', '5699569414', '1381082106', '4', 1.80, 0.00, 0.00, NULL, '');
INSERT INTO `orders` VALUES (0, '2018-08-17 00:00:00', '5699569414', '1431930409', '4', 4.00, 0.00, 0.00, NULL, '');
INSERT INTO `orders` VALUES (0, '2018-08-17 00:00:00', '5699569414', '1617370687', '4', 165.00, 0.00, 0.00, NULL, '');
INSERT INTO `orders` VALUES (0, '2018-08-17 00:00:00', '5699569414', '1686051240', '4', 9.00, 0.00, 0.00, NULL, '');
INSERT INTO `orders` VALUES (0, '2018-08-17 00:00:00', '5699569414', '1693167624', '4', 0.90, 0.00, 0.00, NULL, '');
INSERT INTO `orders` VALUES (0, '2018-08-17 00:00:00', '5699569414', '1773025230', '4', 11.00, 0.00, 0.00, NULL, '');
INSERT INTO `orders` VALUES (0, '2018-08-17 00:00:00', '5699569414', '1782077120', '4', 10.00, 0.00, 0.00, NULL, '');
INSERT INTO `orders` VALUES (0, '2018-08-17 00:00:00', '5699569414', '1843039038', '4', 5.00, 0.00, 0.00, NULL, '');
INSERT INTO `orders` VALUES (0, '2018-08-17 00:00:00', '5699569414', '1875977295', '4', 13.00, 0.00, 0.00, NULL, '');
INSERT INTO `orders` VALUES (0, '2018-08-17 00:00:00', '5699569414', '1882866591', '4', 12.50, 0.00, 0.00, NULL, '');
INSERT INTO `orders` VALUES (0, '2018-08-17 00:00:00', '5699569414', '1887593880', '4', 9.00, 0.00, 0.00, NULL, '');
INSERT INTO `orders` VALUES (0, '2018-08-17 00:00:00', '5699569414', '1964137379', '4', 4.00, 0.00, 0.00, NULL, '');
INSERT INTO `orders` VALUES (0, '2018-08-17 00:00:00', '5699569414', '2059731698', '4', 1.30, 0.00, 0.00, NULL, '');
INSERT INTO `orders` VALUES (0, '2018-08-17 00:00:00', '5699569414', '2092387274', '4', 0.80, 0.00, 0.00, NULL, '');
INSERT INTO `orders` VALUES (0, '2018-08-17 00:00:00', '5699569414', '2144477998', '4', 1.10, 0.00, 0.00, NULL, '');
INSERT INTO `orders` VALUES (0, '2018-08-17 00:00:00', '5699569414', '2217839163', '4', 15.00, 0.00, 0.00, NULL, '');
INSERT INTO `orders` VALUES (0, '2018-08-17 00:00:00', '5699569414', '2218391566', '4', 3.45, 0.00, 0.00, NULL, '');
INSERT INTO `orders` VALUES (0, '2018-08-17 00:00:00', '5699569414', '2340144496', '4', 9.00, 0.00, 0.00, NULL, '');
INSERT INTO `orders` VALUES (0, '2018-08-17 00:00:00', '5699569414', '2376115770', '4', 4.00, 0.00, 0.00, NULL, '');
INSERT INTO `orders` VALUES (0, '2018-08-17 00:00:00', '5699569414', '2386592860', '4', 10.00, 0.00, 0.00, NULL, '');
INSERT INTO `orders` VALUES (0, '2018-08-17 00:00:00', '5699569414', '2402044242', '4', 0.70, 0.00, 0.00, NULL, '');
INSERT INTO `orders` VALUES (0, '2018-08-17 00:00:00', '5699569414', '2439481821', '4', 1.10, 0.00, 0.00, NULL, '');
INSERT INTO `orders` VALUES (0, '2018-08-17 00:00:00', '5699569414', '2447068729', '4', 6.50, 0.00, 0.00, NULL, '');
INSERT INTO `orders` VALUES (0, '2018-08-17 00:00:00', '5699569414', '2470669174', '4', 165.00, 0.00, 0.00, NULL, '');
INSERT INTO `orders` VALUES (0, '2018-08-17 00:00:00', '5699569414', '2489986206', '4', 10.00, 0.00, 0.00, NULL, '');
INSERT INTO `orders` VALUES (0, '2018-08-17 00:00:00', '5699569414', '2518784346', '4', 1.90, 0.00, 0.00, NULL, '');
INSERT INTO `orders` VALUES (0, '2018-08-17 00:00:00', '5699569414', '2622033657', '4', 1.00, 0.00, 0.00, NULL, '');
INSERT INTO `orders` VALUES (0, '2018-08-17 00:00:00', '5699569414', '2665881419', '4', 3.50, 0.00, 0.00, NULL, '');
INSERT INTO `orders` VALUES (0, '2018-08-17 00:00:00', '5699569414', '2706579578', '4', 33.00, 0.00, 0.00, NULL, '');
INSERT INTO `orders` VALUES (0, '2018-08-17 00:00:00', '5699569414', '2891769070', '4', 3.00, 0.00, 0.00, NULL, '');
INSERT INTO `orders` VALUES (0, '2018-08-17 00:00:00', '5699569414', '2939243318', '4', 11.00, 0.00, 0.00, NULL, '');
INSERT INTO `orders` VALUES (0, '2018-08-17 00:00:00', '5699569414', '3016444663', '4', 1.00, 0.00, 0.00, NULL, '');
INSERT INTO `orders` VALUES (0, '2018-08-17 00:00:00', '5699569414', '3023632558', '4', 1.40, 0.00, 0.00, NULL, '');
INSERT INTO `orders` VALUES (0, '2018-08-17 00:00:00', '5699569414', '3056817336', '4', 1.10, 0.00, 0.00, NULL, '');
INSERT INTO `orders` VALUES (0, '2018-08-17 00:00:00', '5699569414', '3094205075', '4', 18.50, 0.00, 0.00, NULL, '');
INSERT INTO `orders` VALUES (0, '2018-08-17 00:00:00', '5699569414', '3099892929', '4', 1.50, 5.00, 7.50, NULL, '');
INSERT INTO `orders` VALUES (0, '2018-08-17 00:00:00', '5699569414', '3160041190', '4', 16.00, 0.00, 0.00, NULL, '');
INSERT INTO `orders` VALUES (0, '2018-08-17 00:00:00', '5699569414', '3162567339', '4', 1.20, 0.00, 0.00, NULL, '');
INSERT INTO `orders` VALUES (0, '2018-08-17 00:00:00', '5699569414', '3178759691', '4', 1.20, 0.00, 0.00, NULL, '');
INSERT INTO `orders` VALUES (0, '2018-08-17 00:00:00', '5699569414', '3188702778', '4', 3.00, 0.00, 0.00, NULL, '');
INSERT INTO `orders` VALUES (0, '2018-08-17 00:00:00', '5699569414', '3243098095', '4', 9.50, 0.00, 0.00, NULL, '');
INSERT INTO `orders` VALUES (0, '2018-08-17 00:00:00', '5699569414', '3419469228', '4', 2.00, 0.00, 0.00, NULL, '');
INSERT INTO `orders` VALUES (0, '2018-08-17 00:00:00', '5699569414', '3444024192', '4', 1.30, 0.00, 0.00, NULL, '');
INSERT INTO `orders` VALUES (0, '2018-08-17 00:00:00', '5699569414', '3448485863', '4', 2.00, 0.00, 0.00, NULL, '');
INSERT INTO `orders` VALUES (0, '2018-08-17 00:00:00', '5699569414', '3497438452', '4', 4.50, 0.00, 0.00, NULL, '');
INSERT INTO `orders` VALUES (0, '2018-08-17 00:00:00', '5699569414', '3591198584', '4', 15.00, 0.00, 0.00, NULL, '');
INSERT INTO `orders` VALUES (0, '2018-08-17 00:00:00', '5699569414', '3617680481', '4', 8.00, 0.00, 0.00, NULL, '');
INSERT INTO `orders` VALUES (0, '2018-08-17 00:00:00', '5699569414', '3661049799', '4', 7.00, 0.00, 0.00, NULL, '');
INSERT INTO `orders` VALUES (0, '2018-08-17 00:00:00', '5699569414', '3732823387', '4', 2.30, 0.00, 0.00, NULL, '');
INSERT INTO `orders` VALUES (0, '2018-08-17 00:00:00', '5699569414', '3740315096', '4', 1.30, 0.00, 0.00, NULL, '');
INSERT INTO `orders` VALUES (0, '2018-08-17 00:00:00', '5699569414', '3774722053', '4', 1.20, 0.00, 0.00, NULL, '');
INSERT INTO `orders` VALUES (0, '2018-08-17 00:00:00', '5699569414', '3780568777', '4', 33.00, 0.00, 0.00, NULL, '');
INSERT INTO `orders` VALUES (0, '2018-08-17 00:00:00', '5699569414', '3805459728', '4', 2.20, 0.00, 0.00, NULL, '');
INSERT INTO `orders` VALUES (0, '2018-08-17 00:00:00', '5699569414', '3956131993', '4', 12.00, 0.00, 0.00, NULL, '');
INSERT INTO `orders` VALUES (0, '2018-08-17 00:00:00', '5699569414', '3987923651', '4', 1.00, 0.00, 0.00, NULL, '');
INSERT INTO `orders` VALUES (0, '2018-08-17 00:00:00', '5699569414', '4037153291', '4', 7.00, 0.00, 0.00, NULL, '');
INSERT INTO `orders` VALUES (0, '2018-08-17 00:00:00', '5699569414', '4044824591', '4', 1.00, 0.00, 0.00, NULL, '');
INSERT INTO `orders` VALUES (0, '2018-08-17 00:00:00', '5699569414', '4076010936', '4', 9.50, 0.00, 0.00, NULL, '');
INSERT INTO `orders` VALUES (0, '2018-08-17 00:00:00', '5699569414', '4164086601', '4', 1.50, 0.00, 0.00, NULL, '');
INSERT INTO `orders` VALUES (0, '2018-08-17 00:00:00', '5699569414', '4169014486', '4', 7.50, 0.00, 0.00, NULL, '');
INSERT INTO `orders` VALUES (0, '2018-08-17 00:00:00', '5699569414', '4177129835', '4', 0.90, 0.00, 0.00, NULL, '');
INSERT INTO `orders` VALUES (0, '2018-08-17 00:00:00', '5699569414', '4202172518', '4', 6.00, 0.00, 0.00, NULL, '');
INSERT INTO `orders` VALUES (0, '2018-08-17 00:00:00', '5699569414', '4234311537', '4', 4.00, 0.00, 0.00, NULL, '');
INSERT INTO `orders` VALUES (0, '2018-08-17 00:00:00', '5699569414', '4340963053', '4', 23.00, 0.00, 0.00, NULL, '');
INSERT INTO `orders` VALUES (0, '2018-08-17 00:00:00', '5699569414', '4399922351', '4', 23.00, 0.00, 0.00, NULL, '');
INSERT INTO `orders` VALUES (0, '2018-08-17 00:00:00', '5699569414', '4411895875', '4', 15.00, 0.00, 0.00, NULL, '');
INSERT INTO `orders` VALUES (0, '2018-08-17 00:00:00', '5699569414', '4421343082', '4', 2.50, 0.00, 0.00, NULL, '');
INSERT INTO `orders` VALUES (0, '2018-08-17 00:00:00', '5699569414', '4434416067', '4', 5.00, 0.00, 0.00, NULL, '');
INSERT INTO `orders` VALUES (0, '2018-08-17 00:00:00', '5699569414', '4455760666', '4', 1.40, 0.00, 0.00, NULL, '');
INSERT INTO `orders` VALUES (0, '2018-08-17 00:00:00', '5699569414', '4591015300', '4', 7.00, 0.00, 0.00, NULL, '');
INSERT INTO `orders` VALUES (0, '2018-08-17 00:00:00', '5699569414', '4594795794', '4', 3.00, 0.00, 0.00, NULL, '');
INSERT INTO `orders` VALUES (0, '2018-08-17 00:00:00', '5699569414', '4685632727', '4', 200.00, 0.00, 0.00, NULL, '');
INSERT INTO `orders` VALUES (0, '2018-08-17 00:00:00', '5699569414', '4686909047', '4', 50.00, 0.00, 0.00, NULL, '');
INSERT INTO `orders` VALUES (0, '2018-08-17 00:00:00', '5699569414', '4712273099', '4', 123.00, 0.00, 0.00, NULL, '');
INSERT INTO `orders` VALUES (0, '2018-08-17 00:00:00', '5699569414', '4745365835', '4', 1.10, 0.00, 0.00, NULL, '');
INSERT INTO `orders` VALUES (0, '2018-08-17 00:00:00', '5699569414', '4766658531', '4', 1.50, 0.00, 0.00, NULL, '');
INSERT INTO `orders` VALUES (0, '2018-08-17 00:00:00', '5699569414', '4801952018', '4', 1.30, 0.00, 0.00, NULL, '');
INSERT INTO `orders` VALUES (0, '2018-08-17 00:00:00', '5699569414', '4812160306', '4', 7.50, 0.00, 0.00, NULL, '');
INSERT INTO `orders` VALUES (0, '2018-08-17 00:00:00', '5699569414', '4814352197', '4', 60.00, 0.00, 0.00, NULL, '');
INSERT INTO `orders` VALUES (0, '2018-08-17 00:00:00', '5699569414', '4822924224', '4', 0.90, 0.00, 0.00, NULL, '');
INSERT INTO `orders` VALUES (0, '2018-08-17 00:00:00', '5699569414', '4850081664', '4', 10.00, 0.00, 0.00, NULL, '');
INSERT INTO `orders` VALUES (0, '2018-08-17 00:00:00', '5699569414', '4896987422', '4', 60.00, 0.00, 0.00, NULL, '');
INSERT INTO `orders` VALUES (0, '2018-08-17 00:00:00', '5699569414', '4928499129', '4', 45.00, 0.00, 0.00, NULL, '');
INSERT INTO `orders` VALUES (0, '2018-08-17 00:00:00', '5699569414', '4957025013', '4', 5.00, 0.00, 0.00, NULL, '');
INSERT INTO `orders` VALUES (0, '2018-08-17 00:00:00', '5699569414', '4991861029', '4', 3.00, 0.00, 0.00, NULL, '');
INSERT INTO `orders` VALUES (0, '2018-08-17 00:00:00', '5699569414', '5040969610', '4', 1.10, 0.00, 0.00, NULL, '');
INSERT INTO `orders` VALUES (0, '2018-08-17 00:00:00', '5699569414', '5065144201', '4', 0.80, 0.00, 0.00, NULL, '');
INSERT INTO `orders` VALUES (0, '2018-08-17 00:00:00', '5699569414', '5089781709', '4', 2.00, 0.00, 0.00, NULL, '');
INSERT INTO `orders` VALUES (0, '2018-08-17 00:00:00', '5699569414', '5167290843', '4', 6.00, 0.00, 0.00, NULL, '');
INSERT INTO `orders` VALUES (0, '2018-08-17 00:00:00', '5699569414', '5184173124', '4', 7.00, 0.00, 0.00, NULL, '');
INSERT INTO `orders` VALUES (0, '2018-08-17 00:00:00', '5699569414', '5191818306', '4', 2.00, 0.00, 0.00, NULL, '');
INSERT INTO `orders` VALUES (0, '2018-08-17 00:00:00', '5699569414', '5203541055', '4', 1.40, 0.00, 0.00, NULL, '');
INSERT INTO `orders` VALUES (0, '2018-08-17 00:00:00', '5699569414', '5242211150', '4', 6.50, 0.00, 0.00, NULL, '');
INSERT INTO `orders` VALUES (0, '2018-08-17 00:00:00', '5699569414', '5252812277', '4', 1.30, 0.00, 0.00, NULL, '');
INSERT INTO `orders` VALUES (0, '2018-08-17 00:00:00', '5699569414', '5255220090', '4', 6.50, 0.00, 0.00, NULL, '');
INSERT INTO `orders` VALUES (0, '2018-08-17 00:00:00', '5699569414', '5299725679', '4', 1.20, 0.00, 0.00, NULL, '');
INSERT INTO `orders` VALUES (0, '2018-08-17 00:00:00', '5699569414', '5335808266', '4', 11.00, 0.00, 0.00, NULL, '');
INSERT INTO `orders` VALUES (0, '2018-08-17 00:00:00', '5699569414', '5347163080', '4', 4.00, 0.00, 0.00, NULL, '');
INSERT INTO `orders` VALUES (0, '2018-08-17 00:00:00', '5699569414', '5451175943', '4', 6.50, 0.00, 0.00, NULL, '');
INSERT INTO `orders` VALUES (0, '2018-08-17 00:00:00', '5699569414', '5504620877', '4', 3.50, 0.00, 0.00, NULL, '');
INSERT INTO `orders` VALUES (0, '2018-08-17 00:00:00', '5699569414', '5551150325', '4', 6.50, 0.00, 0.00, NULL, '');
INSERT INTO `orders` VALUES (0, '2018-08-17 00:00:00', '5699569414', '5607706622', '4', 3.70, 0.00, 0.00, NULL, '');
INSERT INTO `orders` VALUES (0, '2018-08-17 00:00:00', '5699569414', '5620504187', '4', 7.00, 0.00, 0.00, NULL, '');
INSERT INTO `orders` VALUES (0, '2018-08-17 00:00:00', '5699569414', '5663487202', '4', 3.50, 0.00, 0.00, NULL, '');
INSERT INTO `orders` VALUES (0, '2018-08-17 00:00:00', '5699569414', '5714962799', '4', 6.00, 0.00, 0.00, NULL, '');
INSERT INTO `orders` VALUES (0, '2018-08-17 00:00:00', '5699569414', '5715329370', '4', 1.10, 0.00, 0.00, NULL, '');
INSERT INTO `orders` VALUES (0, '2018-08-17 00:00:00', '5699569414', '5733002595', '4', 0.80, 0.00, 0.00, NULL, '');
INSERT INTO `orders` VALUES (0, '2018-08-17 00:00:00', '5699569414', '5766270834', '4', 20.00, 0.00, 0.00, NULL, '');
INSERT INTO `orders` VALUES (0, '2018-08-17 00:00:00', '5699569414', '5781131408', '4', 1.50, 0.00, 0.00, NULL, '');
INSERT INTO `orders` VALUES (0, '2018-08-17 00:00:00', '5699569414', '5824739244', '4', 1.20, 0.00, 0.00, NULL, '');
INSERT INTO `orders` VALUES (0, '2018-08-17 00:00:00', '5699569414', '5845973926', '4', 7.00, 0.00, 0.00, NULL, '');
INSERT INTO `orders` VALUES (0, '2018-08-17 00:00:00', '5699569414', '5859242506', '4', 8.00, 0.00, 0.00, NULL, '');
INSERT INTO `orders` VALUES (0, '2018-08-17 00:00:00', '5699569414', '5862618468', '4', 2.50, 0.00, 0.00, NULL, '');
INSERT INTO `orders` VALUES (0, '2018-08-17 00:00:00', '5699569414', '5882224231', '4', 1.10, 5.00, 5.50, NULL, '');
INSERT INTO `orders` VALUES (0, '2018-08-17 00:00:00', '5699569414', '5918989045', '4', 1.10, 0.00, 0.00, NULL, '');
INSERT INTO `orders` VALUES (0, '2018-08-17 00:00:00', '5699569414', '5924191058', '4', 8.00, 0.00, 0.00, NULL, '');
INSERT INTO `orders` VALUES (0, '2018-08-17 00:00:00', '5699569414', '5928083942', '4', 6.00, 0.00, 0.00, NULL, '');
INSERT INTO `orders` VALUES (0, '2018-08-17 00:00:00', '5699569414', '5964010623', '4', 45.00, 0.00, 0.00, NULL, '');
INSERT INTO `orders` VALUES (0, '2018-08-17 00:00:00', '5699569414', '6001283739', '4', 2.00, 0.00, 0.00, NULL, '');
INSERT INTO `orders` VALUES (0, '2018-08-17 00:00:00', '5699569414', '6022008157', '4', 1.10, 0.00, 0.00, NULL, '');
INSERT INTO `orders` VALUES (0, '2018-08-17 00:00:00', '5699569414', '6065941223', '4', 1.00, 0.00, 0.00, NULL, '');
INSERT INTO `orders` VALUES (0, '2018-08-17 00:00:00', '5699569414', '6126824458', '4', 11.00, 0.00, 0.00, NULL, '');
INSERT INTO `orders` VALUES (0, '2018-08-17 00:00:00', '5699569414', '6244808547', '4', 5.00, 0.00, 0.00, NULL, '');
INSERT INTO `orders` VALUES (0, '2018-08-17 00:00:00', '5699569414', '6277612628', '4', 8.50, 0.00, 0.00, NULL, '');
INSERT INTO `orders` VALUES (0, '2018-08-17 00:00:00', '5699569414', '6375002341', '4', 8.00, 0.00, 0.00, NULL, '');
INSERT INTO `orders` VALUES (0, '2018-08-17 00:00:00', '5699569414', '6380213495', '4', 13.00, 0.00, 0.00, NULL, '');
INSERT INTO `orders` VALUES (0, '2018-08-17 00:00:00', '5699569414', '6418643655', '4', 9.00, 0.00, 0.00, NULL, '');
INSERT INTO `orders` VALUES (0, '2018-08-17 00:00:00', '5699569414', '6420205838', '4', 1.30, 0.00, 0.00, NULL, '');
INSERT INTO `orders` VALUES (0, '2018-08-17 00:00:00', '5699569414', '6438951213', '4', 13.00, 0.00, 0.00, NULL, '');
INSERT INTO `orders` VALUES (0, '2018-08-17 00:00:00', '5699569414', '6458996488', '4', 12.00, 0.00, 0.00, NULL, '');
INSERT INTO `orders` VALUES (0, '2018-08-17 00:00:00', '5699569414', '6466751433', '4', 1.20, 0.00, 0.00, NULL, '');
INSERT INTO `orders` VALUES (0, '2018-08-17 00:00:00', '5699569414', '6497669424', '4', 2.50, 0.00, 0.00, NULL, '');
INSERT INTO `orders` VALUES (0, '2018-08-17 00:00:00', '5699569414', '6512542255', '4', 5.00, 0.00, 0.00, NULL, '');
INSERT INTO `orders` VALUES (0, '2018-08-17 00:00:00', '5699569414', '6526989490', '4', 30.00, 0.00, 0.00, NULL, '');
INSERT INTO `orders` VALUES (0, '2018-08-17 00:00:00', '5699569414', '6564333307', '4', 8.50, 0.00, 0.00, NULL, '');
INSERT INTO `orders` VALUES (0, '2018-08-17 00:00:00', '5699569414', '6647557457', '4', 4.50, 0.00, 0.00, NULL, '');
INSERT INTO `orders` VALUES (0, '2018-08-17 00:00:00', '5699569414', '6668349642', '4', 9.00, 0.00, 0.00, NULL, '');
INSERT INTO `orders` VALUES (0, '2018-08-17 00:00:00', '5699569414', '6865217141', '4', 9.00, 0.00, 0.00, NULL, '');
INSERT INTO `orders` VALUES (0, '2018-08-17 00:00:00', '5699569414', '6872724399', '4', 35.00, 0.00, 0.00, NULL, '');
INSERT INTO `orders` VALUES (0, '2018-08-17 00:00:00', '5699569414', '6898673996', '4', 18.00, 0.00, 0.00, NULL, '');
INSERT INTO `orders` VALUES (0, '2018-08-17 00:00:00', '5699569414', '6912962156', '4', 3.50, 0.00, 0.00, NULL, '');
INSERT INTO `orders` VALUES (0, '2018-08-17 00:00:00', '5699569414', '6949650672', '4', 1.00, 0.00, 0.00, NULL, '');
INSERT INTO `orders` VALUES (0, '2018-08-17 00:00:00', '5699569414', '7043470353', '4', 1.10, 0.00, 0.00, NULL, '');
INSERT INTO `orders` VALUES (0, '2018-08-17 00:00:00', '5699569414', '7045094024', '4', 15.00, 0.00, 0.00, NULL, '');
INSERT INTO `orders` VALUES (0, '2018-08-17 00:00:00', '5699569414', '7061651843', '4', 0.85, 0.00, 0.00, NULL, '');
INSERT INTO `orders` VALUES (0, '2018-08-17 00:00:00', '5699569414', '7086896795', '4', 4.00, 5.00, 20.00, NULL, '');
INSERT INTO `orders` VALUES (0, '2018-08-17 00:00:00', '5699569414', '7103127704', '4', 45.00, 0.00, 0.00, NULL, '');
INSERT INTO `orders` VALUES (0, '2018-08-17 00:00:00', '5699569414', '7111113768', '4', 12.00, 0.00, 0.00, NULL, '');
INSERT INTO `orders` VALUES (0, '2018-08-17 00:00:00', '5699569414', '7141162769', '4', 12.00, 0.00, 0.00, NULL, '');
INSERT INTO `orders` VALUES (0, '2018-08-17 00:00:00', '5699569414', '7161453628', '4', 1.00, 0.00, 0.00, NULL, '');
INSERT INTO `orders` VALUES (0, '2018-08-17 00:00:00', '5699569414', '7274691547', '4', 12.00, 0.00, 0.00, NULL, '');
INSERT INTO `orders` VALUES (0, '2018-08-17 00:00:00', '5699569414', '7289610944', '4', 35.00, 0.00, 0.00, NULL, '');
INSERT INTO `orders` VALUES (0, '2018-08-17 00:00:00', '5699569414', '7325831945', '4', 2.50, 0.00, 0.00, NULL, '');
INSERT INTO `orders` VALUES (0, '2018-08-17 00:00:00', '5699569414', '7384054974', '4', 11.50, 0.00, 0.00, NULL, '');
INSERT INTO `orders` VALUES (0, '2018-08-17 00:00:00', '5699569414', '7546287244', '4', 22.00, 0.00, 0.00, NULL, '');
INSERT INTO `orders` VALUES (0, '2018-08-17 00:00:00', '5699569414', '7579304373', '4', 23.00, 0.00, 0.00, NULL, '');
INSERT INTO `orders` VALUES (0, '2018-08-17 00:00:00', '5699569414', '7593881042', '4', 5.00, 0.00, 0.00, NULL, '');
INSERT INTO `orders` VALUES (0, '2018-08-17 00:00:00', '5699569414', '7615368955', '4', 65.00, 0.00, 0.00, NULL, '');
INSERT INTO `orders` VALUES (0, '2018-08-17 00:00:00', '5699569414', '7615750388', '4', 7.00, 0.00, 0.00, NULL, '');
INSERT INTO `orders` VALUES (0, '2018-08-17 00:00:00', '5699569414', '7649649933', '4', 150.00, 0.00, 0.00, NULL, '');
INSERT INTO `orders` VALUES (0, '2018-08-17 00:00:00', '5699569414', '7671914417', '4', 4.50, 0.00, 0.00, NULL, '');
INSERT INTO `orders` VALUES (0, '2018-08-17 00:00:00', '5699569414', '7749739543', '4', 5.00, 0.00, 0.00, NULL, '');
INSERT INTO `orders` VALUES (0, '2018-08-17 00:00:00', '5699569414', '7797066007', '4', 3.00, 0.00, 0.00, NULL, '');
INSERT INTO `orders` VALUES (0, '2018-08-17 00:00:00', '5699569414', '7838987258', '4', 3.00, 0.00, 0.00, NULL, '');
INSERT INTO `orders` VALUES (0, '2018-08-17 00:00:00', '5699569414', '7843854261', '4', 8.50, 0.00, 0.00, NULL, '');
INSERT INTO `orders` VALUES (0, '2018-08-17 00:00:00', '5699569414', '7862046815', '4', 1.20, 0.00, 0.00, NULL, '');
INSERT INTO `orders` VALUES (0, '2018-08-17 00:00:00', '5699569414', '7863849544', '4', 1.30, 0.00, 0.00, NULL, '');
INSERT INTO `orders` VALUES (0, '2018-08-17 00:00:00', '5699569414', '7883073348', '4', 11.50, 0.00, 0.00, NULL, '');
INSERT INTO `orders` VALUES (0, '2018-08-17 00:00:00', '5699569414', '7945139022', '4', 15.00, 0.00, 0.00, NULL, '');
INSERT INTO `orders` VALUES (0, '2018-08-17 00:00:00', '5699569414', '7963058637', '4', 10.00, 0.00, 0.00, NULL, '');
INSERT INTO `orders` VALUES (0, '2018-08-17 00:00:00', '5699569414', '7963974750', '4', 8.00, 0.00, 0.00, NULL, '');
INSERT INTO `orders` VALUES (0, '2018-08-17 00:00:00', '5699569414', '8012263384', '4', 40.00, 0.00, 0.00, NULL, '');
INSERT INTO `orders` VALUES (0, '2018-08-17 00:00:00', '5699569414', '8034228775', '4', 112.00, 0.00, 0.00, NULL, '');
INSERT INTO `orders` VALUES (0, '2018-08-17 00:00:00', '5699569414', '8094580699', '4', 6.00, 0.00, 0.00, NULL, '');
INSERT INTO `orders` VALUES (0, '2018-08-17 00:00:00', '5699569414', '8102038698', '4', 18.00, 0.00, 0.00, NULL, '');
INSERT INTO `orders` VALUES (0, '2018-08-17 00:00:00', '5699569414', '8147104681', '4', 25.00, 0.00, 0.00, NULL, '');
INSERT INTO `orders` VALUES (0, '2018-08-17 00:00:00', '5699569414', '8210958178', '4', 6.50, 0.00, 0.00, NULL, '');
INSERT INTO `orders` VALUES (0, '2018-08-17 00:00:00', '5699569414', '8296971819', '4', 0.90, 0.00, 0.00, NULL, '');
INSERT INTO `orders` VALUES (0, '2018-08-17 00:00:00', '5699569414', '8309122901', '4', 13.00, 0.00, 0.00, NULL, '');
INSERT INTO `orders` VALUES (0, '2018-08-17 00:00:00', '5699569414', '8333595391', '4', 35.00, 0.00, 0.00, NULL, '');
INSERT INTO `orders` VALUES (0, '2018-08-17 00:00:00', '5699569414', '8341043567', '4', 23.00, 0.00, 0.00, NULL, '');
INSERT INTO `orders` VALUES (0, '2018-08-17 00:00:00', '5699569414', '8429230840', '4', 6.00, 0.00, 0.00, NULL, '');
INSERT INTO `orders` VALUES (0, '2018-08-17 00:00:00', '5699569414', '8457579240', '4', 0.90, 0.00, 0.00, NULL, '');
INSERT INTO `orders` VALUES (0, '2018-08-17 00:00:00', '5699569414', '8493807360', '4', 3.00, 0.00, 0.00, NULL, '');
INSERT INTO `orders` VALUES (0, '2018-08-17 00:00:00', '5699569414', '8507256892', '4', 15.50, 0.00, 0.00, NULL, '');
INSERT INTO `orders` VALUES (0, '2018-08-17 00:00:00', '5699569414', '8512527513', '4', 4.00, 0.00, 0.00, NULL, '');
INSERT INTO `orders` VALUES (0, '2018-08-17 00:00:00', '5699569414', '8559706225', '4', 16.00, 0.00, 0.00, NULL, '');
INSERT INTO `orders` VALUES (0, '2018-08-17 00:00:00', '5699569414', '8596776390', '4', 9.00, 0.00, 0.00, NULL, '');
INSERT INTO `orders` VALUES (0, '2018-08-17 00:00:00', '5699569414', '8614319524', '4', 260.00, 0.00, 0.00, NULL, '');
INSERT INTO `orders` VALUES (0, '2018-08-17 00:00:00', '5699569414', '8620607666', '4', 3.50, 0.00, 0.00, NULL, '');
INSERT INTO `orders` VALUES (0, '2018-08-17 00:00:00', '5699569414', '8641947894', '4', 4.50, 0.00, 0.00, NULL, '');
INSERT INTO `orders` VALUES (0, '2018-08-17 00:00:00', '5699569414', '8726765162', '4', 1.20, 0.00, 0.00, NULL, '');
INSERT INTO `orders` VALUES (0, '2018-08-17 00:00:00', '5699569414', '8764267383', '4', 0.80, 0.00, 0.00, NULL, '');
INSERT INTO `orders` VALUES (0, '2018-08-17 00:00:00', '5699569414', '8774791780', '4', 10.00, 0.00, 0.00, NULL, '');
INSERT INTO `orders` VALUES (0, '2018-08-17 00:00:00', '5699569414', '8985870590', '4', 4.00, 0.00, 0.00, NULL, '');
INSERT INTO `orders` VALUES (0, '2018-08-17 00:00:00', '5699569414', '9001062832', '4', 11.50, 0.00, 0.00, NULL, '');
INSERT INTO `orders` VALUES (0, '2018-08-17 00:00:00', '5699569414', '9004622336', '4', 0.80, 0.00, 0.00, NULL, '');
INSERT INTO `orders` VALUES (0, '2018-08-17 00:00:00', '5699569414', '9012657274', '4', 4.00, 0.00, 0.00, NULL, '');
INSERT INTO `orders` VALUES (0, '2018-08-17 00:00:00', '5699569414', '9017134824', '4', 13.00, 0.00, 0.00, NULL, '');
INSERT INTO `orders` VALUES (0, '2018-08-17 00:00:00', '5699569414', '9084077863', '4', 8.00, 0.00, 0.00, NULL, '');
INSERT INTO `orders` VALUES (0, '2018-08-17 00:00:00', '5699569414', '9098838391', '4', 1.10, 0.00, 0.00, NULL, '');
INSERT INTO `orders` VALUES (0, '2018-08-17 00:00:00', '5699569414', '9266709676', '4', 1.00, 0.00, 0.00, NULL, '');
INSERT INTO `orders` VALUES (0, '2018-08-17 00:00:00', '5699569414', '9269385462', '4', 165.00, 0.00, 0.00, NULL, '');
INSERT INTO `orders` VALUES (0, '2018-08-17 00:00:00', '5699569414', '9293911524', '4', 2.50, 0.00, 0.00, NULL, '');
INSERT INTO `orders` VALUES (0, '2018-08-17 00:00:00', '5699569414', '9324935106', '4', 1.20, 0.00, 0.00, NULL, '');
INSERT INTO `orders` VALUES (0, '2018-08-17 00:00:00', '5699569414', '9332182245', '4', 3.00, 0.00, 0.00, NULL, '');
INSERT INTO `orders` VALUES (0, '2018-08-17 00:00:00', '5699569414', '9352724164', '4', 17.00, 0.00, 0.00, NULL, '');
INSERT INTO `orders` VALUES (0, '2018-08-17 00:00:00', '5699569414', '9409057759', '4', 2.50, 0.00, 0.00, NULL, '');
INSERT INTO `orders` VALUES (0, '2018-08-17 00:00:00', '5699569414', '9442631342', '4', 5.00, 0.00, 0.00, NULL, '');
INSERT INTO `orders` VALUES (0, '2018-08-17 00:00:00', '5699569414', '9491454388', '4', 6.00, 0.00, 0.00, NULL, '');
INSERT INTO `orders` VALUES (0, '2018-08-17 00:00:00', '5699569414', '9591999672', '4', 50.00, 0.00, 0.00, NULL, '');
INSERT INTO `orders` VALUES (0, '2018-08-17 00:00:00', '5699569414', '9680295770', '4', 1.00, 0.00, 0.00, NULL, '');
INSERT INTO `orders` VALUES (0, '2018-08-17 00:00:00', '5699569414', '9755692256', '4', 3.50, 0.00, 0.00, NULL, '');
INSERT INTO `orders` VALUES (0, '2018-08-17 00:00:00', '5699569414', '9908727289', '4', 3.00, 0.00, 0.00, NULL, '');
INSERT INTO `orders` VALUES (0, '2018-08-17 00:00:00', '5699569414', '9914435668', '4', 2.40, 0.00, 0.00, NULL, '');
INSERT INTO `orders` VALUES (0, '2018-08-17 00:00:00', '5699569414', '9970027287', '4', 11.00, 0.00, 0.00, NULL, '');
COMMIT;

-- ----------------------------
-- Table structure for pay
-- ----------------------------
DROP TABLE IF EXISTS `pay`;
CREATE TABLE `pay` (
  `id` varchar(11) NOT NULL,
  `name` varchar(50) NOT NULL DEFAULT '',
  `state` varchar(11) NOT NULL,
  PRIMARY KEY (`id`) USING BTREE
) ENGINE=InnoDB DEFAULT CHARSET=utf8;

-- ----------------------------
-- Table structure for product
-- ----------------------------
DROP TABLE IF EXISTS `product`;
CREATE TABLE `product` (
  `id` varchar(20) NOT NULL,
  `name` varchar(30) DEFAULT NULL,
  `p_code` varchar(4) DEFAULT NULL COMMENT '产品大类编码',
  `unit` varchar(10) DEFAULT NULL,
  `price` decimal(12,2) DEFAULT NULL,
  `imgfile` varchar(100) DEFAULT NULL,
  `note` varchar(100) DEFAULT NULL,
  PRIMARY KEY (`id`) USING BTREE
) ENGINE=InnoDB DEFAULT CHARSET=utf8 ROW_FORMAT=DYNAMIC COMMENT='产品信息表';

-- ----------------------------
-- Records of product
-- ----------------------------
BEGIN;
INSERT INTO `product` VALUES ('1041469823', '海带（干）', '0500', '斤', 8.00, '98ba4727-88a2-4654-8f0b-fbd093a7216f.png', '实惠');
INSERT INTO `product` VALUES ('1042606726', '绿豆', '0500', '斤', 5.00, 'ad2ab3bc-3032-44df-b51d-771134f666f4.png', '');
INSERT INTO `product` VALUES ('1046188992', '福寿鱼', '0300', '千克', 6.00, '7b689f89-3744-43e6-b0f0-bb4f53707f70.png', '实惠');
INSERT INTO `product` VALUES ('1058568708', '腊肠', '0400', '斤', 12.00, '519d6d6a-1b0d-430f-988d-40435e20f388.png', '');
INSERT INTO `product` VALUES ('1119882026', '后猪腿', '0200', '斤', 15.00, 'e30771e5-f722-4633-aba8-54fa1a566453.png', '');
INSERT INTO `product` VALUES ('1253110852', '番鸭', '0200', '斤', 9.00, '333fd901-1c8c-4c0a-84fd-3f348a69c5ed.png', '');
INSERT INTO `product` VALUES ('1278639234', '猪肝', '0200', '斤', 10.00, 'e248e101-5e32-49ee-a370-a279b19354f2.png', '');
INSERT INTO `product` VALUES ('1296095373', '木瓜', '0100', '斤', 1.10, 'b2f97f7c-14b1-4d4e-b13d-c68235c4345c.png', '');
INSERT INTO `product` VALUES ('1299761438', '京包菜', '0100', '千克', 1.00, '4a2c91af-bab3-4219-be57-cb88064a3249.png', '实惠');
INSERT INTO `product` VALUES ('1325688661', '新藕', '0100', '斤', 1.60, 'd2cf2dbe-385c-4e33-822f-8c2ea8655ef8.png', '');
INSERT INTO `product` VALUES ('1381082106', '菜心', '0100', '斤', 1.80, '541243ab-3283-4fc4-adc9-f4107007a20f.png', '');
INSERT INTO `product` VALUES ('1431930409', '千张', '0500', '斤', 4.00, '96922577-88bd-4176-8cb2-bbbd8f7a0ac1.png', '');
INSERT INTO `product` VALUES ('1617370687', '聚美味调和油', '0400', '20L', 165.00, 'd3edc30f-9425-44b3-8634-69791a60a01c.png', '实惠');
INSERT INTO `product` VALUES ('1686051240', '烧鸭', '0200', '斤', 9.00, '2af58e12-de05-4474-89ff-0cd82842717e.png', '');
INSERT INTO `product` VALUES ('1693167624', '佛手瓜', '0100', '斤', 0.90, 'f63d327f-4a5a-4aa8-9afe-5543b63834e0.png', '');
INSERT INTO `product` VALUES ('1773025230', '乌鸡', '0200', '斤', 11.00, '134bfd64-027f-415f-ab2a-176020c8371f.png', '');
INSERT INTO `product` VALUES ('1782077120', '豆豉', '0500', '斤', 10.00, '448a1803-c6bc-419d-9347-5aed59299832.png', '');
INSERT INTO `product` VALUES ('1843039038', '白鸭', '0200', '斤', 5.00, '79adc12e-8a91-4fcf-b62a-3e3719020019.png', '');
INSERT INTO `product` VALUES ('1875977295', '卤猪头肉', '0200', '斤', 13.00, '3fd9b9a8-613c-4231-9343-0fbafa21f6e9.png', '');
INSERT INTO `product` VALUES ('1882866591', '前猪腿', '0200', '斤', 12.50, '8fad10fb-bb3e-4dd9-9e5c-9a1dc344fd5b.png', '');
INSERT INTO `product` VALUES ('1887593880', '白芝麻', '0500', '斤', 9.00, 'c6a0f412-2f80-4129-b6ed-c86659318137.png', '');
INSERT INTO `product` VALUES ('1964137379', '鲢鱼', '0300', '千克', 4.00, '2ba04fd2-6a13-4736-b8f2-606efc9aa324.png', '实惠');
INSERT INTO `product` VALUES ('2059731698', '湖南辣椒', '0100', '斤', 1.30, '3b0ca980-85b5-47f6-b17b-b4fe3fa4e0ae.png', '');
INSERT INTO `product` VALUES ('2092387274', '莴笋', '0100', '斤', 0.80, 'ae7f9c6b-7628-428a-a113-8351451ec65b.png', '');
INSERT INTO `product` VALUES ('2144477998', '白菜心', '0100', '斤', 1.10, '581821f5-d699-4977-9988-55ad5f4302a9.png', '');
INSERT INTO `product` VALUES ('2217839163', '猪腰', '0200', '斤', 15.00, '23b092af-68ed-4e4f-a6a1-2fae9957e4cb.png', '');
INSERT INTO `product` VALUES ('2218391566', '白糖', '0400', '斤', 3.45, '9d6baa68-d99b-4aaf-8cae-52ba45e1d22b.png', '');
INSERT INTO `product` VALUES ('2340144496', '韭黄', '0100', '斤', 9.00, '5d0ec176-8f01-4c26-aef5-f13030681973.png', '');
INSERT INTO `product` VALUES ('2376115770', '水笋', '0100', '斤', 4.00, '281e3e74-adaf-44d6-9478-42cddd7a78a0.png', '');
INSERT INTO `product` VALUES ('2386592860', '生猪头皮', '0200', '斤', 10.00, '8c3fc821-5843-46cd-a48e-7008f75dca7e.png', '');
INSERT INTO `product` VALUES ('2402044242', '大白菜', '0100', '斤', 0.70, 'eb6662b1-2ad8-4884-b0e6-e5b6dff8bc9f.png', '');
INSERT INTO `product` VALUES ('2439481821', '海带（湿）', '0500', '斤', 1.10, 'cb19b959-8f21-479d-920d-9bcf050cf99d.png', '实惠');
INSERT INTO `product` VALUES ('2447068729', '甜豆', '0100', '斤', 6.50, 'a3c24778-0eb9-49e0-a95d-80a3accdade7.png', '');
INSERT INTO `product` VALUES ('2470669174', '康力油', '0400', '16L', 165.00, '6a6c8615-3169-4aa4-8aa5-a88dfb03005c.png', '');
INSERT INTO `product` VALUES ('2489986206', '带鱼大条', '0300', '斤', 10.00, '327e6c11-6187-4077-a1ab-348338e75b6b.png', '');
INSERT INTO `product` VALUES ('2518784346', '青瓜', '0100', '斤', 1.90, 'c0e20035-405f-4f0d-abd1-a5e0114239a8.png', '');
INSERT INTO `product` VALUES ('2622033657', '小白菜', '0100', '斤', 1.00, '2168b6c0-2b08-48b4-941f-71f8ab0b00d1.png', '');
INSERT INTO `product` VALUES ('2665881419', '姜', '0100', '斤', 3.50, '3905381e-a8aa-4d8f-9027-de9ab5e5961c.png', '');
INSERT INTO `product` VALUES ('2706579578', '梅菜', '0400', '斤', 33.00, 'e74d229e-781e-430b-bdf8-100a16d0debe.png', '');
INSERT INTO `product` VALUES ('2891769070', '芋头', '0100', '斤', 3.00, 'cf1d3cec-ba5e-4838-8917-66c9c8e041e1.png', '');
INSERT INTO `product` VALUES ('2939243318', '大有鸡粉', '0400', '包', 11.00, 'efc93289-f4ee-48ad-99a2-aa1e1ed650d8.png', '');
INSERT INTO `product` VALUES ('3016444663', '咸鸭蛋（红心）', '0500', '斤', 1.00, '9d8ddd2d-c966-465c-8df2-0d14693d9daa.png', '实惠');
INSERT INTO `product` VALUES ('3023632558', '四季豆', '0100', '斤', 1.40, '412c397e-0759-4a72-9520-9c138edc5eb9.png', '');
INSERT INTO `product` VALUES ('3056817336', '西红柿', '0100', '斤', 1.10, 'fee05efd-e017-40c5-ae77-2993d5384310.png', '');
INSERT INTO `product` VALUES ('3094205075', '鸡中翅', '0200', '斤', 18.50, 'bb3760fc-d278-4d3c-a23c-bef5e523b221.png', '');
INSERT INTO `product` VALUES ('3099892929', '长茄子', '0100', '斤', 1.50, 'd13d8562-5d9f-4feb-b1da-be31ec793620.png', '');
INSERT INTO `product` VALUES ('3160041190', '排骨', '0200', '千克', 16.00, '2e5631ee-af75-43cf-a7f6-4a5906a75b1d.png', '实惠');
INSERT INTO `product` VALUES ('3162567339', '白菜花', '0100', '斤', 1.20, 'c6e0af97-5cfc-40e0-a5fd-e9f9c91f7a44.png', '');
INSERT INTO `product` VALUES ('3178759691', '猪血', '0200', '斤', 1.20, '5bc1998d-35c6-4fd7-aefe-2540a0c269ef.png', '');
INSERT INTO `product` VALUES ('3188702778', '金针菇', '0500', '斤', 3.00, '206f8b2a-9c98-4f7e-ab78-d545eb85c843.png', '');
INSERT INTO `product` VALUES ('3243098095', '卤水鸭', '0200', '斤', 9.50, '4d51d1c0-7a55-4e6e-ba8f-fb096be9726d.png', '');
INSERT INTO `product` VALUES ('3419469228', '生粉', '0400', '斤', 2.00, '9c810b61-50b6-4add-b301-657d1c095bfc.png', '');
INSERT INTO `product` VALUES ('3444024192', '空心菜', '0100', '斤', 1.30, '4a2c792f-09b1-42de-a450-42825def7100.png', '');
INSERT INTO `product` VALUES ('3448485863', '西兰花', '0100', '斤', 2.00, 'a1b2ae29-b7d3-4a08-b2fa-aae090982472.png', '');
INSERT INTO `product` VALUES ('3497438452', '味精', '0400', '斤', 4.50, '32a5a081-c460-48e8-8b99-25dcbe8d6c45.png', '');
INSERT INTO `product` VALUES ('3591198584', '花椒油', '0400', '瓶', 15.00, '8b828590-211c-4761-9ea0-82324ce062ba.png', '');
INSERT INTO `product` VALUES ('3617680481', '红枣', '0500', '斤', 8.00, '2f302e31-7716-48e3-8785-d5a3b642ebc0.png', '');
INSERT INTO `product` VALUES ('3661049799', '泡椒', '0500', '斤', 7.00, '9cebee11-296a-44d0-a00e-7b5c5b0bacea.png', '');
INSERT INTO `product` VALUES ('3732823387', '木耳（湿）', '0500', '斤', 2.30, 'bc65aa86-3bd2-4a89-9664-a06dfa32eeca.png', '实惠');
INSERT INTO `product` VALUES ('3740315096', '土豆', '0100', '斤', 1.30, '4a37e299-6802-466a-b9a7-2ef8119136d0.png', '');
INSERT INTO `product` VALUES ('3774722053', '黄皮辣椒', '0100', '斤', 1.20, 'f510171f-f0de-4ba6-9442-c0c217930584.png', '');
INSERT INTO `product` VALUES ('3780568777', '茶树菇（干）', '0500', '斤', 33.00, 'fbdeaeda-5e85-46a3-9ec6-741e1f3ceae4.png', '');
INSERT INTO `product` VALUES ('3805459728', '香芹', '0100', '斤', 2.20, 'afd5c509-0080-4c0c-9c98-f135a77dde14.png', '');
INSERT INTO `product` VALUES ('3956131993', '海天生抽', '0400', '瓶', 12.00, '398400e2-7ef5-4d57-bcaf-31d37f873cc2.png', '');
INSERT INTO `product` VALUES ('3987923651', '青尖椒', '0100', '斤', 1.00, '28fe5c2a-b9f0-406b-b721-0af587fd9be1.png', '');
INSERT INTO `product` VALUES ('4037153291', '豆鼓', '0500', '斤', 7.00, '9e662e9f-87cf-4013-a077-756bd5fd1ee6.png', '');
INSERT INTO `product` VALUES ('4044824591', '红皮洋葱', '0100', '斤', 1.00, 'd551cac7-d491-4479-a41e-91c2d53a2464.png', '');
INSERT INTO `product` VALUES ('4076010936', '鱼头', '0300', '斤', 9.50, '53da8e6c-2bd2-4e4d-a177-9fff271e91db.png', '');
INSERT INTO `product` VALUES ('4164086601', '红薯叶', '0100', '斤', 1.50, 'e9ad7b03-a4bd-437e-9f31-b84e0ebe3c14.png', '');
INSERT INTO `product` VALUES ('4169014486', '香菜', '0100', '斤', 7.50, 'b100909c-8b92-4a2d-8cb6-62670b79da17.png', '');
INSERT INTO `product` VALUES ('4177129835', '南瓜', '0100', '斤', 0.90, '35c30abf-3db1-4569-b1f0-b8a4546694e2.png', '');
INSERT INTO `product` VALUES ('4202172518', '老甜豆', '0100', '斤', 6.00, '374baee7-3d82-4220-aa42-138f8fabaa57.png', '');
INSERT INTO `product` VALUES ('4234311537', '料酒', '0400', '瓶', 4.00, '3370cf95-ac25-4ff1-9064-29ff54c5122b.png', '');
INSERT INTO `product` VALUES ('4340963053', '卤猪耳', '0200', '斤', 23.00, 'e9890b0e-c560-46dc-99d0-f83f8fb082d5.png', '');
INSERT INTO `product` VALUES ('4399922351', '腊肉', '0200', '斤', 23.00, 'f6c0645f-c478-4b84-8e55-d70269d91fdd.png', '');
INSERT INTO `product` VALUES ('4411895875', '龙骨', '0200', '斤', 15.00, '00b71dbc-823c-4dc1-8ad1-3c00c1d1256b.png', '');
INSERT INTO `product` VALUES ('4421343082', '面粉', '0400', '斤', 2.50, 'f04d69e5-2221-45de-a898-6c081ec82da8.png', '实惠');
INSERT INTO `product` VALUES ('4434416067', '冰糖', '0400', '斤', 5.00, '30dc0d32-243a-4992-bf69-ef8b44a85aa6.png', '');
INSERT INTO `product` VALUES ('4455760666', '红薯', '0100', '斤', 1.40, 'fcd4c68c-b57c-4562-b39c-6319ee816cbc.png', '');
INSERT INTO `product` VALUES ('4591015300', '三黄鸡', '0200', '斤', 7.00, 'fe1ad1e5-9e89-49b9-af1e-99754b7685fa.png', '');
INSERT INTO `product` VALUES ('4594795794', '苦瓜', '0100', '斤', 3.00, 'e38bc1e1-69d6-4151-9da6-c44ab5a4ec75.png', '');
INSERT INTO `product` VALUES ('4685632727', '江苏大米', '0400', '100斤', 200.00, 'daf847c6-9d0d-403e-ad12-56cd77a88d67.png', '');
INSERT INTO `product` VALUES ('4686909047', '牛肉', '0200', '斤', 50.00, 'b13d5fd1-3ad2-4d35-84e0-277d2b787408.png', '');
INSERT INTO `product` VALUES ('4712273099', '仙桃王香米', '0400', '袋', 123.00, '523b68ed-9ec9-4ab1-ac32-f258c57b4fbf.png', '实惠');
INSERT INTO `product` VALUES ('4745365835', '沙葛', '0100', '斤', 1.10, '4aa11b9d-ecad-41f0-87af-cb9628dc9c5b.png', '');
INSERT INTO `product` VALUES ('4766658531', '酸菜', '0500', '斤', 1.50, 'ce0fc9af-4a6e-4b7e-8fbe-adc189e652c7.png', '');
INSERT INTO `product` VALUES ('4801952018', '黄心白', '0100', '千克', 1.30, 'ed0173bd-301a-476c-8956-f2ec2662c548.png', '实惠');
INSERT INTO `product` VALUES ('4812160306', '大头鱼', '0300', '千克', 7.50, 'c328b5da-39e6-40cf-987c-f8dab2f4f983.png', '实惠');
INSERT INTO `product` VALUES ('4814352197', '盐/件', '0400', '件', 60.00, 'bda2e382-5ec1-4da3-9217-f382b000e1e9.png', '');
INSERT INTO `product` VALUES ('4822924224', '平包菜', '0100', '千克', 0.90, '4d51e8e9-2a27-475f-921e-16f2721277c0.png', '实惠');
INSERT INTO `product` VALUES ('4850081664', '盐焗鸡', '0200', '斤', 10.00, '5353315b-55f9-4a44-9bdd-ea6403c9f3b6.png', '');
INSERT INTO `product` VALUES ('4896987422', '当归', '0500', '斤', 60.00, 'f5cfbf70-19ed-4f03-997e-95e360710909.png', '');
INSERT INTO `product` VALUES ('4928499129', '木耳（干）', '0500', '斤', 45.00, 'c6433890-dd3e-4a70-865d-5ba6a7d04697.png', '实惠');
INSERT INTO `product` VALUES ('4957025013', '火腿-小', '0500', '包', 5.00, '7fee3484-e8f6-442b-bb24-0df01193450c.png', '');
INSERT INTO `product` VALUES ('4991861029', '香葱', '0100', '斤', 3.00, '2a450d2d-7509-46c2-93b4-06e40e6afee4.png', '');
INSERT INTO `product` VALUES ('5040969610', '散生菜', '0100', '千克', 1.10, '14ac05de-7fbe-4482-9c62-649bf2712cb4.png', '实惠');
INSERT INTO `product` VALUES ('5065144201', '老南瓜', '0100', '斤', 0.80, '1a69f04f-31bd-437f-9dfe-3b6d96bf80db.png', '');
INSERT INTO `product` VALUES ('5089781709', '大芋头', '0100', '斤', 2.00, 'b83f9615-835f-4e0a-8f88-2c26c76205d5.png', '');
INSERT INTO `product` VALUES ('5167290843', '散装鸡蛋', '0200', '斤', 6.00, 'e3d9905e-564f-40c5-ba02-3c4e3ff4af93.png', '');
INSERT INTO `product` VALUES ('5184173124', '鸡尖', '0200', '斤', 7.00, 'a9730055-fb93-442e-9e8f-ab2e669fcb1b.png', '');
INSERT INTO `product` VALUES ('5191818306', '白干', '0500', '斤', 2.00, 'bffed94a-58f4-4700-8f12-a0bfe0418709.png', '');
INSERT INTO `product` VALUES ('5203541055', '散菜花', '0100', '斤', 1.40, '5726a21a-1d8c-4c86-8cbd-4ca9c13e6e5e.png', '');
INSERT INTO `product` VALUES ('5242211150', '仓鱼', '0300', '千克', 6.50, '09ab15ae-7423-401a-a1a4-f5d38a99c176.png', '实惠');
INSERT INTO `product` VALUES ('5252812277', '蒜苔', '0100', '斤', 1.30, 'fca1a81b-9061-4f49-be63-a7f3b047094c.png', '');
INSERT INTO `product` VALUES ('5255220090', '池鱼', '0300', '千克', 6.50, 'dcb290c5-7e94-4a18-8ff3-4f4c1388f302.png', '实惠');
INSERT INTO `product` VALUES ('5299725679', '菠菜', '0100', '斤', 1.20, '7cca13cd-ef20-4a8e-ae12-526ad0cb52c9.png', '');
INSERT INTO `product` VALUES ('5335808266', '猪脚', '0200', '斤', 11.00, '5c5fe130-46c1-4718-827e-8e17dfde0aaf.png', '');
INSERT INTO `product` VALUES ('5347163080', '枸杞叶', '0100', '斤', 4.00, 'c7ecc751-06c4-4493-943b-41d93b296eae.png', '');
INSERT INTO `product` VALUES ('5451175943', '秋刀鱼', '0300', '千克', 6.50, 'a051e474-db6a-4920-84b3-a4642c10a4c3.png', '实惠');
INSERT INTO `product` VALUES ('5504620877', '黄豆', '0500', '斤', 3.50, 'ce979159-7843-4238-aa25-7eaff43a3d10.png', '');
INSERT INTO `product` VALUES ('5551150325', '草鱼', '0300', '千克', 6.50, '4888301d-d971-43b1-800b-a823058ebc2d.png', '实惠');
INSERT INTO `product` VALUES ('5607706622', '淮山（山药）', '0100', '斤', 3.70, '319c7ed8-04aa-4b2c-9c98-f37ccb4e6ee9.png', '');
INSERT INTO `product` VALUES ('5620504187', '热狗肠', '0400', '包', 7.00, 'bbb454a8-0078-4cd3-8035-f4e821da3294.png', '');
INSERT INTO `product` VALUES ('5663487202', '南德', '0400', '包', 3.50, '7894237d-69a6-4bb1-a7bd-2dd944ed175e.png', '');
INSERT INTO `product` VALUES ('5714962799', '水豆腐', '0500', '板', 6.00, '66646468-ee97-4976-b7ef-3a21129f6335.png', '');
INSERT INTO `product` VALUES ('5715329370', '大个土豆', '0100', '斤', 1.10, 'b26b983c-a18f-409a-a1e5-09145ab7457d.png', '');
INSERT INTO `product` VALUES ('5733002595', '韭菜大条', '0100', '斤', 0.80, '9635d609-1e21-48f4-ac06-2edc367328d2.png', '');
INSERT INTO `product` VALUES ('5766270834', '鸡小腿', '0200', '斤', 20.00, '370cfea3-a150-4e72-a28c-61c0b11428e0.png', '');
INSERT INTO `product` VALUES ('5781131408', '苋菜', '0100', '斤', 1.50, 'c04f9342-ad0b-4c5f-b7a0-cd02bb7079ea.png', '');
INSERT INTO `product` VALUES ('5824739244', '西洋菜', '0100', '斤', 1.20, '1e3514c3-8af7-4747-b72b-4f0c140a31ef.png', '');
INSERT INTO `product` VALUES ('5845973926', '带鱼中条', '0300', '斤', 7.00, '00285ef9-b7dd-4551-b93c-b4ba6d5fc315.png', '');
INSERT INTO `product` VALUES ('5859242506', '鸭肠', '0200', '斤', 8.00, '5e3bda90-8c1e-4e3b-8fea-32572029021f.png', '');
INSERT INTO `product` VALUES ('5862618468', '玉米棒', '0100', '斤', 2.50, '8464ce10-95c9-4006-ad8e-75a23a03ffa6.png', '');
INSERT INTO `product` VALUES ('5882224231', '蒲瓜', '0100', '斤', 1.10, '953ebb54-7143-456e-b914-a0820f8c364c.png', '');
INSERT INTO `product` VALUES ('5918989045', '油麦菜', '0100', '千克', 1.10, '6ea8d65d-e001-4172-bb08-d0276a231855.png', '实惠');
INSERT INTO `product` VALUES ('5924191058', '凤爪', '0200', '斤', 8.00, '0e5fcaa1-531a-4256-ae99-cf38176b5099.png', '');
INSERT INTO `product` VALUES ('5928083942', '肥肉', '0200', '千克', 6.00, 'bfd5aa69-08ff-4c38-9943-db5610138629.png', '实惠');
INSERT INTO `product` VALUES ('5964010623', '干香菇', '0500', '斤', 45.00, '3597ff68-8869-4909-a2ec-f8ecd6daee75.png', '好吃的干香菇!!!');
INSERT INTO `product` VALUES ('6001283739', '东莞白醋', '0400', '瓶', 2.00, '79361ead-4c48-47d8-b6bb-823f941c4d78.png', '');
INSERT INTO `product` VALUES ('6022008157', '上海青', '0100', '千克', 1.10, 'dc6b5526-7451-4a42-989f-26d791ca9e33.png', '实惠');
INSERT INTO `product` VALUES ('6065941223', '魔芋', '0500', '斤', 1.00, '679b5b58-37f7-4902-be12-f9e5691a3dcb.png', '');
INSERT INTO `product` VALUES ('6126824458', '猪手', '0200', '斤', 11.00, 'c9f4707d-3b5e-4246-b799-43653a3a6d85.png', '');
INSERT INTO `product` VALUES ('6244808547', '卤香干', '0500', '斤', 5.00, '6a9d3116-6478-486b-bf90-2af7cada664e.png', '');
INSERT INTO `product` VALUES ('6277612628', '肥肠', '0200', '斤', 8.50, '5d669c5f-9b1c-471f-b5a5-85309978b92e.png', '');
INSERT INTO `product` VALUES ('6375002341', '肉鸡', '0200', '斤', 8.00, '56a93d0a-5c6f-4d3f-a55f-091f7c923f1d.png', '');
INSERT INTO `product` VALUES ('6380213495', '麻油', '0400', '瓶', 13.00, '74bbbde5-dbd2-4d83-9ffc-f55bacf658b2.png', '');
INSERT INTO `product` VALUES ('6418643655', '腐竹', '0500', '斤', 9.00, 'f4c75d61-5b7a-48cb-acf5-c7b7d3754ab9.png', '');
INSERT INTO `product` VALUES ('6420205838', '西葫芦', '0100', '斤', 1.30, 'ff203afa-942d-4695-bd7b-445974234433.png', '');
INSERT INTO `product` VALUES ('6438951213', '好肉卷', '0200', '斤', 13.00, '6644d1fb-48d2-411b-91fd-d176981cb21a.png', '');
INSERT INTO `product` VALUES ('6458996488', '带鱼优质', '0300', '斤', 12.00, '113af161-b0fe-4d6f-84c6-d2f7de9dee1b.png', '');
INSERT INTO `product` VALUES ('6466751433', '苦麦菜', '0100', '斤', 1.20, '800c50c7-d8b0-4dd8-a9a4-f7f0960a56f8.png', '');
INSERT INTO `product` VALUES ('6497669424', '好酸菜', '0500', '斤', 2.50, 'b7e6e28a-407c-4363-bb48-aeceb5689b4d.png', '');
INSERT INTO `product` VALUES ('6512542255', '好红薯粉', '0400', '斤', 5.00, '9f0c6503-7245-42ec-9f0b-58b45d4008f2.png', '');
INSERT INTO `product` VALUES ('6526989490', '牛腩', '0200', '斤', 30.00, '9cd34fa2-65da-4503-9a22-4979185f3c52.png', '');
INSERT INTO `product` VALUES ('6564333307', '冻鸡胸', '0200', '斤', 8.50, '4a7290e1-c54a-48d9-8263-c58894e5f85d.png', '');
INSERT INTO `product` VALUES ('6647557457', '糯米粉', '0400', '斤', 4.50, '71e00e74-5732-459a-a460-9f8afc027b46.png', '');
INSERT INTO `product` VALUES ('6668349642', '黄金鱼蛋', '0200', '斤', 9.00, '5268cee7-e627-47a0-bf07-907ae7af3ccf.png', '');
INSERT INTO `product` VALUES ('6865217141', '鸡腿', '0200', '斤', 9.00, '7b704480-5d87-4ed0-a490-91264c06f869.png', '');
INSERT INTO `product` VALUES ('6872724399', '东莞米粉', '0400', '斤', 35.00, 'cf261a8d-b023-45e6-b1d1-87825336bcbe.png', '实用');
INSERT INTO `product` VALUES ('6898673996', '生肉丸', '0200', '斤', 18.00, 'f6d82f90-c4c6-41ed-9071-72fdb558277d.png', '');
INSERT INTO `product` VALUES ('6912962156', '剥皮蒜米', '0100', '斤', 3.50, '47add592-5d8c-461b-800d-4f829316cd3e.png', '');
INSERT INTO `product` VALUES ('6949650672', '龙豆', '0100', '斤', 1.00, 'f88f087e-40da-4f0b-9a9c-c8b36613a515.png', '');
INSERT INTO `product` VALUES ('7043470353', '西芹', '0100', '斤', 1.10, 'd84aa257-c088-4224-a10e-79bc42828e42.png', '');
INSERT INTO `product` VALUES ('7045094024', '小包阳江豆豉', '0500', '包', 15.00, '08b141b5-116c-4b00-90af-a36d60294613.png', '');
INSERT INTO `product` VALUES ('7061651843', '水白菜', '0100', '斤', 0.85, '13c77953-fdb9-4c8d-855a-3e0c589946f1.png', '');
INSERT INTO `product` VALUES ('7086896795', '小黄姜', '0100', '斤', 4.00, '7b38ff8c-bddc-410c-b12b-ef5071162802.png', '');
INSERT INTO `product` VALUES ('7103127704', '皮县豆瓣酱', '0500', '罐', 45.00, '9576d878-2c0e-4414-9dcc-0fd0b46c467a.png', '');
INSERT INTO `product` VALUES ('7111113768', '厨邦生抽', '0400', '瓶', 12.00, 'c8d63837-502e-4cfe-9963-5d80e7d0790c.png', '');
INSERT INTO `product` VALUES ('7141162769', '海天蚝油', '0400', '瓶', 12.00, '954564a9-6601-403f-9f9c-5660dbef45b0.png', '');
INSERT INTO `product` VALUES ('7161453628', '皮蛋', '0500', '斤', 1.00, '9831e61e-b45b-4c20-81af-29be1e2a47f2.png', '实惠');
INSERT INTO `product` VALUES ('7274691547', '大骨', '0200', '斤', 12.00, 'f8aed10e-1e77-4471-bbb9-6ab7402f71a8.png', '');
INSERT INTO `product` VALUES ('7289610944', '军杰剁椒', '0400', '件', 35.00, 'c3364289-1826-4d51-9423-3cd43d3fa4ae.png', '');
INSERT INTO `product` VALUES ('7325831945', '香干', '0500', '斤', 2.50, '21ce8074-4a13-424b-807d-020b59883de3.png', '');
INSERT INTO `product` VALUES ('7384054974', '前腿肉', '0200', '千克', 11.50, '50297432-b741-4836-9bab-8da47742e374.png', '实惠');
INSERT INTO `product` VALUES ('7546287244', '大碗面', '0400', '箱', 22.00, '1f1459a3-16b6-4f97-bc9f-706e2e71e02d.png', '实惠');
INSERT INTO `product` VALUES ('7579304373', '香葱排骨面', '0400', '箱', 23.00, 'fdccba23-e7c9-4345-a7a4-434080fd7e96.png', '实惠');
INSERT INTO `product` VALUES ('7593881042', '萝卜干', '0500', '斤', 5.00, 'b9d15c48-78d6-4d04-a794-9ad333d45686.png', '');
INSERT INTO `product` VALUES ('7615368955', '盐/袋', '0400', '袋', 65.00, 'af24607e-cc52-4190-ab2b-feb415238619.png', '');
INSERT INTO `product` VALUES ('7615750388', '指天椒', '0100', '斤', 7.00, '5510cb37-e947-40a0-b2ae-a1085a20e1c7.png', '');
INSERT INTO `product` VALUES ('7649649933', '茉莉香', '0400', '50斤', 150.00, '19379ca7-0f56-4700-8db0-a97fe556b33c.png', '');
INSERT INTO `product` VALUES ('7671914417', '笋干', '0500', '斤', 4.50, 'aeea65ee-490b-4578-9142-9aec635c9f4c.png', '');
INSERT INTO `product` VALUES ('7749739543', '猪肺', '0200', '斤', 5.00, '45b6a595-20b4-4cc0-a3ad-17b9d6eb5aa0.png', '');
INSERT INTO `product` VALUES ('7797066007', '十三香', '0500', '盒', 3.00, '5e930340-fc55-4a2e-b4b1-712be809808a.png', '');
INSERT INTO `product` VALUES ('7838987258', '韭菜小条', '0100', '斤', 3.00, '449b7e63-358a-4d9f-bf20-25b6cf5373fc.png', '');
INSERT INTO `product` VALUES ('7843854261', '冻尾骨', '0200', '斤', 8.50, '7d9760e7-077e-44e0-bf89-279201c88a00.png', '');
INSERT INTO `product` VALUES ('7862046815', '芥菜', '0100', '斤', 1.20, 'b914fbdc-bb17-4a2e-bc04-d15915ec7b9c.png', '');
INSERT INTO `product` VALUES ('7863849544', '蒜苗', '0100', '斤', 1.30, '42cc875a-a998-4850-9ed0-39dd71977a92.png', '');
INSERT INTO `product` VALUES ('7883073348', '瘦肉', '0200', '千克', 11.50, '03531ed2-1962-4ce1-8a5a-2dbe24bd81ee.png', '实惠');
INSERT INTO `product` VALUES ('7945139022', '红油萝卜丁', '0500', '斤', 15.00, '8d69cac5-a82a-4079-bcc4-f77c184d3aa1.png', '');
INSERT INTO `product` VALUES ('7963058637', '干辣椒', '0400', '斤', 10.00, '46ea9c76-86d5-4773-bea4-52fd4ee4913f.png', '');
INSERT INTO `product` VALUES ('7963974750', '菜干', '0500', '斤', 8.00, '101ce32f-365a-4862-b75d-96a8f397c02c.png', '');
INSERT INTO `product` VALUES ('8012263384', '山西陈醋', '0400', '件', 40.00, '9618e7d0-f877-4dd9-a5ea-aa5040206d8c.png', '');
INSERT INTO `product` VALUES ('8034228775', '双蒸酒', '0400', '件', 112.00, '931baef1-be9f-435b-ba2e-dcf1c7dc015a.png', '');
INSERT INTO `product` VALUES ('8094580699', '花生米', '0500', '斤', 6.00, '9e541267-9e6a-4b34-a86d-7a1c969f2774.png', '');
INSERT INTO `product` VALUES ('8102038698', '火腿-大', '0500', '包', 18.00, '572321f6-6f34-45b9-ae52-b7e6340e0270.png', '');
INSERT INTO `product` VALUES ('8147104681', '豆瓣酱', '0500', '斤', 25.00, '39638689-1613-4067-a9bd-82d6d2acaa64.png', '');
INSERT INTO `product` VALUES ('8210958178', '带鱼小条', '0300', '斤', 6.50, '40321264-92c8-4bbb-bbfd-37b1f72b4761.png', '');
INSERT INTO `product` VALUES ('8296971819', '大葱', '0100', '斤', 0.90, 'd61a9d17-bed6-450c-9022-2fbb5cbc00c7.png', '');
INSERT INTO `product` VALUES ('8309122901', '鸡翅', '0200', '斤', 13.00, '5053ef27-dd05-4180-a5d8-4ab87b64a3a9.png', '');
INSERT INTO `product` VALUES ('8333595391', '军杰泡椒', '0400', '件', 35.00, 'f1a00a7f-bb0e-4f9a-b4dc-bf76abbdbe73.png', '');
INSERT INTO `product` VALUES ('8341043567', '帮厨鸡精', '0400', '袋', 23.00, '690986bd-8719-466d-831e-bfdff6a2c210.png', '');
INSERT INTO `product` VALUES ('8429230840', '鹅肠', '0200', '斤', 6.00, '5ed8dba3-f3a2-4706-823a-a08543b40e13.png', '');
INSERT INTO `product` VALUES ('8457579240', '黄豆芽', '0100', '斤', 0.90, 'a0543bae-5b21-4f10-9f7a-6776ed120e56.png', '');
INSERT INTO `product` VALUES ('8493807360', '广东丝瓜', '0100', '斤', 3.00, 'fc357955-982d-40e1-b869-419da78caa87.png', '');
INSERT INTO `product` VALUES ('8507256892', '鸭肾', '0200', '斤', 15.50, 'bbfb78af-6e32-48ee-81e5-83cdcc14fb50.png', '');
INSERT INTO `product` VALUES ('8512527513', '红薯粉', '0400', '斤', 4.00, '29028426-6d63-4b6a-950c-adf6ff79f009.png', '');
INSERT INTO `product` VALUES ('8559706225', '猪心', '0200', '斤', 16.00, '6ef394be-f70e-42f8-949c-688116ddb189.png', '');
INSERT INTO `product` VALUES ('8596776390', '小肠', '0200', '斤', 9.00, 'e933a1ba-9062-4d09-896c-5187ea1ee3fd.png', '');
INSERT INTO `product` VALUES ('8614319524', '白壳土鸡蛋', '0200', '箱', 260.00, 'a8b073bd-3273-45a5-ab7c-32fd501ebc8d.png', '');
INSERT INTO `product` VALUES ('8620607666', '玉米粒', '0100', '斤', 3.50, 'f70af062-d0a1-4e77-b1e2-8ae7c814c707.png', '');
INSERT INTO `product` VALUES ('8641947894', '带皮大蒜', '0100', '斤', 4.50, '20db42bb-8106-42bd-905c-c77294426798.png', '');
INSERT INTO `product` VALUES ('8726765162', '冬瓜-吊', '0100', '斤', 1.20, '19aeda5d-dfc7-4abb-bb2f-1d474ad87df5.png', '');
INSERT INTO `product` VALUES ('8764267383', '白萝卜', '0100', '斤', 0.80, '9e2b3080-bfde-4e88-89a1-fd9c1a6dfabd.png', '');
INSERT INTO `product` VALUES ('8774791780', '大肠', '0200', '斤', 10.00, 'edddd566-51f8-431d-affb-704ab4d1752e.png', '');
INSERT INTO `product` VALUES ('8985870590', '老姜', '0100', '斤', 4.00, '3a452b7c-7844-4062-8db0-82a5c0cc88f7.png', '');
INSERT INTO `product` VALUES ('9001062832', '后腿肉', '0200', '千克', 11.50, '765de028-48c7-450c-b58f-7ec26ed96a13.png', '实惠');
INSERT INTO `product` VALUES ('9004622336', '长白菜', '0100', '斤', 0.80, 'fac82869-af73-4170-9308-f9177440ac0a.png', '');
INSERT INTO `product` VALUES ('9012657274', '头骨', '0200', '斤', 4.00, '32c0821d-6259-4537-87a7-e384680b5d1a.png', '');
INSERT INTO `product` VALUES ('9017134824', '鸡爪', '0200', '斤', 13.00, '66d36666-4edc-45a9-a7cd-8711f0350775.png', '');
INSERT INTO `product` VALUES ('9084077863', '辣椒粉', '0400', '斤', 8.00, '454a7e18-b45d-49e2-a590-b0a5b8e9b712.png', '');
INSERT INTO `product` VALUES ('9098838391', '白皮洋葱', '0100', '斤', 1.10, 'dd9392ba-5209-4f1e-8b4a-78674e985671.png', '');
INSERT INTO `product` VALUES ('9266709676', '奶白菜', '0100', '斤', 1.00, '58602fce-dcdd-48d1-b2cc-f49bb0b5f0f5.png', '');
INSERT INTO `product` VALUES ('9269385462', '一级大豆油', '0400', '20L', 165.00, '960874ba-e68e-4e58-8a12-1c096c96e1f3.png', '实惠');
INSERT INTO `product` VALUES ('9293911524', '红尖椒', '0100', '斤', 2.50, '4a005331-af76-42a8-98d6-91fc9ea4465e.png', '');
INSERT INTO `product` VALUES ('9324935106', '圆椒', '0100', '斤', 1.20, 'e90a459c-c7da-486a-9b2d-9275366afdf8.png', '');
INSERT INTO `product` VALUES ('9332182245', '味事达酱油', '0400', '瓶', 3.00, 'eba7b6a6-c0b0-4f69-9bf6-38eba7f95be8.png', '');
INSERT INTO `product` VALUES ('9352724164', '猪耳', '0200', '斤', 17.00, 'ceef61e5-e6e1-4dc2-8ae8-5850ae7ab460.png', '');
INSERT INTO `product` VALUES ('9409057759', '水丝瓜', '0100', '斤', 2.50, '5a4e7a6a-5434-455e-b477-fe02e05b6305.png', '');
INSERT INTO `product` VALUES ('9442631342', '薏米', '0500', '斤', 5.00, 'e3d169c5-d425-48e7-a47d-9213d52af974.png', '');
INSERT INTO `product` VALUES ('9491454388', '味精粉', '0400', '斤', 6.00, 'feac155c-4fee-4d9c-b2a4-d528ab708042.png', '');
INSERT INTO `product` VALUES ('9591999672', '党参', '0500', '斤', 50.00, '85677360-fa6b-442a-985d-bc7c29e0ccce.png', '');
INSERT INTO `product` VALUES ('9680295770', '胡萝卜', '0100', '斤', 1.00, '2351151c-7fc3-435a-b1fd-d4f0daf86ffd.png', '');
INSERT INTO `product` VALUES ('9755692256', '生香菇', '0500', '斤', 3.50, '26b7d27a-3b2b-4028-ba7a-76d4faf61a70.png', '');
INSERT INTO `product` VALUES ('9908727289', '平菇', '0500', '斤', 3.00, '8f514d8d-4ecb-4821-99f8-c7b78f61f5ad.png', '');
INSERT INTO `product` VALUES ('9914435668', '去皮莴笋', '0100', '斤', 2.40, '86138593-3173-45f0-a898-5eabbc1e4bcc.png', '');
INSERT INTO `product` VALUES ('9970027287', '五花肉', '0200', '千克', 11.00, 'ad781a3b-a6fc-43cc-b613-02023901e7b9.png', '实惠');
COMMIT;

-- ----------------------------
-- Table structure for role
-- ----------------------------
DROP TABLE IF EXISTS `role`;
CREATE TABLE `role` (
  `id` varchar(11) NOT NULL,
  `name` varchar(50) DEFAULT '',
  `bperm` int(11) DEFAULT '0' COMMENT '购买权限，游客无法购买，默认为0',
  `mperm` int(11) DEFAULT '0' COMMENT '管理权限，默认为0（无权限）',
  PRIMARY KEY (`id`) USING BTREE
) ENGINE=InnoDB DEFAULT CHARSET=utf8;

-- ----------------------------
-- Table structure for station
-- ----------------------------
DROP TABLE IF EXISTS `station`;
CREATE TABLE `station` (
  `id` varchar(11) NOT NULL,
  `name` varchar(100) DEFAULT NULL,
  `location` varchar(255) DEFAULT NULL,
  `location_ip` varchar(255) DEFAULT NULL,
  `s_phone` varchar(255) DEFAULT NULL COMMENT '取货点的固定电话',
  `note` varchar(255) NOT NULL,
  `contact1` varchar(255) DEFAULT NULL,
  `phone1` varchar(255) DEFAULT NULL,
  `contact2` varchar(255) NOT NULL,
  `phone2` varchar(255) NOT NULL,
  `contact3` varchar(255) NOT NULL,
  `phone3` varchar(255) NOT NULL,
  PRIMARY KEY (`id`)
) ENGINE=InnoDB DEFAULT CHARSET=utf8;

SET FOREIGN_KEY_CHECKS = 1;
